,date,tavg,tmin,tmax,prcp,pres,tsun,city
0,1/1/2020,24.9,19.2,29.9,0.0,1013.4,13800.0,Mumbai
1,2/1/2020,27.3,21.0,32.6,0.0,1012.7,11220.0,Mumbai
2,3/1/2020,27.7,22.6,31.9,0.0,1011.2,12900.0,Mumbai
3,4/1/2020,30.2,26.4,33.9,0.0,1009.6,14220.0,Mumbai
4,5/1/2020,31.1,28.6,34.0,0.0,1007.3,15960.0,Mumbai
5,6/1/2020,29.2,26.0,32.3,525.0,1003.7,8340.0,Mumbai
6,7/1/2020,28.1,25.4,30.5,1501.9,1003.2,4620.0,Mumbai
7,8/1/2020,27.6,25.0,29.6,826.5,1003.3,2760.0,Mumbai
8,9/1/2020,28.4,25.3,31.4,320.0,1005.6,7080.0,Mumbai
9,10/1/2020,29.2,25.6,32.7,224.0,1007.3,7920.0,Mumbai
10,11/1/2020,28.7,23.1,33.9,0.0,1011.8,12720.0,Mumbai
11,12/1/2020,26.6,20.8,32.3,25.0,1012.0,11400.0,Mumbai
12,1/1/2021,25.9,20.5,30.9,1.0,1011.1,11100.0,Mumbai
13,2/1/2021,27.3,21.4,32.9,0.0,1012.1,11280.0,Mumbai
14,3/1/2021,29.7,23.9,35.0,0.0,1010.0,13200.0,Mumbai
15,4/1/2021,30.0,26.2,33.6,0.0,1009.1,13620.0,Mumbai
16,5/1/2021,30.7,27.8,33.8,154.4,1005.5,12000.0,Mumbai
17,6/1/2021,28.6,25.5,31.5,317.0,1005.3,6360.0,Mumbai
18,7/1/2021,28.6,25.7,30.8,773.9,1003.8,4800.0,Mumbai
19,8/1/2021,27.8,25.1,30.0,295.1,1006.3,5520.0,Mumbai
20,9/1/2021,27.7,24.8,30.1,436.9,1005.1,5820.0,Mumbai
21,10/1/2021,29.4,25.2,33.5,31.8,1008.6,13620.0,Mumbai
22,11/1/2021,29.5,25.0,34.1,50.1,1009.2,12720.0,Mumbai
23,12/1/2021,25.8,21.0,30.6,103.3,1013.3,10080.0,Mumbai
24,1/1/2022,24.5,19.3,29.3,9.6,1012.9,11940.0,Mumbai
25,2/1/2022,25.3,19.3,30.5,0.0,1011.3,14220.0,Mumbai
26,3/1/2022,30.0,24.7,34.9,0.1,1008.9,9240.0,Mumbai
27,4/1/2022,30.6,26.8,34.5,0.0,1008.0,12120.0,Mumbai
28,5/1/2022,30.9,28.8,34.0,7.0,1005.7,13080.0,Mumbai
29,6/1/2022,29.3,26.6,32.9,298.3,1004.4,7860.0,Mumbai
30,7/1/2022,27.8,25.3,29.8,1185.2,1004.0,3060.0,Mumbai
31,8/1/2022,27.7,25.1,30.3,550.9,1004.2,5160.0,Mumbai
32,9/1/2022,27.5,24.7,30.2,528.4,1006.6,5700.0,Mumbai
33,10/1/2022,28.4,24.5,32.4,165.5,1009.8,11700.0,Mumbai
34,11/1/2022,27.9,21.9,33.6,0.0,1011.7,12180.0,Mumbai
35,12/1/2022,27.3,21.8,32.5,6.2,1011.4,10680.0,Mumbai
36,1/1/2023,24.4,18.7,29.5,0.0,1013.4,11520.0,Mumbai
37,2/1/2023,28.1,20.6,34.2,0.0,1012.4,13980.0,Mumbai
38,3/1/2023,28.9,23.6,33.5,21.0,1011.2,12120.0,Mumbai
39,4/1/2023,30.0,25.8,33.8,15.3,1009.0,14220.0,Mumbai
40,5/1/2023,30.8,28.3,33.6,0.6,1008.8,17220.0,Mumbai
41,6/1/2023,30.4,27.8,33.7,561.1,1005.7,11460.0,Mumbai
42,7/1/2023,27.8,25.3,29.4,1768.9,1004.7,1680.0,Mumbai
43,8/1/2023,28.6,26.3,30.8,187.3,1007.9,7140.0,Mumbai
44,9/1/2023,28.2,25.2,31.0,483.8,1006.6,6660.0,Mumbai
45,10/1/2023,30.2,25.8,34.5,13.0,1011.0,10200.0,Mumbai
46,11/1/2023,29.4,24.3,34.4,7.1,1011.7,11040.0,Mumbai
47,12/1/2023,27.9,22.8,32.9,0.0,1012.3,10140.0,Mumbai
48,1/1/2024,26.3,19.9,31.3,1.1,1013.2,12240.0,Mumbai
49,2/1/2024,27.1,20.6,32.6,0.0,1013.5,14700.0,Mumbai
50,3/1/2024,28.3,23.2,32.8,0.1,1011.9,14340.0,Mumbai
51,4/1/2024,30.7,26.6,34.7,0.0,1008.2,14340.0,Mumbai
53,6/1/2024,29.7,27.2,33.2,351.3,1004.0,6780.0,Mumbai
54,7/1/2024,27.5,25.3,29.8,1663.8,1002.1,1020.0,Mumbai
55,8/1/2024,28.2,26.3,30.9,390.5,1005.7,5700.0,Mumbai
56,9/1/2024,27.7,25.2,30.6,659.3,1006.5,8040.0,Mumbai
57,10/1/2024,29.3,25.6,33.3,112.0,1008.8,11040.0,Mumbai
58,11/1/2024,28.4,22.6,34.1,0.5,1011.2,10560.0,Mumbai
59,12/1/2024,26.2,20.6,32.0,0.0,1011.7,8040.0,Mumbai
60,1/1/2025,26.2,20.0,32.2,0.0,1011.9,11100.0,Mumbai
61,2/1/2025,28.0,21.2,34.0,0.0,1012.2,13560.0,Mumbai
62,3/1/2025,29.3,24.2,34.4,0.0,1010.0,13680.0,Mumbai
63,4/1/2025,30.2,26.7,34.1,0.0,1008.2,13800.0,Mumbai
64,5/1/2025,29.5,25.8,32.9,237.0,1005.0,10140.0,Mumbai
65,6/1/2025,28.6,26.2,31.4,510.9,1003.6,5460.0,Mumbai
66,7/1/2025,28.1,26.0,30.0,801.7,1003.5,2760.0,Mumbai
67,8/1/2025,27.4,25.5,29.5,1098.0,1005.7,4500.0,Mumbai
68,9/1/2025,27.0,25.4,29.0,480.7,1007.2,4020.0,Mumbai
69,10/1/2025,29.1,26.3,32.8,170.2,1008.0,10800.0,Mumbai
70,11/1/2025,27.8,24.3,32.0,9.2,1012.5,11880.0,Mumbai
71,12/1/2025,27.0,22.8,32.1,0.0,1012.9,11700.0,Mumbai
72,1/1/2020,13.7,8.0,19.5,48.0,1017.3,9420.0,Delhi
73,2/1/2020,17.0,9.9,24.1,2.0,1016.5,12120.0,Delhi
74,3/1/2020,21.6,15.0,28.2,109.0,1012.2,12420.0,Delhi
75,4/1/2020,27.7,20.1,35.3,14.0,1008.1,15420.0,Delhi
76,5/1/2020,31.9,24.4,39.5,21.0,1002.6,16080.0,Delhi
77,6/1/2020,32.6,26.7,38.5,82.0,998.9,13260.0,Delhi
78,7/1/2020,31.5,26.8,36.3,237.0,998.7,10740.0,Delhi
79,8/1/2020,30.6,26.6,34.6,237.0,998.3,9180.0,Delhi
80,9/1/2020,31.0,25.7,36.2,21.0,1002.6,13740.0,Delhi
81,10/1/2020,25.9,17.2,34.5,0.0,1008.0,13320.0,Delhi
82,11/1/2020,19.0,10.2,27.8,1.0,1016.3,6960.0,Delhi
83,12/1/2020,15.2,7.1,23.4,2.0,1016.7,8520.0,Delhi
84,1/1/2021,13.1,7.0,19.2,57.0,1016.0,6540.0,Delhi
85,2/1/2021,18.6,10.6,27.9,2.0,1014.2,12120.0,Delhi
87,4/1/2021,28.1,18.7,37.5,3.0,1007.1,13800.0,Delhi
88,5/1/2021,30.4,23.3,37.5,144.0,1003.1,11580.0,Delhi
89,6/1/2021,32.0,25.8,38.1,35.0,998.9,11700.0,Delhi
90,7/1/2021,31.4,26.4,36.5,507.0,998.1,10320.0,Delhi
91,8/1/2021,30.8,26.3,35.2,214.0,1000.5,9480.0,Delhi
92,9/1/2021,29.4,25.5,33.2,413.0,1003.7,9360.0,Delhi
93,10/1/2021,26.8,20.5,33.1,123.0,1008.6,15360.0,Delhi
94,11/1/2021,19.9,11.9,27.8,0.0,1013.7,10260.0,Delhi
95,12/1/2021,15.3,8.2,22.4,9.0,1018.2,7200.0,Delhi
96,1/1/2022,13.1,8.2,18.0,88.0,1016.3,3600.0,Delhi
97,2/1/2022,17.2,10.2,24.2,29.0,1013.3,12660.0,Delhi
98,3/1/2022,25.3,17.6,32.9,0.0,1009.0,14700.0,Delhi
99,4/1/2022,31.2,22.2,40.2,0.0,1004.2,13440.0,Delhi
100,5/1/2022,33.1,26.0,40.1,45.0,999.3,7260.0,Delhi
101,6/1/2022,33.7,27.2,40.1,25.0,997.9,9780.0,Delhi
102,7/1/2022,31.2,27.0,35.5,286.0,999.4,7980.0,Delhi
103,8/1/2022,30.4,26.4,34.4,41.0,1000.2,9660.0,Delhi
105,10/1/2022,24.9,18.5,31.4,128.0,1010.6,10500.0,Delhi
106,11/1/2022,20.5,12.3,28.7,0.0,1014.2,9000.0,Delhi
107,12/1/2022,15.5,7.5,23.4,0.0,1015.7,9660.0,Delhi
108,1/1/2023,13.2,6.6,19.7,20.0,1017.9,5340.0,Delhi
109,2/1/2023,19.5,11.2,27.7,0.0,1013.8,13380.0,Delhi
110,3/1/2023,23.6,16.2,30.9,54.0,1012.0,11400.0,Delhi
111,4/1/2023,27.3,19.4,35.3,16.0,1007.7,13740.0,Delhi
112,5/1/2023,29.6,22.4,36.8,86.0,1004.9,13740.0,Delhi
113,6/1/2023,31.5,25.9,37.1,101.0,999.0,11340.0,Delhi
114,7/1/2023,30.7,26.7,34.8,383.0,999.5,6240.0,Delhi
115,8/1/2023,31.1,26.8,35.4,106.0,1000.5,9420.0,Delhi
116,9/1/2023,30.4,25.3,35.6,83.0,1003.5,11040.0,Delhi
119,12/1/2023,16.3,8.6,24.1,0.0,1017.6,8520.0,Delhi
120,1/1/2024,12.3,6.6,18.1,0.0,1018.3,2460.0,Delhi
121,2/1/2024,16.7,9.3,24.1,32.0,1016.7,9840.0,Delhi
123,4/1/2024,28.9,20.7,37.0,7.0,1006.5,13860.0,Delhi
124,5/1/2024,33.9,26.5,41.4,4.0,1001.0,13860.0,Delhi
125,6/1/2024,34.7,28.8,40.6,244.0,997.7,8820.0,Delhi
127,8/1/2024,29.9,25.7,34.2,390.0,1001.0,8040.0,Delhi
128,9/1/2024,29.3,24.7,33.8,193.0,1003.3,7140.0,Delhi
129,10/1/2024,28.2,21.4,35.1,0.0,1009.1,12780.0,Delhi
130,11/1/2024,22.2,14.7,29.7,0.0,1014.3,2520.0,Delhi
131,12/1/2024,15.8,8.4,23.2,54.0,1016.8,2520.0,Delhi
132,1/1/2025,14.6,8.5,20.8,7.0,1016.6,7560.0,Delhi
133,2/1/2025,19.2,11.6,26.7,1.0,1014.7,10800.0,Delhi
134,3/1/2025,23.8,15.5,32.0,18.0,1010.7,15780.0,Delhi
135,4/1/2025,30.4,21.9,38.9,0.5,1005.0,13320.0,Delhi
136,5/1/2025,31.4,25.3,37.6,186.0,1001.4,10320.0,Delhi
137,6/1/2025,32.3,27.1,37.5,107.0,998.3,7980.0,Delhi
138,7/1/2025,30.3,26.1,34.5,259.0,997.4,6720.0,Delhi
139,8/1/2025,29.1,25.1,33.2,400.0,1001.4,5820.0,Delhi
140,9/1/2025,28.8,24.0,33.6,136.0,1004.0,12060.0,Delhi
141,10/1/2025,25.8,20.1,31.6,89.0,1010.1,9420.0,Delhi
142,11/1/2025,19.6,11.4,27.8,0.0,1015.5,8820.0,Delhi
143,12/1/2025,15.0,8.2,23.0,0.0,1017.1,7380.0,Delhi
144,1/1/2020,22.3,16.8,29.6,0.0,1016.1,12660.0,Bengaluru
145,2/1/2020,23.2,17.0,30.6,0.0,1016.3,14100.0,Bengaluru
146,3/1/2020,26.0,20.2,33.1,18.0,1014.0,14160.0,Bengaluru
147,4/1/2020,28.5,22.9,34.1,121.0,1012.7,12600.0,Bengaluru
148,5/1/2020,27.4,21.8,34.1,129.0,1010.3,10920.0,Bengaluru
149,6/1/2020,24.5,20.2,30.4,116.0,1009.8,6120.0,Bengaluru
150,7/1/2020,24.1,20.5,29.2,161.0,1009.3,5100.0,Bengaluru
151,8/1/2020,23.6,19.6,28.6,76.0,1010.0,3900.0,Bengaluru
152,9/1/2020,23.2,19.3,28.6,300.0,1010.3,4860.0,Bengaluru
153,10/1/2020,23.2,18.8,28.5,205.0,1011.0,7200.0,Bengaluru
154,11/1/2020,22.3,17.9,27.7,71.0,1014.9,9180.0,Bengaluru
155,12/1/2020,20.5,15.9,26.5,21.0,1015.4,9120.0,Bengaluru
156,1/1/2021,21.4,16.3,27.8,21.0,1014.7,8640.0,Bengaluru
157,2/1/2021,22.2,15.7,29.5,10.0,1015.5,12240.0,Bengaluru
158,3/1/2021,25.6,18.0,33.2,0.0,1013.3,14100.0,Bengaluru
159,4/1/2021,27.1,20.5,34.0,118.0,1011.9,9780.0,Bengaluru
160,5/1/2021,26.7,22.4,32.2,131.0,1010.0,11220.0,Bengaluru
161,6/1/2021,24.7,19.9,30.1,90.0,1010.7,7140.0,Bengaluru
162,7/1/2021,23.7,19.1,28.9,203.0,1009.8,4920.0,Bengaluru
163,8/1/2021,23.6,19.0,28.9,99.0,1011.0,5940.0,Bengaluru
164,9/1/2021,23.9,19.0,29.2,189.0,1010.6,6780.0,Bengaluru
165,10/1/2021,23.5,19.3,28.8,367.0,1012.0,6840.0,Bengaluru
166,11/1/2021,21.7,18.2,26.2,279.0,1012.5,3000.0,Bengaluru
167,12/1/2021,21.1,15.9,27.0,6.0,1016.6,7560.0,Bengaluru
168,1/1/2022,21.9,16.5,27.9,3.0,1015.5,9840.0,Bengaluru
169,2/1/2022,22.8,15.8,30.2,0.0,1014.9,12060.0,Bengaluru
170,3/1/2022,25.4,18.6,32.6,16.0,1013.3,9960.0,Bengaluru
171,4/1/2022,26.9,20.8,34.2,135.0,1012.6,11220.0,Bengaluru
172,5/1/2022,24.5,19.7,30.4,267.0,1010.0,8460.0,Bengaluru
173,6/1/2022,24.3,19.2,29.9,280.0,1010.5,7740.0,Bengaluru
174,7/1/2022,23.2,18.9,28.2,105.9,1010.0,4020.0,Bengaluru
175,8/1/2022,23.7,19.1,28.5,366.7,1009.8,4740.0,Bengaluru
176,9/1/2022,23.4,18.8,28.7,298.8,1011.8,6420.0,Bengaluru
177,10/1/2022,22.9,18.1,27.8,238.9,1013.8,6420.0,Bengaluru
178,11/1/2022,21.6,17.0,26.7,74.8,1015.5,6240.0,Bengaluru
179,12/1/2022,21.2,16.7,27.0,73.0,1015.5,7620.0,Bengaluru
180,1/1/2023,20.3,15.2,27.6,0.5,1017.4,12000.0,Bengaluru
181,2/1/2023,22.6,16.2,30.3,0.0,1016.8,13920.0,Bengaluru
182,3/1/2023,24.6,18.5,31.4,46.3,1015.6,11520.0,Bengaluru
183,4/1/2023,27.7,21.3,35.0,88.4,1011.8,11700.0,Bengaluru
184,5/1/2023,26.7,20.7,33.9,151.6,1012.0,10080.0,Bengaluru
185,6/1/2023,25.2,19.7,30.8,93.3,1011.9,7980.0,Bengaluru
186,7/1/2023,23.3,19.3,28.6,83.8,1012.1,3480.0,Bengaluru
187,8/1/2023,24.9,20.0,30.5,53.8,1014.2,9600.0,Bengaluru
189,10/1/2023,24.4,19.5,30.1,111.1,1016.2,9960.0,Bengaluru
190,11/1/2023,23.2,18.1,28.6,92.9,1016.8,8160.0,Bengaluru
191,12/1/2023,21.9,17.2,28.5,11.1,1017.1,7260.0,Bengaluru
192,1/1/2024,22.0,16.3,29.2,10.0,1018.0,10500.0,Bengaluru
193,2/1/2024,24.2,17.0,31.6,0.0,1018.5,13920.0,Bengaluru
194,3/1/2024,27.3,19.9,34.0,0.0,1015.5,12840.0,Bengaluru
195,4/1/2024,29.4,22.9,36.7,0.1,1013.1,13080.0,Bengaluru
198,7/1/2024,24.1,21.1,28.1,122.3,1011.0,2640.0,Bengaluru
199,8/1/2024,25.2,22.0,29.3,229.0,1011.7,6300.0,Bengaluru
200,9/1/2024,25.2,21.4,29.6,24.0,1012.0,8040.0,Bengaluru
201,10/1/2024,24.7,21.3,29.2,287.4,1014.1,6180.0,Bengaluru
202,11/1/2024,23.7,20.2,27.7,39.9,1015.8,7500.0,Bengaluru
203,12/1/2024,22.9,19.4,27.1,96.0,1015.3,7320.0,Bengaluru
204,1/1/2025,21.3,16.6,27.4,3.5,1017.1,12300.0,Bengaluru
205,2/1/2025,23.8,16.8,30.9,0.0,1017.6,14640.0,Bengaluru
206,3/1/2025,26.3,20.1,32.9,12.0,1014.1,13740.0,Bengaluru
207,4/1/2025,26.9,21.8,32.8,32.0,1014.1,10620.0,Bengaluru
208,5/1/2025,25.1,21.2,30.1,141.9,1011.2,8160.0,Bengaluru
209,6/1/2025,24.3,20.9,29.0,78.6,1011.8,6720.0,Bengaluru
210,7/1/2025,23.2,20.3,27.6,154.2,1011.7,6660.0,Bengaluru
211,8/1/2025,23.1,20.4,27.4,177.3,1012.7,4260.0,Bengaluru
212,9/1/2025,23.5,20.3,28.0,117.1,1013.2,4860.0,Bengaluru
213,10/1/2025,23.4,20.4,27.7,127.0,1014.3,7140.0,Bengaluru
214,11/1/2025,22.1,18.6,26.8,23.0,1017.2,6600.0,Bengaluru
215,12/1/2025,20.7,16.3,26.6,1.0,1017.3,11460.0,Bengaluru
216,1/1/2020,19.2,12.3,26.1,0.0,1015.5,14100.0,Ahmedabad
217,2/1/2020,23.1,15.3,30.8,0.0,1014.6,17220.0,Ahmedabad
218,3/1/2020,26.5,19.2,33.7,13.0,1011.2,17640.0,Ahmedabad
220,5/1/2020,35.3,28.0,42.6,0.0,1005.0,21360.0,Ahmedabad
222,7/1/2020,31.1,26.8,35.5,210.0,1000.7,11220.0,Ahmedabad
224,9/1/2020,30.3,26.2,34.3,119.0,1004.6,12060.0,Ahmedabad
225,10/1/2020,29.9,23.6,36.2,1.0,1007.6,17340.0,Ahmedabad
226,11/1/2020,24.9,17.1,32.6,0.0,1014.0,16500.0,Ahmedabad
227,12/1/2020,22.3,14.9,29.7,1.0,1014.3,15420.0,Ahmedabad
228,1/1/2021,20.5,13.0,27.9,0.0,1013.2,14940.0,Ahmedabad
230,3/1/2021,29.1,20.3,38.0,0.0,1010.3,18420.0,Ahmedabad
231,4/1/2021,32.7,24.8,40.7,0.0,1008.1,18540.0,Ahmedabad
232,5/1/2021,33.5,27.5,39.5,139.0,1003.9,17580.0,Ahmedabad
233,6/1/2021,31.9,27.0,36.8,148.0,1002.4,13740.0,Ahmedabad
234,7/1/2021,30.9,27.0,34.8,171.0,1000.5,8340.0,Ahmedabad
235,8/1/2021,30.1,26.2,33.9,47.0,1003.9,7560.0,Ahmedabad
236,9/1/2021,29.0,25.7,32.3,201.0,1002.9,5340.0,Ahmedabad
237,10/1/2021,28.8,23.0,34.6,8.0,1009.2,15840.0,Ahmedabad
238,11/1/2021,25.5,17.8,33.3,0.0,1011.8,14460.0,Ahmedabad
239,12/1/2021,21.3,14.6,27.9,5.0,1015.8,13560.0,Ahmedabad
240,1/1/2022,19.5,12.3,26.7,4.0,1014.7,16020.0,Ahmedabad
241,2/1/2022,23.3,14.4,32.1,0.0,1012.0,16740.0,Ahmedabad
242,3/1/2022,29.8,21.4,38.2,0.0,1009.5,17460.0,Ahmedabad
243,4/1/2022,33.7,25.4,42.1,0.0,1006.7,18420.0,Ahmedabad
244,5/1/2022,35.4,28.1,42.6,0.0,1002.9,18360.0,Ahmedabad
245,6/1/2022,34.1,27.8,40.4,17.0,1001.7,14940.0,Ahmedabad
246,7/1/2022,29.5,25.9,33.0,565.0,1001.2,6120.0,Ahmedabad
247,8/1/2022,29.0,25.7,32.4,208.0,1001.6,6780.0,Ahmedabad
248,9/1/2022,29.9,25.6,34.2,54.0,1005.5,12480.0,Ahmedabad
249,10/1/2022,28.7,22.1,35.2,14.0,1010.4,16860.0,Ahmedabad
250,11/1/2022,25.1,16.9,33.4,0.0,1013.6,16980.0,Ahmedabad
251,12/1/2022,23.0,15.8,30.3,0.0,1013.6,15420.0,Ahmedabad
252,1/1/2023,19.9,12.7,27.1,1.0,1015.7,16380.0,Ahmedabad
253,2/1/2023,24.3,14.5,34.1,0.0,1014.2,19080.0,Ahmedabad
254,3/1/2023,28.1,20.5,35.7,10.0,1011.3,16560.0,Ahmedabad
255,4/1/2023,31.7,24.6,38.8,3.0,1008.4,17520.0,Ahmedabad
256,5/1/2023,33.8,26.7,40.9,68.0,1006.6,19860.0,Ahmedabad
257,6/1/2023,32.1,27.4,36.8,170.0,1003.0,11280.0,Ahmedabad
258,7/1/2023,30.1,26.6,33.7,409.0,1001.4,4920.0,Ahmedabad
259,8/1/2023,29.5,26.1,33.0,36.0,1004.9,5280.0,Ahmedabad
260,9/1/2023,30.1,26.0,34.2,195.0,1004.8,9600.0,Ahmedabad
261,10/1/2023,29.5,22.8,36.1,1.0,1011.6,17160.0,Ahmedabad
262,11/1/2023,25.9,19.1,32.8,31.0,1013.7,13080.0,Ahmedabad
263,12/1/2023,22.8,17.1,28.5,0.0,1015.0,13020.0,Ahmedabad
264,1/1/2024,21.1,14.2,28.0,0.0,1015.3,14640.0,Ahmedabad
265,2/1/2024,24.3,17.5,31.0,0.0,1014.6,15360.0,Ahmedabad
266,3/1/2024,28.0,20.4,35.6,0.0,1011.8,18420.0,Ahmedabad
267,4/1/2024,32.7,26.1,39.2,0.0,1007.7,16260.0,Ahmedabad
268,5/1/2024,35.9,29.0,42.8,7.0,1003.7,18900.0,Ahmedabad
269,6/1/2024,34.5,28.8,40.1,145.0,1001.2,14100.0,Ahmedabad
270,7/1/2024,30.3,27.0,33.6,312.0,998.6,4560.0,Ahmedabad
271,8/1/2024,29.1,26.0,32.1,471.0,1002.7,4500.0,Ahmedabad
272,9/1/2024,29.5,25.9,33.2,190.0,1005.0,9180.0,Ahmedabad
276,1/1/2025,21.9,14.8,29.0,0.0,1014.3,15900.0,Ahmedabad
277,2/1/2025,25.1,17.3,32.8,0.0,1013.6,16380.0,Ahmedabad
278,3/1/2025,29.1,20.9,37.4,0.0,1010.7,19200.0,Ahmedabad
279,4/1/2025,33.6,25.5,41.7,0.0,1006.7,19320.0,Ahmedabad
280,5/1/2025,33.0,27.4,38.6,115.0,1002.7,16020.0,Ahmedabad
281,6/1/2025,31.6,27.1,36.1,250.0,1000.5,8880.0,Ahmedabad
282,7/1/2025,29.7,26.5,32.9,248.0,1000.3,3180.0,Ahmedabad
283,8/1/2025,29.5,26.0,33.1,298.0,1003.2,6720.0,Ahmedabad
284,9/1/2025,29.5,25.6,33.3,185.0,1005.3,9780.0,Ahmedabad
285,10/1/2025,28.3,23.2,33.5,42.0,1009.4,12720.0,Ahmedabad
286,11/1/2025,24.3,17.9,30.8,7.0,1014.4,13980.0,Ahmedabad
287,12/1/2025,22.7,15.5,30.0,0.0,1015.5,15420.0,Ahmedabad
288,1/1/2020,24.1,18.5,29.8,39.0,1013.7,14700.0,Hyderabad
289,2/1/2020,25.2,19.0,31.4,4.0,1013.4,14700.0,Hyderabad
290,3/1/2020,28.4,22.2,34.6,24.0,1010.1,14880.0,Hyderabad
291,4/1/2020,31.5,25.0,37.9,21.0,1007.9,15060.0,Hyderabad
292,5/1/2020,33.5,27.2,39.8,42.0,1004.1,15900.0,Hyderabad
293,6/1/2020,29.3,24.5,34.0,225.0,1002.8,10740.0,Hyderabad
294,7/1/2020,27.5,23.3,31.7,129.0,1003.3,8640.0,Hyderabad
295,8/1/2020,26.1,22.7,29.5,250.0,1003.4,7140.0,Hyderabad
296,9/1/2020,27.2,23.0,31.4,204.0,1004.7,8280.0,Hyderabad
297,10/1/2020,26.1,21.3,30.8,401.0,1006.7,10200.0,Hyderabad
298,11/1/2020,24.1,17.9,30.3,9.0,1013.1,13560.0,Hyderabad
299,12/1/2020,22.5,15.3,29.6,0.0,1013.5,16320.0,Hyderabad
300,1/1/2021,24.4,18.6,30.2,2.0,1012.1,14100.0,Hyderabad
301,2/1/2021,24.3,17.4,31.3,6.0,1012.6,14940.0,Hyderabad
302,3/1/2021,28.8,21.3,36.3,0.0,1009.3,15480.0,Hyderabad
303,4/1/2021,31.0,24.6,37.4,28.0,1006.9,13800.0,Hyderabad
304,5/1/2021,31.5,25.6,37.3,35.0,1004.2,15540.0,Hyderabad
305,6/1/2021,28.4,23.8,33.0,158.0,1003.9,9600.0,Hyderabad
306,7/1/2021,26.7,23.1,30.4,326.0,1002.4,7140.0,Hyderabad
307,8/1/2021,27.1,23.1,31.1,142.0,1004.5,9000.0,Hyderabad
308,9/1/2021,26.3,22.6,29.9,220.0,1004.4,7740.0,Hyderabad
309,10/1/2021,26.7,21.4,31.9,165.0,1008.1,13740.0,Hyderabad
310,11/1/2021,25.1,20.4,29.7,9.0,1010.5,8520.0,Hyderabad
311,12/1/2021,23.3,16.8,29.7,0.0,1014.3,13560.0,Hyderabad
312,1/1/2022,23.1,17.0,29.3,4.0,1012.7,13860.0,Hyderabad
313,2/1/2022,25.1,18.1,32.0,0.0,1011.1,14940.0,Hyderabad
314,3/1/2022,29.3,22.2,36.3,0.0,1007.9,13620.0,Hyderabad
316,5/1/2022,32.1,26.2,38.1,81.0,1001.9,14580.0,Hyderabad
317,6/1/2022,30.3,24.7,35.9,85.0,1002.3,10320.0,Hyderabad
318,7/1/2022,25.7,22.2,29.3,372.0,1002.8,6060.0,Hyderabad
319,8/1/2022,26.7,22.8,30.7,93.0,1003.3,9300.0,Hyderabad
320,9/1/2022,26.5,22.3,30.7,181.0,1005.7,8340.0,Hyderabad
321,10/1/2022,24.9,19.9,30.0,162.0,1009.6,12420.0,Hyderabad
322,11/1/2022,23.6,17.2,30.0,1.0,1012.3,13260.0,Hyderabad
323,12/1/2022,24.1,18.2,29.9,8.0,1012.3,13140.0,Hyderabad
324,1/1/2023,23.7,17.4,29.9,0.0,1013.9,15720.0,Hyderabad
325,2/1/2023,25.7,18.0,33.5,0.0,1012.5,16260.0,Hyderabad
326,3/1/2023,27.2,20.9,33.5,53.0,1010.7,14580.0,Hyderabad
327,4/1/2023,30.0,23.8,36.2,134.0,1007.8,15180.0,Hyderabad
328,5/1/2023,31.3,25.7,36.9,87.0,1006.0,15600.0,Hyderabad
329,6/1/2023,31.9,26.4,37.5,80.0,1002.8,13320.0,Hyderabad
330,7/1/2023,26.5,23.2,29.8,336.0,1003.3,5700.0,Hyderabad
331,8/1/2023,27.7,23.8,31.5,61.0,1006.1,10920.0,Hyderabad
332,9/1/2023,26.9,23.2,30.5,345.0,1005.0,7440.0,Hyderabad
333,10/1/2023,26.8,21.0,32.6,0.0,1010.5,14820.0,Hyderabad
334,11/1/2023,25.9,21.3,30.4,23.0,1013.0,9840.0,Hyderabad
335,12/1/2023,22.9,17.1,28.6,4.0,1014.1,12900.0,Hyderabad
336,1/1/2024,24.3,18.8,29.9,0.0,1014.1,12840.0,Hyderabad
337,2/1/2024,26.9,20.3,33.4,0.0,1013.1,15120.0,Hyderabad
338,3/1/2024,30.1,23.9,36.3,0.0,1010.3,12480.0,Hyderabad
339,4/1/2024,33.0,26.9,39.1,1.0,1006.3,14160.0,Hyderabad
340,5/1/2024,32.5,26.6,38.5,147.0,1003.1,16200.0,Hyderabad
341,6/1/2024,29.5,25.0,34.1,123.0,1002.7,9600.0,Hyderabad
342,7/1/2024,26.9,23.7,30.0,175.0,1001.5,5640.0,Hyderabad
343,8/1/2024,27.5,23.7,31.3,265.0,1004.9,8340.0,Hyderabad
344,9/1/2024,26.5,23.1,30.0,277.0,1004.9,8700.0,Hyderabad
345,10/1/2024,27.3,22.7,31.8,55.0,1008.9,12060.0,Hyderabad
346,11/1/2024,24.5,18.5,30.6,3.0,1012.0,13740.0,Hyderabad
347,12/1/2024,23.9,18.9,29.0,10.0,1012.5,10200.0,Hyderabad
348,1/1/2025,23.2,16.6,29.8,0.0,1013.2,15780.0,Hyderabad
349,2/1/2025,26.9,19.7,34.1,0.0,1012.1,15900.0,Hyderabad
350,3/1/2025,29.1,22.0,36.3,32.0,1009.3,15660.0,Hyderabad
351,4/1/2025,30.9,24.8,37.1,113.0,1006.7,14700.0,Hyderabad
352,5/1/2025,30.0,24.5,35.5,74.0,1002.9,12780.0,Hyderabad
353,6/1/2025,28.9,24.2,33.6,14.0,1002.5,9960.0,Hyderabad
354,7/1/2025,26.9,23.0,30.9,206.0,1002.5,8520.0,Hyderabad
355,8/1/2025,25.8,22.1,29.5,360.0,1004.6,6900.0,Hyderabad
356,9/1/2025,26.0,22.0,30.0,301.0,1005.5,7380.0,Hyderabad
357,10/1/2025,26.1,21.8,30.3,163.0,1008.8,10800.0,Hyderabad
358,11/1/2025,23.5,17.4,29.7,20.0,1013.5,14580.0,Hyderabad
359,12/1/2025,21.4,13.9,28.9,0.0,1014.7,16020.0,Hyderabad
360,1/1/2020,26.2,21.8,30.5,64.0,1014.1,15000.0,Chennai
361,2/1/2020,27.2,22.4,32.0,0.0,1014.4,16140.0,Chennai
362,3/1/2020,29.0,24.4,33.7,0.0,1011.9,17280.0,Chennai
363,4/1/2020,30.8,26.2,35.5,35.0,1010.3,16860.0,Chennai
364,5/1/2020,33.3,28.5,38.1,5.0,1006.1,17400.0,Chennai
365,6/1/2020,33.0,28.1,38.0,21.0,1004.3,11400.0,Chennai
366,7/1/2020,30.1,25.8,34.3,303.0,1004.9,9780.0,Chennai
367,8/1/2020,30.1,26.4,33.9,100.0,1005.3,6600.0,Chennai
368,9/1/2020,29.3,25.4,33.3,175.0,1006.0,7080.0,Chennai
369,10/1/2020,29.3,25.3,33.3,158.0,1008.3,7920.0,Chennai
370,11/1/2020,27.0,23.3,30.6,564.0,1011.5,9300.0,Chennai
371,12/1/2020,25.6,21.9,29.4,218.0,1012.7,9300.0,Chennai
372,1/1/2021,25.2,22.3,29.3,231.0,1011.9,11220.0,Chennai
373,2/1/2021,24.8,20.6,29.9,24.7,1012.9,15300.0,Chennai
374,3/1/2021,27.1,22.5,32.8,0.2,1010.9,16800.0,Chennai
375,4/1/2021,29.7,26.0,34.6,11.9,1008.9,15720.0,Chennai
376,5/1/2021,30.9,27.4,35.7,25.2,1006.0,16200.0,Chennai
377,6/1/2021,30.9,27.2,36.3,52.4,1005.6,12600.0,Chennai
378,7/1/2021,29.4,25.9,34.3,190.5,1004.7,10800.0,Chennai
379,8/1/2021,29.1,25.6,34.4,179.2,1006.0,11640.0,Chennai
380,9/1/2021,28.8,25.8,33.6,167.0,1005.7,8940.0,Chennai
381,10/1/2021,27.7,24.8,32.5,229.0,1007.7,9180.0,Chennai
382,11/1/2021,25.6,23.5,28.8,648.2,1008.7,3960.0,Chennai
383,12/1/2021,25.2,21.6,29.8,70.6,1013.4,12600.0,Chennai
384,1/1/2022,25.2,21.8,29.6,38.1,1012.6,12840.0,Chennai
385,2/1/2022,25.7,21.4,30.5,2.0,1011.8,15000.0,Chennai
386,3/1/2022,27.9,23.5,33.3,13.0,1009.3,15060.0,Chennai
387,4/1/2022,29.8,26.1,34.4,9.6,1008.2,17040.0,Chennai
388,5/1/2022,30.7,27.0,36.1,32.0,1003.9,13860.0,Chennai
389,6/1/2022,30.4,26.6,36.3,93.4,1004.4,13080.0,Chennai
390,7/1/2022,29.0,25.6,34.1,159.5,1004.6,9840.0,Chennai
391,8/1/2022,28.9,25.4,34.1,179.3,1004.7,11100.0,Chennai
392,9/1/2022,28.8,25.3,33.6,149.1,1006.4,10380.0,Chennai
393,10/1/2022,27.0,23.8,31.7,239.9,1008.9,10020.0,Chennai
394,11/1/2022,25.1,22.3,28.9,332.4,1011.2,5760.0,Chennai
395,12/1/2022,25.2,22.5,29.1,215.6,1011.1,8760.0,Chennai
396,1/1/2023,24.6,20.6,29.1,4.5,1013.8,13500.0,Chennai
397,2/1/2023,25.3,20.7,30.9,0.0,1013.0,14700.0,Chennai
398,3/1/2023,27.3,23.2,32.1,44.3,1011.6,15060.0,Chennai
399,4/1/2023,29.4,25.6,34.6,14.9,1009.0,16260.0,Chennai
400,5/1/2023,30.5,27.0,36.0,63.7,1007.1,13200.0,Chennai
401,6/1/2023,31.5,27.5,37.5,63.0,1004.8,12060.0,Chennai
402,7/1/2023,29.6,26.2,34.5,131.4,1005.5,8760.0,Chennai
403,8/1/2023,29.9,25.7,35.4,117.2,1007.0,12840.0,Chennai
404,9/1/2023,28.9,25.3,34.4,217.0,1006.4,12720.0,Chennai
405,10/1/2023,28.2,24.7,33.0,24.8,1010.7,12360.0,Chennai
406,11/1/2023,26.1,23.7,29.7,297.1,1012.1,6360.0,Chennai
407,12/1/2023,25.6,23.0,29.1,317.3,1012.5,7140.0,Chennai
408,1/1/2024,25.3,21.8,29.6,40.8,1014.1,11460.0,Chennai
409,2/1/2024,26.6,22.6,31.4,1.1,1014.2,15240.0,Chennai
410,3/1/2024,28.1,23.6,33.5,0.3,1012.0,15960.0,Chennai
411,4/1/2024,30.3,26.0,36.0,0.0,1008.5,17100.0,Chennai
412,5/1/2024,31.4,28.0,36.7,44.8,1005.0,13860.0,Chennai
413,6/1/2024,30.5,26.8,36.0,150.1,1004.9,10260.0,Chennai
414,7/1/2024,30.0,26.4,34.9,81.5,1004.1,8220.0,Chennai
415,8/1/2024,30.2,25.5,34.9,158.0,1005.9,11640.0,Chennai
416,9/1/2024,31.0,26.5,35.6,146.0,1005.9,9960.0,Chennai
417,10/1/2024,27.8,24.5,32.5,259.3,1008.7,11160.0,Chennai
418,11/1/2024,26.3,23.8,29.7,396.3,1010.4,7620.0,Chennai
419,12/1/2024,25.9,23.5,29.5,401.0,1011.0,8280.0,Chennai
420,1/1/2025,25.2,22.0,29.1,32.8,1012.9,10860.0,Chennai
421,2/1/2025,26.7,22.0,32.0,0.3,1013.0,15360.0,Chennai
422,3/1/2025,29.8,24.6,35.1,19.0,1010.7,16440.0,Chennai
423,4/1/2025,30.7,26.9,35.7,7.9,1008.2,16080.0,Chennai
424,5/1/2025,31.0,27.1,36.4,93.9,1004.7,11820.0,Chennai
425,6/1/2025,31.3,27.2,37.0,35.6,1004.6,11100.0,Chennai
426,7/1/2025,30.2,26.3,35.7,97.9,1004.3,9420.0,Chennai
427,8/1/2025,28.7,25.1,33.8,213.8,1006.0,8880.0,Chennai
428,9/1/2025,28.7,25.3,33.5,184.1,1006.3,9300.0,Chennai
429,10/1/2025,26.8,24.2,30.3,353.4,1008.5,8280.0,Chennai
430,11/1/2025,26.3,23.7,29.4,213.5,1011.9,6000.0,Chennai
431,12/1/2025,24.5,21.2,28.1,132.4,1013.0,7080.0,Chennai
432,1/1/2020,19.4,14.4,24.3,43.0,1016.2,9060.0,Kolkata
433,2/1/2020,22.0,16.6,27.4,3.0,1016.0,10740.0,Kolkata
434,3/1/2020,27.3,22.0,32.5,39.0,1011.9,12300.0,Kolkata
435,4/1/2020,29.8,25.2,34.5,50.0,1009.0,8580.0,Kolkata
436,5/1/2020,30.2,26.1,34.2,384.0,1005.0,11160.0,Kolkata
437,6/1/2020,30.4,27.0,33.8,382.0,1001.8,7020.0,Kolkata
438,7/1/2020,30.5,27.3,33.6,348.0,1001.8,6240.0,Kolkata
439,8/1/2020,29.7,27.0,32.5,390.0,999.4,5340.0,Kolkata
440,9/1/2020,30.1,26.9,33.4,189.0,1004.1,6420.0,Kolkata
441,10/1/2020,29.3,25.5,33.1,107.0,1006.7,7200.0,Kolkata
442,11/1/2020,25.4,20.1,30.6,24.0,1014.1,9540.0,Kolkata
443,12/1/2020,20.7,15.2,26.1,0.0,1015.1,9360.0,Kolkata
444,1/1/2021,20.8,15.5,26.1,0.0,1014.2,7380.0,Kolkata
445,2/1/2021,23.2,17.3,29.2,1.0,1013.5,10320.0,Kolkata
446,3/1/2021,29.7,24.0,35.3,0.0,1009.7,10860.0,Kolkata
447,4/1/2021,31.2,26.2,36.3,45.0,1008.0,12540.0,Kolkata
448,5/1/2021,30.3,26.1,34.6,391.0,1004.7,13140.0,Kolkata
449,6/1/2021,29.8,26.7,32.9,402.0,1001.2,6180.0,Kolkata
450,7/1/2021,30.0,27.2,32.7,525.0,1000.1,4860.0,Kolkata
451,8/1/2021,29.9,27.1,32.7,229.0,1002.8,4080.0,Kolkata
452,9/1/2021,29.0,26.2,31.9,614.0,1004.5,6000.0,Kolkata
453,10/1/2021,29.0,25.4,32.8,144.0,1008.4,8820.0,Kolkata
454,11/1/2021,24.7,20.0,29.5,2.0,1012.6,10680.0,Kolkata
455,12/1/2021,20.9,16.3,25.3,98.0,1016.2,6600.0,Kolkata
456,1/1/2022,19.4,14.7,24.2,13.0,1015.1,8400.0,Kolkata
457,2/1/2022,22.0,16.9,27.1,31.0,1013.0,10200.0,Kolkata
458,3/1/2022,28.6,23.2,34.0,0.0,1009.0,13200.0,Kolkata
459,4/1/2022,31.3,27.4,35.2,0.0,1006.1,11580.0,Kolkata
460,5/1/2022,30.4,26.3,34.5,242.0,1002.7,9780.0,Kolkata
461,6/1/2022,30.6,27.5,33.7,116.0,1001.5,5160.0,Kolkata
462,7/1/2022,30.2,27.2,33.2,275.0,1001.3,8220.0,Kolkata
463,8/1/2022,29.9,26.9,32.9,291.0,1001.1,6060.0,Kolkata
464,9/1/2022,30.0,27.1,32.9,224.0,1005.0,7560.0,Kolkata
465,10/1/2022,28.5,24.7,32.3,105.0,1009.9,10440.0,Kolkata
466,11/1/2022,24.8,19.4,30.2,0.0,1013.0,12960.0,Kolkata
467,12/1/2022,21.9,16.5,27.3,0.0,1013.9,9300.0,Kolkata
468,1/1/2023,20.7,15.7,25.7,0.0,1015.9,7260.0,Kolkata
469,2/1/2023,24.6,19.5,29.7,0.0,1013.2,10680.0,Kolkata
470,3/1/2023,27.7,23.2,32.2,29.0,1011.8,10080.0,Kolkata
471,4/1/2023,31.7,26.7,36.6,50.0,1007.7,12960.0,Kolkata
472,5/1/2023,31.2,26.8,35.6,82.0,1006.0,12300.0,Kolkata
473,6/1/2023,31.8,28.5,35.0,160.0,1000.9,6240.0,Kolkata
474,7/1/2023,30.4,28.0,32.9,180.0,1001.5,6900.0,Kolkata
475,8/1/2023,29.7,27.2,32.1,329.0,1002.0,3780.0,Kolkata
476,9/1/2023,29.3,27.0,31.7,455.0,1003.7,5580.0,Kolkata
477,10/1/2023,28.6,25.5,31.7,181.0,1010.4,9180.0,Kolkata
478,11/1/2023,25.6,21.6,29.6,0.0,1014.6,9300.0,Kolkata
479,12/1/2023,21.5,17.3,25.6,32.0,1016.1,8460.0,Kolkata
480,1/1/2024,19.0,14.9,23.1,2.0,1017.2,5880.0,Kolkata
481,2/1/2024,23.7,19.6,27.8,13.0,1015.8,7860.0,Kolkata
482,3/1/2024,27.3,23.1,31.5,28.0,1012.0,10200.0,Kolkata
483,4/1/2024,33.0,28.0,38.1,1.0,1006.2,12660.0,Kolkata
484,5/1/2024,31.0,27.3,34.7,501.0,1003.5,9480.0,Kolkata
485,6/1/2024,31.8,28.7,34.9,143.0,1000.6,8100.0,Kolkata
486,7/1/2024,29.8,27.4,32.1,328.0,998.4,5580.0,Kolkata
487,8/1/2024,29.1,27.0,31.1,467.0,1002.7,4020.0,Kolkata
488,9/1/2024,29.9,27.5,32.2,316.0,1002.9,7500.0,Kolkata
489,10/1/2024,28.9,26.3,31.4,286.0,1009.0,6540.0,Kolkata
490,11/1/2024,25.1,21.1,29.0,0.0,1013.2,9480.0,Kolkata
491,12/1/2024,21.1,16.6,25.6,6.0,1014.9,9000.0,Kolkata
492,1/1/2025,20.1,15.5,24.7,0.0,1014.9,6900.0,Kolkata
493,2/1/2025,24.6,20.5,28.8,48.0,1013.3,8460.0,Kolkata
494,3/1/2025,28.5,24.0,32.9,5.0,1010.2,12540.0,Kolkata
495,4/1/2025,30.2,26.2,34.3,48.0,1007.4,11280.0,Kolkata
496,5/1/2025,30.6,26.7,34.4,178.0,1003.3,10500.0,Kolkata
497,6/1/2025,29.8,27.0,32.6,241.0,999.8,5520.0,Kolkata
498,7/1/2025,28.6,26.3,30.8,669.0,998.3,3240.0,Kolkata
499,8/1/2025,29.0,26.7,31.3,284.0,1003.2,6000.0,Kolkata
500,9/1/2025,29.8,27.1,32.5,465.0,1004.5,7740.0,Kolkata
501,10/1/2025,28.6,25.3,31.9,289.0,1009.7,9180.0,Kolkata
502,11/1/2025,24.0,19.4,28.7,0.0,1013.6,11520.0,Kolkata
503,12/1/2025,19.7,15.3,24.1,0.0,1015.7,5460.0,Kolkata
504,1/1/2020,21.3,13.3,29.2,0.0,1013.5,15060.0,Pune
505,2/1/2020,23.3,14.9,31.8,0.0,1012.8,15180.0,Pune
506,3/1/2020,25.4,16.8,34.1,13.0,1010.1,16980.0,Pune
507,4/1/2020,29.6,20.7,38.5,0.0,1007.8,17940.0,Pune
508,5/1/2020,30.9,23.1,38.7,35.0,1005.5,18900.0,Pune
509,6/1/2020,26.9,22.3,31.5,222.0,1003.5,9540.0,Pune
510,7/1/2020,26.4,22.4,30.4,120.0,1003.1,7020.0,Pune
511,8/1/2020,24.8,21.7,27.9,255.0,1003.6,3600.0,Pune
512,9/1/2020,26.5,21.8,30.7,198.0,1005.5,9000.0,Pune
513,10/1/2020,25.9,20.4,31.4,312.0,1007.6,10500.0,Pune
514,11/1/2020,23.6,16.2,31.0,5.0,1012.5,17940.0,Pune
515,12/1/2020,21.8,13.7,29.8,5.0,1012.9,14220.0,Pune
516,1/1/2021,23.3,15.7,31.0,37.0,1011.3,13020.0,Pune
517,2/1/2021,22.3,13.2,31.5,0.0,1012.5,15000.0,Pune
518,3/1/2021,26.6,16.7,36.5,5.0,1009.5,15960.0,Pune
519,4/1/2021,28.7,19.8,37.6,28.0,1007.8,15780.0,Pune
520,5/1/2021,29.0,22.7,35.3,89.0,1005.0,14100.0,Pune
521,6/1/2021,26.2,22.0,30.4,153.0,1005.5,8880.0,Pune
522,7/1/2021,25.6,22.1,29.3,193.0,1003.8,5760.0,Pune
523,8/1/2021,24.9,21.1,28.6,41.0,1006.1,6960.0,Pune
524,9/1/2021,25.1,21.4,28.9,84.0,1005.1,7140.0,Pune
525,10/1/2021,25.4,18.8,32.0,140.0,1008.8,15060.0,Pune
526,11/1/2021,24.6,18.0,31.1,16.0,1010.0,10980.0,Pune
527,12/1/2021,21.3,14.4,28.3,85.0,1014.4,11700.0,Pune
528,1/1/2022,20.3,12.4,28.3,0.0,1013.9,14640.0,Pune
529,2/1/2022,22.7,12.9,32.5,0.0,1010.9,16020.0,Pune
530,3/1/2022,27.2,17.9,36.5,1.0,1008.5,14640.0,Pune
531,4/1/2022,30.4,21.6,39.2,0.0,1006.4,15480.0,Pune
532,5/1/2022,30.2,23.4,37.0,1.0,1004.1,16620.0,Pune
533,6/1/2022,28.5,23.6,33.4,35.0,1003.5,10560.0,Pune
534,7/1/2022,24.9,22.0,27.8,386.0,1004.0,3540.0,Pune
535,8/1/2022,25.2,21.7,28.8,164.0,1004.1,7560.0,Pune
536,9/1/2022,25.7,21.6,29.8,232.0,1006.6,6300.0,Pune
537,10/1/2022,24.9,19.4,30.3,303.0,1010.4,11040.0,Pune
538,11/1/2022,22.4,13.7,31.0,0.0,1012.9,15240.0,Pune
539,12/1/2022,22.8,14.4,31.3,0.0,1011.9,14220.0,Pune
540,1/1/2023,21.5,12.0,30.9,0.0,1013.6,14940.0,Pune
541,2/1/2023,22.5,11.4,33.7,0.0,1013.1,16380.0,Pune
542,3/1/2023,24.6,15.7,33.4,10.0,1011.2,15300.0,Pune
543,4/1/2023,27.9,19.2,36.7,37.0,1007.9,16320.0,Pune
544,5/1/2023,29.9,22.7,37.2,19.0,1007.2,18300.0,Pune
545,6/1/2023,29.0,23.8,34.1,84.0,1005.0,14340.0,Pune
546,7/1/2023,25.2,22.4,28.1,155.0,1004.7,2580.0,Pune
547,8/1/2023,25.4,21.8,29.1,42.0,1007.7,9420.0,Pune
548,9/1/2023,25.7,21.7,29.7,166.0,1006.5,8040.0,Pune
549,10/1/2023,26.2,19.4,33.0,19.0,1011.3,13800.0,Pune
550,11/1/2023,24.3,17.3,31.3,33.0,1012.6,11940.0,Pune
551,12/1/2023,22.1,14.3,30.0,0.0,1013.5,13740.0,Pune
552,1/1/2024,22.1,13.5,30.7,2.0,1013.7,14700.0,Pune
553,2/1/2024,24.0,14.3,33.7,1.0,1013.3,15660.0,Pune
554,3/1/2024,26.7,16.8,36.5,2.0,1010.6,16440.0,Pune
555,4/1/2024,30.4,21.3,39.5,11.0,1006.4,16800.0,Pune
556,5/1/2024,30.6,23.5,37.7,95.0,1004.7,16740.0,Pune
557,6/1/2024,28.3,23.5,33.0,252.0,1003.5,7860.0,Pune
558,7/1/2024,25.5,22.7,28.3,394.0,1002.3,2940.0,Pune
559,8/1/2024,25.7,22.2,29.3,279.0,1005.6,6780.0,Pune
560,9/1/2024,25.5,21.5,29.6,208.0,1006.3,8820.0,Pune
561,10/1/2024,27.0,21.3,32.7,61.0,1008.9,13320.0,Pune
562,11/1/2024,22.7,14.8,30.6,0.0,1012.4,14160.0,Pune
563,12/1/2024,22.6,14.9,30.3,1.0,1012.2,13620.0,Pune
564,1/1/2025,22.7,13.9,31.5,0.0,1012.5,15120.0,Pune
565,2/1/2025,24.9,14.9,34.9,0.0,1012.1,15900.0,Pune
566,3/1/2025,27.5,17.5,37.5,0.0,1009.3,16620.0,Pune
567,4/1/2025,30.4,21.5,39.3,7.0,1006.5,16740.0,Pune
568,5/1/2025,28.3,22.7,33.8,250.0,1004.3,11100.0,Pune
569,6/1/2025,26.3,22.7,30.0,267.0,1003.6,7080.0,Pune
570,7/1/2025,25.2,22.2,28.3,130.0,1003.5,2820.0,Pune
571,8/1/2025,25.1,21.8,28.3,135.0,1005.6,4860.0,Pune
572,9/1/2025,24.6,21.1,28.1,317.0,1006.9,5460.0,Pune
573,10/1/2025,25.7,20.2,31.2,67.0,1008.7,13260.0,Pune
574,11/1/2025,22.4,14.8,30.1,3.0,1013.6,14820.0,Pune
575,12/1/2025,19.4,10.1,28.8,0.0,1014.7,15600.0,Pune
864,1/1/2020,19.9,12.7,27.0,66.0,1016.0,11460.0,Nagpur
865,2/1/2020,22.0,14.0,30.0,12.0,1015.7,13860.0,Nagpur
866,3/1/2020,26.7,18.7,34.8,29.0,1011.1,14160.0,Nagpur
867,4/1/2020,31.1,22.1,40.2,12.0,1007.9,16740.0,Nagpur
868,5/1/2020,34.3,25.3,43.3,23.0,1003.3,18900.0,Nagpur
869,6/1/2020,29.3,24.1,34.6,279.0,1001.9,7680.0,Nagpur
870,7/1/2020,28.7,24.1,33.2,376.0,1002.1,8520.0,Nagpur
871,8/1/2020,26.9,23.6,30.1,440.0,1001.3,4200.0,Nagpur
872,9/1/2020,28.9,24.1,33.7,214.0,1004.3,9240.0,Nagpur
873,10/1/2020,28.0,22.3,33.7,93.0,1007.5,12060.0,Nagpur
874,11/1/2020,23.9,16.1,31.6,11.0,1014.9,15420.0,Nagpur
875,12/1/2020,21.8,13.7,29.9,1.0,1015.3,14160.0,Nagpur
876,1/1/2021,22.7,15.3,30.2,3.0,1013.6,11760.0,Nagpur
877,2/1/2021,23.3,14.4,32.2,3.0,1013.9,14100.0,Nagpur
878,3/1/2021,27.9,19.2,36.7,33.0,1010.3,15900.0,Nagpur
879,4/1/2021,31.3,22.4,40.2,2.0,1007.2,14700.0,Nagpur
880,5/1/2021,32.9,25.8,40.0,48.0,1003.5,15360.0,Nagpur
881,6/1/2021,29.8,24.5,35.1,198.0,1002.3,8280.0,Nagpur
882,7/1/2021,28.4,24.6,32.2,420.0,1001.1,6840.0,Nagpur
883,8/1/2021,28.1,24.1,32.0,191.0,1003.5,6660.0,Nagpur
884,9/1/2021,27.6,23.9,31.3,356.0,1003.7,6420.0,Nagpur
885,10/1/2021,27.0,20.9,33.1,6.0,1009.2,13320.0,Nagpur
886,11/1/2021,24.6,17.9,31.3,4.0,1012.3,12000.0,Nagpur
887,12/1/2021,21.1,14.2,28.1,2.0,1016.1,11700.0,Nagpur
888,1/1/2022,19.9,13.1,26.8,33.0,1014.6,12000.0,Nagpur
889,2/1/2022,22.5,14.4,30.7,21.0,1012.4,14100.0,Nagpur
890,3/1/2022,28.9,20.1,37.8,1.0,1008.7,15720.0,Nagpur
892,5/1/2022,35.1,27.8,42.4,6.0,1000.7,15180.0,Nagpur
893,6/1/2022,32.9,27.2,38.5,120.0,1000.9,8160.0,Nagpur
894,7/1/2022,27.1,24.1,30.1,631.0,1001.0,2520.0,Nagpur
895,8/1/2022,28.3,24.6,31.9,360.0,1001.9,7980.0,Nagpur
896,9/1/2022,27.7,23.6,31.9,358.0,1004.9,7140.0,Nagpur
897,10/1/2022,26.3,20.7,31.9,139.0,1010.5,13500.0,Nagpur
898,11/1/2022,22.5,14.2,30.8,0.0,1014.3,15360.0,Nagpur
899,12/1/2022,22.7,15.2,30.3,5.0,1014.1,12660.0,Nagpur
900,1/1/2023,21.5,13.9,29.1,0.0,1015.3,13020.0,Nagpur
901,2/1/2023,23.9,14.0,33.8,0.0,1013.7,16020.0,Nagpur
902,3/1/2023,26.9,19.2,34.6,0.0,1011.3,13680.0,Nagpur
903,4/1/2023,29.3,21.9,36.7,81.0,1008.4,12780.0,Nagpur
904,5/1/2023,31.9,24.0,39.9,48.0,1005.5,16740.0,Nagpur
905,6/1/2023,32.6,26.3,38.9,152.0,1001.5,11400.0,Nagpur
906,7/1/2023,28.3,24.3,32.2,516.0,1001.1,4200.0,Nagpur
907,8/1/2023,27.6,23.1,32.1,161.0,1004.7,7980.0,Nagpur
908,9/1/2023,27.5,23.3,31.6,403.0,1004.1,5940.0,Nagpur
909,10/1/2023,26.7,19.5,33.8,3.0,1011.7,15180.0,Nagpur
910,11/1/2023,23.9,16.8,30.9,47.0,1014.9,11580.0,Nagpur
911,12/1/2023,21.5,14.9,28.0,11.0,1016.1,10260.0,Nagpur
912,1/1/2024,22.0,15.4,28.6,1.0,1015.6,8940.0,Nagpur
913,2/1/2024,25.1,18.1,32.0,1.0,1014.4,12060.0,Nagpur
914,3/1/2024,28.5,20.4,36.6,20.0,1010.7,14100.0,Nagpur
915,4/1/2024,30.5,23.3,37.7,89.0,1007.5,12660.0,Nagpur
916,5/1/2024,32.8,25.4,40.2,55.0,1002.5,14640.0,Nagpur
917,6/1/2024,32.3,26.1,38.6,78.0,1000.9,8940.0,Nagpur
918,7/1/2024,28.1,24.9,31.2,579.0,999.3,2700.0,Nagpur
919,8/1/2024,27.9,24.3,31.5,213.0,1003.8,5340.0,Nagpur
920,9/1/2024,28.4,24.4,32.4,184.0,1003.7,8040.0,Nagpur
921,10/1/2024,28.5,23.0,34.0,23.0,1009.5,12540.0,Nagpur
922,11/1/2024,23.7,16.0,31.3,0.0,1013.7,10620.0,Nagpur
923,12/1/2024,22.4,15.0,29.8,3.0,1014.1,8580.0,Nagpur
924,1/1/2025,21.7,13.1,30.4,1.0,1014.3,12240.0,Nagpur
925,2/1/2025,25.7,16.7,34.6,1.0,1012.8,14760.0,Nagpur
926,3/1/2025,29.0,19.5,38.5,0.0,1009.5,15300.0,Nagpur
927,4/1/2025,32.3,23.7,41.0,14.0,1005.5,14280.0,Nagpur
928,5/1/2025,32.2,25.7,38.7,71.0,1002.5,11760.0,Nagpur
929,6/1/2025,31.5,26.3,36.8,78.0,1000.3,9120.0,Nagpur
930,7/1/2025,27.5,24.6,30.5,565.0,1000.3,3180.0,Nagpur
931,8/1/2025,26.7,24.1,30.6,223.0,1003.8,6180.0,Nagpur
932,9/1/2025,27.3,24.2,32.0,273.0,1005.1,7020.0,Nagpur
933,10/1/2025,26.6,22.9,31.0,111.4,1009.6,11340.0,Nagpur
934,11/1/2025,22.7,17.2,28.6,1.7,1014.5,14340.0,Nagpur
935,12/1/2025,20.4,13.9,27.6,0.0,1015.8,17160.0,Nagpur
1008,1/1/2020,17.8,11.7,23.9,0.0,1015.1,14580.0,Indore
1009,2/1/2020,20.9,13.7,28.0,0.0,1014.3,17220.0,Indore
1010,3/1/2020,24.2,16.9,31.5,17.0,1010.1,16020.0,Indore
1011,4/1/2020,30.2,22.7,37.7,0.0,1006.7,17460.0,Indore
1012,5/1/2020,33.3,26.0,40.7,7.0,1002.5,20460.0,Indore
1013,6/1/2020,28.4,23.3,33.5,125.0,1000.8,8760.0,Indore
1014,7/1/2020,27.5,23.4,31.5,192.0,1000.5,10140.0,Indore
1015,8/1/2020,25.3,22.7,28.0,602.0,999.7,3240.0,Indore
1016,9/1/2020,27.1,22.2,31.9,285.0,1003.7,9780.0,Indore
1017,10/1/2020,26.5,20.3,32.8,42.0,1006.7,15540.0,Indore
1018,11/1/2020,22.3,15.4,29.3,0.0,1013.7,16380.0,Indore
1019,12/1/2020,19.3,12.7,26.0,11.0,1014.5,13500.0,Indore
1020,1/1/2021,19.6,13.1,26.1,0.0,1012.7,14220.0,Indore
1021,2/1/2021,21.9,13.9,29.9,0.0,1013.0,16380.0,Indore
1022,3/1/2021,27.1,18.9,35.4,4.0,1009.1,16620.0,Indore
1023,4/1/2021,30.3,22.5,38.2,0.0,1006.3,16440.0,Indore
1024,5/1/2021,31.5,24.7,38.2,30.0,1002.3,16320.0,Indore
1025,6/1/2021,29.5,23.8,35.1,76.0,1000.9,11280.0,Indore
1026,7/1/2021,27.1,23.6,30.6,175.0,999.9,7080.0,Indore
1027,8/1/2021,24.9,22.0,27.9,155.0,1003.2,3840.0,Indore
1028,9/1/2021,26.1,22.3,29.8,149.0,1002.5,5940.0,Indore
1029,10/1/2021,25.6,19.9,31.3,55.0,1008.6,14880.0,Indore
1030,11/1/2021,22.3,15.5,29.0,0.0,1011.7,14700.0,Indore
1031,12/1/2021,18.7,13.1,24.3,19.0,1015.7,7200.0,Indore
1032,1/1/2022,16.7,10.7,22.8,28.0,1014.5,14040.0,Indore
1033,2/1/2022,20.6,13.2,27.9,0.0,1011.4,16980.0,Indore
1034,3/1/2022,27.1,19.4,34.8,6.0,1008.5,17220.0,Indore
1036,5/1/2022,33.0,25.7,40.3,0.0,1000.8,17580.0,Indore
1037,6/1/2022,30.7,25.0,36.5,116.0,1000.1,12960.0,Indore
1038,7/1/2022,25.7,22.7,28.6,360.0,1000.5,3480.0,Indore
1039,8/1/2022,25.5,22.2,28.8,433.0,1001.4,3660.0,Indore
1040,9/1/2022,26.2,22.2,30.2,313.0,1004.3,8760.0,Indore
1041,10/1/2022,25.1,19.3,30.8,45.0,1009.7,12960.0,Indore
1042,11/1/2022,22.1,14.9,29.2,0.0,1013.4,16680.0,Indore
1043,12/1/2022,20.6,14.2,26.9,3.0,1013.5,13260.0,Indore
1044,1/1/2023,17.7,11.3,24.0,0.0,1015.4,14040.0,Indore
1045,2/1/2023,22.1,13.7,30.5,0.0,1013.6,17640.0,Indore
1046,3/1/2023,25.5,18.2,32.7,2.0,1010.4,15720.0,Indore
1047,4/1/2023,28.8,21.4,36.2,22.0,1007.3,14880.0,Indore
1048,5/1/2023,30.5,23.2,37.9,77.0,1005.3,19080.0,Indore
1049,6/1/2023,29.7,24.5,34.8,105.0,1001.8,12300.0,Indore
1050,7/1/2023,26.7,23.3,30.1,455.0,1000.9,4980.0,Indore
1051,8/1/2023,25.1,22.2,28.1,69.0,1004.6,5760.0,Indore
1052,9/1/2023,26.1,22.3,29.9,516.0,1003.8,7680.0,Indore
1053,10/1/2023,26.5,19.8,33.2,0.0,1011.0,16380.0,Indore
1054,11/1/2023,23.1,17.1,29.0,52.0,1013.9,12960.0,Indore
1055,12/1/2023,20.5,15.0,26.0,2.0,1015.1,11880.0,Indore
1056,1/1/2024,18.9,13.0,24.9,8.0,1015.3,12180.0,Indore
1057,2/1/2024,21.8,15.0,28.6,0.0,1014.1,15240.0,Indore
1058,3/1/2024,26.0,18.0,34.0,2.0,1010.4,17460.0,Indore
1059,4/1/2024,30.2,23.1,37.3,0.0,1006.1,16380.0,Indore
1060,5/1/2024,33.5,26.4,40.7,21.0,1001.8,17520.0,Indore
1061,6/1/2024,30.7,25.0,36.3,100.0,1000.5,11700.0,Indore
1062,7/1/2024,26.4,23.6,29.2,256.0,998.5,3180.0,Indore
1063,8/1/2024,25.7,22.6,28.7,388.0,1002.7,5700.0,Indore
1064,9/1/2024,26.3,22.4,30.2,159.0,1004.2,6780.0,Indore
1065,10/1/2024,26.9,21.2,32.5,24.0,1009.1,13680.0,Indore
1066,11/1/2024,22.7,15.8,29.7,0.0,1013.3,15780.0,Indore
1067,12/1/2024,19.9,13.4,26.5,2.0,1014.0,12600.0,Indore
1068,1/1/2025,19.5,12.4,26.5,0.0,1014.3,14640.0,Indore
1069,2/1/2025,22.6,15.3,29.9,0.0,1013.1,15660.0,Indore
1070,3/1/2025,26.9,19.0,34.7,0.0,1009.5,17880.0,Indore
1071,4/1/2025,31.8,23.8,39.8,0.0,1004.6,17880.0,Indore
1072,5/1/2025,29.9,23.9,35.9,208.0,1002.2,12900.0,Indore
1073,6/1/2025,28.6,24.0,33.2,134.0,999.8,8820.0,Indore
1074,7/1/2025,26.0,23.3,28.7,156.0,1000.1,2520.0,Indore
1075,8/1/2025,25.9,22.5,29.3,331.0,1002.1,4620.0,Indore
1076,9/1/2025,26.5,22.8,30.1,337.0,1004.7,6900.0,Indore
1078,11/1/2025,19.9,11.7,28.2,1.0,1014.7,13560.0,Indore
1079,12/1/2025,16.7,6.8,26.6,3.0,1016.4,13200.0,Indore
1080,1/1/2020,24.9,19.2,29.9,0.0,1013.4,13800.0,Thane
1081,2/1/2020,27.3,21.0,32.6,0.0,1012.7,11220.0,Thane
1082,3/1/2020,27.7,22.6,31.9,0.0,1011.2,12900.0,Thane
1083,4/1/2020,30.2,26.4,33.9,0.0,1009.6,14220.0,Thane
1084,5/1/2020,31.1,28.6,34.0,0.0,1007.3,15960.0,Thane
1085,6/1/2020,29.2,26.0,32.3,525.0,1003.7,8340.0,Thane
1086,7/1/2020,28.1,25.4,30.5,1501.9,1003.2,4620.0,Thane
1087,8/1/2020,27.6,25.0,29.6,826.5,1003.3,2760.0,Thane
1088,9/1/2020,28.4,25.3,31.4,320.0,1005.6,7080.0,Thane
1089,10/1/2020,29.2,25.6,32.7,224.0,1007.3,7920.0,Thane
1090,11/1/2020,28.7,23.1,33.9,0.0,1011.8,12720.0,Thane
1091,12/1/2020,26.6,20.8,32.3,25.0,1012.0,11400.0,Thane
1092,1/1/2021,25.9,20.5,30.9,1.0,1011.1,11100.0,Thane
1093,2/1/2021,27.3,21.4,32.9,0.0,1012.1,11280.0,Thane
1094,3/1/2021,29.7,23.9,35.0,0.0,1010.0,13200.0,Thane
1095,4/1/2021,30.0,26.2,33.6,0.0,1009.1,13620.0,Thane
1096,5/1/2021,30.7,27.8,33.8,154.4,1005.5,12000.0,Thane
1097,6/1/2021,28.6,25.5,31.5,317.0,1005.3,6360.0,Thane
1098,7/1/2021,28.6,25.7,30.8,773.9,1003.8,4800.0,Thane
1099,8/1/2021,27.8,25.1,30.0,295.1,1006.3,5520.0,Thane
1100,9/1/2021,27.7,24.8,30.1,436.9,1005.1,5820.0,Thane
1101,10/1/2021,29.4,25.2,33.5,31.8,1008.6,13620.0,Thane
1102,11/1/2021,29.5,25.0,34.1,50.1,1009.2,12720.0,Thane
1103,12/1/2021,25.8,21.0,30.6,103.3,1013.3,10080.0,Thane
1104,1/1/2022,24.5,19.3,29.3,9.6,1012.9,11940.0,Thane
1105,2/1/2022,25.3,19.3,30.5,0.0,1011.3,14220.0,Thane
1106,3/1/2022,30.0,24.7,34.9,0.1,1008.9,9240.0,Thane
1107,4/1/2022,30.6,26.8,34.5,0.0,1008.0,12120.0,Thane
1108,5/1/2022,30.9,28.8,34.0,7.0,1005.7,13080.0,Thane
1109,6/1/2022,29.3,26.6,32.9,298.3,1004.4,7860.0,Thane
1110,7/1/2022,27.8,25.3,29.8,1185.2,1004.0,3060.0,Thane
1111,8/1/2022,27.7,25.1,30.3,550.9,1004.2,5160.0,Thane
1112,9/1/2022,27.5,24.7,30.2,528.4,1006.6,5700.0,Thane
1113,10/1/2022,28.4,24.5,32.4,165.5,1009.8,11700.0,Thane
1114,11/1/2022,27.9,21.9,33.6,0.0,1011.7,12180.0,Thane
1115,12/1/2022,27.3,21.8,32.5,6.2,1011.4,10680.0,Thane
1116,1/1/2023,24.4,18.7,29.5,0.0,1013.4,11520.0,Thane
1117,2/1/2023,28.1,20.6,34.2,0.0,1012.4,13980.0,Thane
1118,3/1/2023,28.9,23.6,33.5,21.0,1011.2,12120.0,Thane
1119,4/1/2023,30.0,25.8,33.8,15.3,1009.0,14220.0,Thane
1120,5/1/2023,30.8,28.3,33.6,0.6,1008.8,17220.0,Thane
1121,6/1/2023,30.4,27.8,33.7,561.1,1005.7,11460.0,Thane
1122,7/1/2023,27.8,25.3,29.4,1768.9,1004.7,1680.0,Thane
1123,8/1/2023,28.6,26.3,30.8,187.3,1007.9,7140.0,Thane
1124,9/1/2023,28.2,25.2,31.0,483.8,1006.6,6660.0,Thane
1125,10/1/2023,30.2,25.8,34.5,13.0,1011.0,10200.0,Thane
1126,11/1/2023,29.4,24.3,34.4,7.1,1011.7,11040.0,Thane
1127,12/1/2023,27.9,22.8,32.9,0.0,1012.3,10140.0,Thane
1128,1/1/2024,26.3,19.9,31.3,1.1,1013.2,12240.0,Thane
1129,2/1/2024,27.1,20.6,32.6,0.0,1013.5,14700.0,Thane
1130,3/1/2024,28.3,23.2,32.8,0.1,1011.9,14340.0,Thane
1131,4/1/2024,30.7,26.6,34.7,0.0,1008.2,14340.0,Thane
1133,6/1/2024,29.7,27.2,33.2,351.3,1004.0,6780.0,Thane
1134,7/1/2024,27.5,25.3,29.8,1663.8,1002.1,1020.0,Thane
1135,8/1/2024,28.2,26.3,30.9,390.5,1005.7,5700.0,Thane
1136,9/1/2024,27.7,25.2,30.6,659.3,1006.5,8040.0,Thane
1137,10/1/2024,29.3,25.6,33.3,112.0,1008.8,11040.0,Thane
1138,11/1/2024,28.4,22.6,34.1,0.5,1011.2,10560.0,Thane
1139,12/1/2024,26.2,20.6,32.0,0.0,1011.7,8040.0,Thane
1140,1/1/2025,26.2,20.0,32.2,0.0,1011.9,11100.0,Thane
1141,2/1/2025,28.0,21.2,34.0,0.0,1012.2,13560.0,Thane
1142,3/1/2025,29.3,24.2,34.4,0.0,1010.0,13680.0,Thane
1143,4/1/2025,30.2,26.7,34.1,0.0,1008.2,13800.0,Thane
1144,5/1/2025,29.5,25.8,32.9,237.0,1005.0,10140.0,Thane
1145,6/1/2025,28.6,26.2,31.4,510.9,1003.6,5460.0,Thane
1146,7/1/2025,28.1,26.0,30.0,801.7,1003.5,2760.0,Thane
1147,8/1/2025,27.4,25.5,29.5,1098.0,1005.7,4500.0,Thane
1148,9/1/2025,27.0,25.4,29.0,480.7,1007.2,4020.0,Thane
1149,10/1/2025,29.1,26.3,32.8,170.2,1008.0,10800.0,Thane
1150,11/1/2025,27.8,24.3,32.0,9.2,1012.5,11880.0,Thane
1151,12/1/2025,27.0,22.8,32.1,0.0,1012.9,11700.0,Thane
1224,1/1/2020,23.8,21.5,28.4,34.0,1015.8,13800.0,Visakhapatnam
1225,2/1/2020,25.1,22.7,29.8,77.0,1014.8,13860.0,Visakhapatnam
1226,3/1/2020,28.7,25.2,32.2,25.0,1012.7,15180.0,Visakhapatnam
1227,4/1/2020,30.2,27.0,33.5,167.0,1010.7,15540.0,Visakhapatnam
1228,5/1/2020,30.6,28.5,34.2,36.0,1006.6,13320.0,Visakhapatnam
1230,7/1/2020,29.0,26.3,32.4,132.0,1003.2,10380.0,Visakhapatnam
1231,8/1/2020,28.7,26.1,31.9,125.0,1001.7,5340.0,Visakhapatnam
1232,9/1/2020,29.1,26.3,32.4,135.0,1004.2,11580.0,Visakhapatnam
1233,10/1/2020,29.0,26.0,32.1,370.0,1006.9,9120.0,Visakhapatnam
1234,11/1/2020,26.5,23.0,30.2,109.0,1013.1,12600.0,Visakhapatnam
1235,12/1/2020,23.4,18.4,29.1,0.0,1014.0,15480.0,Visakhapatnam
1236,1/1/2021,24.2,19.6,29.6,0.0,1012.9,12060.0,Visakhapatnam
1237,2/1/2021,24.6,19.1,30.6,0.7,1013.4,14040.0,Visakhapatnam
1238,3/1/2021,28.0,22.7,34.4,0.0,1010.6,12420.0,Visakhapatnam
1239,4/1/2021,29.6,25.6,34.2,5.7,1008.9,13980.0,Visakhapatnam
1240,5/1/2021,30.8,26.9,35.7,28.2,1005.1,14880.0,Visakhapatnam
1241,6/1/2021,30.4,27.2,34.4,125.9,1003.0,8820.0,Visakhapatnam
1242,7/1/2021,28.8,26.2,32.4,131.7,1001.8,7920.0,Visakhapatnam
1243,8/1/2021,29.4,26.5,33.6,202.9,1003.7,9540.0,Visakhapatnam
1244,9/1/2021,28.3,25.7,31.8,315.3,1003.7,7860.0,Visakhapatnam
1245,10/1/2021,28.9,26.0,32.6,180.3,1007.7,11040.0,Visakhapatnam
1246,11/1/2021,26.6,24.0,29.7,190.3,1010.9,8580.0,Visakhapatnam
1247,12/1/2021,24.2,20.6,28.4,41.8,1014.5,11700.0,Visakhapatnam
1248,1/1/2022,23.6,19.7,28.3,27.0,1013.7,14460.0,Visakhapatnam
1249,2/1/2022,24.7,20.0,30.0,2.5,1012.5,15660.0,Visakhapatnam
1250,3/1/2022,28.0,23.1,33.8,0.6,1009.4,13920.0,Visakhapatnam
1251,4/1/2022,30.4,26.3,35.5,0.6,1007.9,12960.0,Visakhapatnam
1252,5/1/2022,30.4,26.9,34.7,173.0,1003.2,11700.0,Visakhapatnam
1253,6/1/2022,29.8,26.7,33.5,71.2,1002.7,6900.0,Visakhapatnam
1254,7/1/2022,28.7,26.2,32.0,288.8,1001.3,7020.0,Visakhapatnam
1255,8/1/2022,28.9,26.0,32.5,175.2,1002.4,7980.0,Visakhapatnam
1256,9/1/2022,28.3,25.5,32.3,261.1,1004.9,9240.0,Visakhapatnam
1257,10/1/2022,27.3,24.3,31.0,227.2,1009.2,11100.0,Visakhapatnam
1258,11/1/2022,26.0,22.1,30.2,8.9,1012.4,11940.0,Visakhapatnam
1259,12/1/2022,25.0,21.1,29.4,63.4,1012.8,12300.0,Visakhapatnam
1260,1/1/2023,23.6,18.7,29.5,6.2,1014.8,13980.0,Visakhapatnam
1261,2/1/2023,25.6,20.8,31.7,0.0,1013.3,14280.0,Visakhapatnam
1262,3/1/2023,26.9,21.6,33.4,82.3,1012.0,13800.0,Visakhapatnam
1263,4/1/2023,30.3,25.6,36.4,42.4,1008.8,14340.0,Visakhapatnam
1264,5/1/2023,30.4,26.4,35.2,67.2,1006.8,12240.0,Visakhapatnam
1265,6/1/2023,32.1,28.0,37.4,57.8,1002.2,10320.0,Visakhapatnam
1266,7/1/2023,29.4,26.4,33.6,335.1,1001.4,7440.0,Visakhapatnam
1267,8/1/2023,29.4,26.2,34.4,102.8,1004.5,8700.0,Visakhapatnam
1268,9/1/2023,28.8,25.8,32.9,302.0,1004.0,6120.0,Visakhapatnam
1269,10/1/2023,28.9,24.9,33.5,16.5,1010.4,11940.0,Visakhapatnam
1270,11/1/2023,27.2,23.3,31.6,96.8,1013.4,11340.0,Visakhapatnam
1271,12/1/2023,24.1,20.5,28.1,157.6,1014.6,12120.0,Visakhapatnam
1272,1/1/2024,23.7,19.9,28.4,11.0,1015.4,10860.0,Visakhapatnam
1273,2/1/2024,25.8,21.4,30.9,10.9,1015.0,13560.0,Visakhapatnam
1274,3/1/2024,28.2,23.9,33.2,8.1,1012.3,13440.0,Visakhapatnam
1275,4/1/2024,30.7,26.2,36.5,5.0,1008.1,13920.0,Visakhapatnam
1276,5/1/2024,31.3,27.7,35.2,87.1,1004.7,11820.0,Visakhapatnam
1277,6/1/2024,30.4,27.1,34.4,108.4,1002.7,8100.0,Visakhapatnam
1278,7/1/2024,28.8,26.5,31.8,392.9,1000.2,2880.0,Visakhapatnam
1279,8/1/2024,29.4,26.5,32.7,218.0,1004.5,5520.0,Visakhapatnam
1280,9/1/2024,28.8,26.0,32.4,353.0,1003.6,9240.0,Visakhapatnam
1281,10/1/2024,29.0,25.5,32.7,84.8,1008.7,13080.0,Visakhapatnam
1282,11/1/2024,27.0,23.0,31.2,30.5,1012.1,12480.0,Visakhapatnam
1283,12/1/2024,24.5,21.3,28.1,107.0,1013.7,8700.0,Visakhapatnam
1284,1/1/2025,23.1,18.6,28.4,0.2,1014.0,13680.0,Visakhapatnam
1285,2/1/2025,26.6,22.3,31.9,0.8,1013.2,13320.0,Visakhapatnam
1286,3/1/2025,28.6,25.5,33.1,0.0,1011.3,15120.0,Visakhapatnam
1287,4/1/2025,30.0,26.1,34.4,21.4,1008.3,14580.0,Visakhapatnam
1288,5/1/2025,29.9,26.5,34.0,175.6,1004.0,10500.0,Visakhapatnam
1289,6/1/2025,29.8,27.2,33.2,149.3,1002.0,5940.0,Visakhapatnam
1290,7/1/2025,29.7,26.8,33.2,214.5,1000.6,8880.0,Visakhapatnam
1291,8/1/2025,29.2,26.6,32.7,318.6,1003.3,8820.0,Visakhapatnam
1292,9/1/2025,28.4,25.9,32.1,233.5,1004.1,8280.0,Visakhapatnam
1293,10/1/2025,27.8,25.1,31.2,275.2,1008.2,10440.0,Visakhapatnam
1294,11/1/2025,26.1,22.4,30.1,20.0,1012.8,15060.0,Visakhapatnam
1295,12/1/2025,22.6,18.4,27.8,30.9,1014.4,12780.0,Visakhapatnam
1296,1/1/2020,19.2,12.3,26.1,0.0,1015.5,14100.0,Vadodara
1297,2/1/2020,23.1,15.3,30.8,0.0,1014.6,17220.0,Vadodara
1298,3/1/2020,26.5,19.2,33.7,13.0,1011.2,17640.0,Vadodara
1300,5/1/2020,35.3,28.0,42.6,0.0,1005.0,21360.0,Vadodara
1302,7/1/2020,31.1,26.8,35.5,210.0,1000.7,11220.0,Vadodara
1304,9/1/2020,30.3,26.2,34.3,119.0,1004.6,12060.0,Vadodara
1305,10/1/2020,29.9,23.6,36.2,1.0,1007.6,17340.0,Vadodara
1306,11/1/2020,24.9,17.1,32.6,0.0,1014.0,16500.0,Vadodara
1307,12/1/2020,22.3,14.9,29.7,1.0,1014.3,15420.0,Vadodara
1308,1/1/2021,21.2,14.7,28.6,0.0,1012.4,14940.0,Vadodara
1310,3/1/2021,28.8,20.5,37.4,0.0,1010.1,18420.0,Vadodara
1311,4/1/2021,32.1,24.3,40.1,0.0,1008.1,18540.0,Vadodara
1312,5/1/2021,32.3,26.7,38.2,91.9,1004.3,17580.0,Vadodara
1313,6/1/2021,30.6,26.6,35.6,108.0,1003.2,13740.0,Vadodara
1314,7/1/2021,29.6,25.8,33.6,201.7,1001.4,8340.0,Vadodara
1315,8/1/2021,28.8,25.6,32.6,100.3,1004.3,7560.0,Vadodara
1316,9/1/2021,27.6,24.9,31.4,296.4,1003.3,5340.0,Vadodara
1317,10/1/2021,28.0,22.5,33.8,38.1,1009.2,15840.0,Vadodara
1318,11/1/2021,25.2,18.4,32.7,8.8,1011.4,14460.0,Vadodara
1319,12/1/2021,21.2,15.2,27.7,21.1,1015.3,13560.0,Vadodara
1320,1/1/2022,19.9,13.1,27.1,5.8,1014.3,16020.0,Vadodara
1321,2/1/2022,23.2,15.4,31.7,0.0,1011.8,16740.0,Vadodara
1322,3/1/2022,29.5,21.4,37.4,0.0,1009.5,17460.0,Vadodara
1323,4/1/2022,32.5,24.7,40.9,0.0,1007.1,18420.0,Vadodara
1324,5/1/2022,33.3,27.7,40.2,0.0,1003.5,18360.0,Vadodara
1325,6/1/2022,31.8,27.1,37.4,38.8,1002.7,14940.0,Vadodara
1326,7/1/2022,27.9,25.0,31.7,532.2,1002.1,6120.0,Vadodara
1327,8/1/2022,28.1,24.9,32.0,226.3,1002.4,6780.0,Vadodara
1328,9/1/2022,28.9,24.8,33.5,198.6,1005.8,12480.0,Vadodara
1329,10/1/2022,27.7,21.7,34.3,47.6,1010.3,16860.0,Vadodara
1330,11/1/2022,24.7,17.2,32.9,0.0,1013.2,16980.0,Vadodara
1331,12/1/2022,23.1,16.7,30.2,3.9,1013.0,15420.0,Vadodara
1332,1/1/2023,20.1,13.4,27.7,2.7,1015.1,16380.0,Vadodara
1333,2/1/2023,24.5,15.7,33.8,0.0,1013.8,19080.0,Vadodara
1334,3/1/2023,27.5,20.5,34.9,9.9,1011.5,16560.0,Vadodara
1335,4/1/2023,31.1,24.4,38.0,2.3,1008.7,17520.0,Vadodara
1336,5/1/2023,32.8,26.7,39.2,9.3,1007.4,19860.0,Vadodara
1337,6/1/2023,31.3,27.4,36.1,214.7,1003.7,11280.0,Vadodara
1338,7/1/2023,28.4,25.5,32.2,389.9,1002.4,4920.0,Vadodara
1339,8/1/2023,28.8,25.6,32.7,31.7,1005.7,5280.0,Vadodara
1340,9/1/2023,28.8,25.2,33.1,367.7,1005.4,9600.0,Vadodara
1341,10/1/2023,28.8,22.1,35.5,0.6,1011.6,17160.0,Vadodara
1342,11/1/2023,25.3,19.0,32.8,25.0,1013.2,13080.0,Vadodara
1343,12/1/2023,22.8,17.4,29.6,12.2,1014.3,13020.0,Vadodara
1344,1/1/2024,21.1,14.5,28.7,3.3,1014.9,14640.0,Vadodara
1345,2/1/2024,24.5,17.7,31.7,0.3,1014.4,15360.0,Vadodara
1346,3/1/2024,27.5,19.2,35.3,1.2,1011.9,18420.0,Vadodara
1347,4/1/2024,32.2,24.6,38.8,0.2,1007.9,16260.0,Vadodara
1348,5/1/2024,34.3,28.2,41.1,0.0,1004.2,18900.0,Vadodara
1349,6/1/2024,32.2,28.1,37.4,113.9,1001.9,14100.0,Vadodara
1350,7/1/2024,28.4,26.0,31.7,347.6,999.2,4560.0,Vadodara
1351,8/1/2024,29.1,26.0,32.1,471.0,1002.7,4500.0,Vadodara
1352,9/1/2024,29.5,25.9,33.2,190.0,1005.0,9180.0,Vadodara
1356,1/1/2025,21.6,14.1,29.1,0.0,1013.4,15900.0,Vadodara
1357,2/1/2025,24.7,16.4,32.2,0.0,1013.2,16380.0,Vadodara
1358,3/1/2025,29.1,20.9,37.4,0.0,1010.7,19200.0,Vadodara
1359,4/1/2025,32.8,25.0,40.9,0.0,1006.8,19320.0,Vadodara
1360,5/1/2025,31.6,26.7,36.8,61.7,1003.4,16020.0,Vadodara
1361,6/1/2025,30.4,27.0,34.7,222.5,1000.9,8880.0,Vadodara
1362,7/1/2025,28.7,25.7,32.2,239.6,1000.9,3180.0,Vadodara
1363,8/1/2025,27.5,25.1,31.1,261.4,1003.9,6720.0,Vadodara
1364,9/1/2025,28.3,24.7,32.3,275.7,1005.4,9780.0,Vadodara
1365,10/1/2025,26.9,22.7,31.9,135.7,1009.2,12720.0,Vadodara
1366,11/1/2025,23.5,18.1,30.2,19.8,1014.0,13980.0,Vadodara
1367,12/1/2025,22.5,16.6,29.9,0.0,1014.9,15420.0,Vadodara
1800,1/1/2020,13.7,8.0,19.5,48.0,1017.3,9420.0,Faridabad
1801,2/1/2020,17.0,9.9,24.1,2.0,1016.5,12120.0,Faridabad
1802,3/1/2020,21.6,15.0,28.2,109.0,1012.2,12420.0,Faridabad
1803,4/1/2020,27.7,20.1,35.3,14.0,1008.1,15420.0,Faridabad
1804,5/1/2020,31.9,24.4,39.5,21.0,1002.6,16080.0,Faridabad
1805,6/1/2020,32.6,26.7,38.5,82.0,998.9,13260.0,Faridabad
1806,7/1/2020,31.5,26.8,36.3,237.0,998.7,10740.0,Faridabad
1807,8/1/2020,30.6,26.6,34.6,237.0,998.3,9180.0,Faridabad
1808,9/1/2020,31.0,25.7,36.2,21.0,1002.6,13740.0,Faridabad
1809,10/1/2020,25.9,17.2,34.5,0.0,1008.0,13320.0,Faridabad
1810,11/1/2020,19.0,10.2,27.8,1.0,1016.3,6960.0,Faridabad
1811,12/1/2020,15.2,7.1,23.4,2.0,1016.7,8520.0,Faridabad
1812,1/1/2021,13.1,7.0,19.2,57.0,1016.0,6540.0,Faridabad
1813,2/1/2021,18.6,10.6,27.9,2.0,1014.2,12120.0,Faridabad
1815,4/1/2021,28.1,18.7,37.5,3.0,1007.1,13800.0,Faridabad
1816,5/1/2021,30.4,23.3,37.5,144.0,1003.1,11580.0,Faridabad
1817,6/1/2021,32.0,25.8,38.1,35.0,998.9,11700.0,Faridabad
1818,7/1/2021,31.4,26.4,36.5,507.0,998.1,10320.0,Faridabad
1819,8/1/2021,30.8,26.3,35.2,214.0,1000.5,9480.0,Faridabad
1820,9/1/2021,29.4,25.5,33.2,413.0,1003.7,9360.0,Faridabad
1821,10/1/2021,26.8,20.5,33.1,123.0,1008.6,15360.0,Faridabad
1822,11/1/2021,19.9,11.9,27.8,0.0,1013.7,10260.0,Faridabad
1823,12/1/2021,15.3,8.2,22.4,9.0,1018.2,7200.0,Faridabad
1824,1/1/2022,13.1,8.2,18.0,88.0,1016.3,3600.0,Faridabad
1825,2/1/2022,17.2,10.2,24.2,29.0,1013.3,12660.0,Faridabad
1826,3/1/2022,25.3,17.6,32.9,0.0,1009.0,14700.0,Faridabad
1827,4/1/2022,31.2,22.2,40.2,0.0,1004.2,13440.0,Faridabad
1828,5/1/2022,33.1,26.0,40.1,45.0,999.3,7260.0,Faridabad
1829,6/1/2022,33.7,27.2,40.1,25.0,997.9,9780.0,Faridabad
1830,7/1/2022,31.2,27.0,35.5,286.0,999.4,7980.0,Faridabad
1831,8/1/2022,30.4,26.4,34.4,41.0,1000.2,9660.0,Faridabad
1833,10/1/2022,24.9,18.5,31.4,128.0,1010.6,10500.0,Faridabad
1834,11/1/2022,20.5,12.3,28.7,0.0,1014.2,9000.0,Faridabad
1835,12/1/2022,15.5,7.5,23.4,0.0,1015.7,9660.0,Faridabad
1836,1/1/2023,13.2,6.6,19.7,20.0,1017.9,5340.0,Faridabad
1837,2/1/2023,19.5,11.2,27.7,0.0,1013.8,13380.0,Faridabad
1838,3/1/2023,23.6,16.2,30.9,54.0,1012.0,11400.0,Faridabad
1839,4/1/2023,27.3,19.4,35.3,16.0,1007.7,13740.0,Faridabad
1840,5/1/2023,29.6,22.4,36.8,86.0,1004.9,13740.0,Faridabad
1841,6/1/2023,31.5,25.9,37.1,101.0,999.0,11340.0,Faridabad
1842,7/1/2023,30.7,26.7,34.8,383.0,999.5,6240.0,Faridabad
1843,8/1/2023,31.1,26.8,35.4,106.0,1000.5,9420.0,Faridabad
1844,9/1/2023,30.4,25.3,35.6,83.0,1003.5,11040.0,Faridabad
1847,12/1/2023,16.3,8.6,24.1,0.0,1017.6,8520.0,Faridabad
1848,1/1/2024,12.3,6.6,18.1,0.0,1018.3,2460.0,Faridabad
1849,2/1/2024,16.7,9.3,24.1,32.0,1016.7,9840.0,Faridabad
1851,4/1/2024,28.9,20.7,37.0,7.0,1006.5,13860.0,Faridabad
1852,5/1/2024,33.9,26.5,41.4,4.0,1001.0,13860.0,Faridabad
1853,6/1/2024,34.7,28.8,40.6,244.0,997.7,8820.0,Faridabad
1855,8/1/2024,29.9,25.7,34.2,390.0,1001.0,8040.0,Faridabad
1856,9/1/2024,29.3,24.7,33.8,193.0,1003.3,7140.0,Faridabad
1857,10/1/2024,28.2,21.4,35.1,0.0,1009.1,12780.0,Faridabad
1858,11/1/2024,22.2,14.7,29.7,0.0,1014.3,2520.0,Faridabad
1859,12/1/2024,15.8,8.4,23.2,54.0,1016.8,2520.0,Faridabad
1860,1/1/2025,14.6,8.5,20.8,7.0,1016.6,7560.0,Faridabad
1861,2/1/2025,19.2,11.6,26.7,1.0,1014.7,10800.0,Faridabad
1862,3/1/2025,23.8,15.5,32.0,18.0,1010.7,15780.0,Faridabad
1863,4/1/2025,30.4,21.9,38.9,0.5,1005.0,13320.0,Faridabad
1864,5/1/2025,31.4,25.3,37.6,186.0,1001.4,10320.0,Faridabad
1865,6/1/2025,32.3,27.1,37.5,107.0,998.3,7980.0,Faridabad
1866,7/1/2025,30.3,26.1,34.5,259.0,997.4,6720.0,Faridabad
1867,8/1/2025,29.1,25.1,33.2,400.0,1001.4,5820.0,Faridabad
1868,9/1/2025,28.8,24.0,33.6,136.0,1004.0,12060.0,Faridabad
1869,10/1/2025,25.8,20.1,31.6,89.0,1010.1,9420.0,Faridabad
1870,11/1/2025,19.6,11.4,27.8,0.0,1015.5,8820.0,Faridabad
1871,12/1/2025,15.0,8.2,23.0,0.0,1017.1,7380.0,Faridabad
1944,1/1/2020,13.7,8.0,19.5,48.0,1017.3,9420.0,Meerut
1945,2/1/2020,17.0,9.9,24.1,2.0,1016.5,12120.0,Meerut
1946,3/1/2020,21.6,15.0,28.2,109.0,1012.2,12420.0,Meerut
1947,4/1/2020,27.7,20.1,35.3,14.0,1008.1,15420.0,Meerut
1948,5/1/2020,31.9,24.4,39.5,21.0,1002.6,16080.0,Meerut
1949,6/1/2020,32.6,26.7,38.5,82.0,998.9,13260.0,Meerut
1950,7/1/2020,31.5,26.8,36.3,237.0,998.7,10740.0,Meerut
1951,8/1/2020,30.6,26.6,34.6,237.0,998.3,9180.0,Meerut
1952,9/1/2020,31.0,25.7,36.2,21.0,1002.6,13740.0,Meerut
1953,10/1/2020,25.9,17.2,34.5,0.0,1008.0,13320.0,Meerut
1954,11/1/2020,19.0,10.2,27.8,1.0,1016.3,6960.0,Meerut
1955,12/1/2020,15.2,7.1,23.4,2.0,1016.7,8520.0,Meerut
1956,1/1/2021,12.7,8.0,19.5,57.0,1015.8,6540.0,Meerut
1957,2/1/2021,17.1,10.7,25.5,12.3,1014.7,12120.0,Meerut
1959,4/1/2021,27.5,19.6,36.3,4.1,1008.0,13800.0,Meerut
1960,5/1/2021,28.5,23.0,35.2,162.6,1004.2,11580.0,Meerut
1961,6/1/2021,30.5,25.6,35.9,35.7,1000.2,11700.0,Meerut
1962,7/1/2021,30.3,27.1,34.4,331.3,999.1,10320.0,Meerut
1963,8/1/2021,29.0,25.8,33.5,145.1,1001.6,9480.0,Meerut
1964,9/1/2021,27.7,24.8,32.2,130.8,1005.1,9360.0,Meerut
1965,10/1/2021,24.7,19.7,30.8,154.3,1008.9,15360.0,Meerut
1966,11/1/2021,18.4,12.1,26.2,0.0,1013.7,10260.0,Meerut
1967,12/1/2021,14.0,8.8,21.6,12.8,1018.1,7200.0,Meerut
1968,1/1/2022,12.1,7.8,18.3,84.9,1016.2,3600.0,Meerut
1969,2/1/2022,15.0,9.4,22.4,44.2,1013.4,12660.0,Meerut
1970,3/1/2022,24.1,16.7,32.2,0.8,1009.4,14700.0,Meerut
1971,4/1/2022,31.1,22.4,39.9,0.0,1004.6,13440.0,Meerut
1972,5/1/2022,31.3,24.9,38.5,45.0,1000.6,7260.0,Meerut
1973,6/1/2022,33.2,27.1,39.7,15.7,998.8,9780.0,Meerut
1974,7/1/2022,29.4,26.1,33.9,206.1,1001.0,7980.0,Meerut
1975,8/1/2022,29.2,25.8,33.6,94.8,1001.6,9660.0,Meerut
1977,10/1/2022,23.4,18.4,30.0,111.6,1011.1,10500.0,Meerut
1978,11/1/2022,19.1,13.7,26.7,1.2,1014.4,9000.0,Meerut
1979,12/1/2022,14.4,9.3,22.1,1.0,1015.6,9660.0,Meerut
1980,1/1/2023,11.8,7.2,18.9,28.4,1018.1,5340.0,Meerut
1981,2/1/2023,18.3,12.0,26.3,0.0,1014.1,13380.0,Meerut
1982,3/1/2023,21.7,15.5,29.2,71.5,1012.8,11400.0,Meerut
1983,4/1/2023,26.5,19.2,34.5,17.1,1008.6,13740.0,Meerut
1984,5/1/2023,28.4,21.9,35.7,63.5,1005.8,13740.0,Meerut
1985,6/1/2023,30.5,25.5,36.4,138.4,1000.9,11340.0,Meerut
1986,7/1/2023,28.7,25.6,32.8,285.5,1001.1,6240.0,Meerut
1987,8/1/2023,29.3,26.0,33.7,105.5,1001.2,9420.0,Meerut
1988,9/1/2023,28.3,24.4,33.6,67.7,1004.5,11040.0,Meerut
1991,12/1/2023,14.6,9.2,22.8,1.6,1017.6,8520.0,Meerut
1992,1/1/2024,10.7,5.8,18.3,26.5,1018.4,2460.0,Meerut
1993,2/1/2024,15.8,9.6,23.3,11.1,1016.9,9840.0,Meerut
1995,4/1/2024,28.9,21.2,36.7,1.9,1007.3,13860.0,Meerut
1996,5/1/2024,33.7,26.5,41.7,2.5,1002.1,13860.0,Meerut
1997,6/1/2024,35.0,29.4,41.1,50.0,998.8,8820.0,Meerut
1999,8/1/2024,29.9,25.7,34.2,390.0,1001.0,8040.0,Meerut
2000,9/1/2024,29.3,24.7,33.8,193.0,1003.3,7140.0,Meerut
2001,10/1/2024,25.8,20.2,33.1,0.0,1009.6,12780.0,Meerut
2002,11/1/2024,19.9,14.7,27.4,0.0,1014.5,2520.0,Meerut
2003,12/1/2024,13.6,8.6,21.5,54.0,1016.6,2520.0,Meerut
2004,1/1/2025,12.9,8.1,20.5,24.7,1016.6,7560.0,Meerut
2005,2/1/2025,17.0,11.4,24.9,35.3,1014.9,10800.0,Meerut
2006,3/1/2025,23.8,15.5,32.0,18.0,1010.7,15780.0,Meerut
2007,4/1/2025,28.4,21.2,36.9,1.7,1006.2,13320.0,Meerut
2008,5/1/2025,29.3,23.9,35.8,8.3,1002.6,10320.0,Meerut
2009,6/1/2025,29.8,25.4,35.5,149.5,999.6,7980.0,Meerut
2010,7/1/2025,28.9,25.9,33.1,170.9,998.8,6720.0,Meerut
2011,8/1/2025,28.3,25.5,32.2,258.5,1002.3,5820.0,Meerut
2012,9/1/2025,27.9,24.3,32.0,103.6,1004.9,12060.0,Meerut
2013,10/1/2025,23.8,18.8,29.4,29.3,1011.0,9420.0,Meerut
2014,11/1/2025,17.2,11.7,24.3,0.1,1015.3,8820.0,Meerut
2015,12/1/2025,13.6,8.6,20.9,0.1,1016.8,7380.0,Meerut
2016,1/1/2020,24.9,19.2,29.9,0.0,1013.4,13800.0,Kalyan-Dombivli
2017,2/1/2020,27.3,21.0,32.6,0.0,1012.7,11220.0,Kalyan-Dombivli
2018,3/1/2020,27.7,22.6,31.9,0.0,1011.2,12900.0,Kalyan-Dombivli
2019,4/1/2020,30.2,26.4,33.9,0.0,1009.6,14220.0,Kalyan-Dombivli
2020,5/1/2020,31.1,28.6,34.0,0.0,1007.3,15960.0,Kalyan-Dombivli
2021,6/1/2020,29.2,26.0,32.3,525.0,1003.7,8340.0,Kalyan-Dombivli
2022,7/1/2020,28.1,25.4,30.5,1501.9,1003.2,4620.0,Kalyan-Dombivli
2023,8/1/2020,27.6,25.0,29.6,826.5,1003.3,2760.0,Kalyan-Dombivli
2024,9/1/2020,28.4,25.3,31.4,320.0,1005.6,7080.0,Kalyan-Dombivli
2025,10/1/2020,29.2,25.6,32.7,224.0,1007.3,7920.0,Kalyan-Dombivli
2026,11/1/2020,28.7,23.1,33.9,0.0,1011.8,12720.0,Kalyan-Dombivli
2027,12/1/2020,26.6,20.8,32.3,25.0,1012.0,11400.0,Kalyan-Dombivli
2028,1/1/2021,25.9,20.5,30.9,1.0,1011.1,11100.0,Kalyan-Dombivli
2029,2/1/2021,27.3,21.4,32.9,0.0,1012.1,11280.0,Kalyan-Dombivli
2030,3/1/2021,29.7,23.9,35.0,0.0,1010.0,13200.0,Kalyan-Dombivli
2031,4/1/2021,30.0,26.2,33.6,0.0,1009.1,13620.0,Kalyan-Dombivli
2032,5/1/2021,30.7,27.8,33.8,154.4,1005.5,12000.0,Kalyan-Dombivli
2033,6/1/2021,28.6,25.5,31.5,317.0,1005.3,6360.0,Kalyan-Dombivli
2034,7/1/2021,28.6,25.7,30.8,773.9,1003.8,4800.0,Kalyan-Dombivli
2035,8/1/2021,27.8,25.1,30.0,336.1,1006.3,5520.0,Kalyan-Dombivli
2036,9/1/2021,27.7,24.8,30.1,406.3,1005.1,5820.0,Kalyan-Dombivli
2037,10/1/2021,29.4,25.2,33.5,109.0,1008.6,13620.0,Kalyan-Dombivli
2038,11/1/2021,29.5,25.0,34.1,45.5,1009.2,12720.0,Kalyan-Dombivli
2039,12/1/2021,25.8,21.0,30.6,152.0,1013.3,10080.0,Kalyan-Dombivli
2040,1/1/2022,24.5,19.3,29.3,5.6,1012.9,11940.0,Kalyan-Dombivli
2041,2/1/2022,25.3,19.3,30.5,0.0,1011.3,14220.0,Kalyan-Dombivli
2042,3/1/2022,30.0,24.7,34.9,0.0,1008.9,9240.0,Kalyan-Dombivli
2043,4/1/2022,30.6,26.8,34.5,0.1,1008.0,12120.0,Kalyan-Dombivli
2044,5/1/2022,30.9,28.8,34.0,7.0,1005.7,13080.0,Kalyan-Dombivli
2045,6/1/2022,29.3,26.6,32.9,298.3,1004.4,7860.0,Kalyan-Dombivli
2046,7/1/2022,27.8,25.3,29.8,1185.2,1004.0,3060.0,Kalyan-Dombivli
2047,8/1/2022,27.7,25.1,30.3,550.9,1004.2,5160.0,Kalyan-Dombivli
2048,9/1/2022,27.5,24.7,30.2,528.4,1006.6,5700.0,Kalyan-Dombivli
2049,10/1/2022,28.4,24.5,32.4,165.5,1009.8,11700.0,Kalyan-Dombivli
2050,11/1/2022,27.9,21.9,33.6,0.0,1011.7,12180.0,Kalyan-Dombivli
2051,12/1/2022,27.3,21.8,32.5,6.2,1011.4,10680.0,Kalyan-Dombivli
2052,1/1/2023,24.4,18.7,29.5,0.0,1013.4,11520.0,Kalyan-Dombivli
2053,2/1/2023,28.1,20.6,34.2,0.0,1012.4,13980.0,Kalyan-Dombivli
2054,3/1/2023,28.9,23.6,33.5,21.0,1011.2,12120.0,Kalyan-Dombivli
2055,4/1/2023,30.0,25.8,33.8,15.3,1009.0,14220.0,Kalyan-Dombivli
2056,5/1/2023,30.8,28.3,33.6,0.6,1008.8,17220.0,Kalyan-Dombivli
2057,6/1/2023,30.4,27.8,33.7,561.1,1005.7,11460.0,Kalyan-Dombivli
2058,7/1/2023,27.8,25.3,29.4,1768.9,1004.7,1680.0,Kalyan-Dombivli
2059,8/1/2023,28.6,26.3,30.8,187.3,1007.9,7140.0,Kalyan-Dombivli
2060,9/1/2023,28.2,25.2,31.0,483.8,1006.6,6660.0,Kalyan-Dombivli
2061,10/1/2023,30.2,25.8,34.5,13.0,1011.0,10200.0,Kalyan-Dombivli
2062,11/1/2023,29.4,24.3,34.4,7.1,1011.7,11040.0,Kalyan-Dombivli
2063,12/1/2023,27.9,22.8,32.9,0.0,1012.3,10140.0,Kalyan-Dombivli
2064,1/1/2024,26.3,19.9,31.3,1.1,1013.2,12240.0,Kalyan-Dombivli
2065,2/1/2024,27.1,20.6,32.6,0.0,1013.5,14700.0,Kalyan-Dombivli
2066,3/1/2024,28.3,23.2,32.8,0.1,1011.9,14340.0,Kalyan-Dombivli
2067,4/1/2024,30.7,26.6,34.7,0.0,1008.2,14340.0,Kalyan-Dombivli
2069,6/1/2024,29.7,27.2,33.2,351.3,1004.0,6780.0,Kalyan-Dombivli
2070,7/1/2024,27.5,25.3,29.8,1663.8,1002.1,1020.0,Kalyan-Dombivli
2071,8/1/2024,28.2,26.3,30.9,390.5,1005.7,5700.0,Kalyan-Dombivli
2072,9/1/2024,27.7,25.2,30.6,659.3,1006.5,8040.0,Kalyan-Dombivli
2073,10/1/2024,29.3,25.6,33.3,112.0,1008.8,11040.0,Kalyan-Dombivli
2074,11/1/2024,28.4,22.6,34.1,0.5,1011.2,10560.0,Kalyan-Dombivli
2075,12/1/2024,26.2,20.6,32.0,0.0,1011.7,8040.0,Kalyan-Dombivli
2076,1/1/2025,26.2,20.0,32.2,0.0,1011.9,11100.0,Kalyan-Dombivli
2077,2/1/2025,28.0,21.2,34.0,0.0,1012.2,13560.0,Kalyan-Dombivli
2078,3/1/2025,29.3,24.2,34.4,0.0,1010.0,13680.0,Kalyan-Dombivli
2079,4/1/2025,30.2,26.7,34.1,0.7,1008.2,13800.0,Kalyan-Dombivli
2080,5/1/2025,29.5,25.8,32.9,237.0,1005.0,10140.0,Kalyan-Dombivli
2081,6/1/2025,28.6,26.2,31.4,510.9,1003.6,5460.0,Kalyan-Dombivli
2082,7/1/2025,28.1,26.0,30.0,801.7,1003.5,2760.0,Kalyan-Dombivli
2083,8/1/2025,27.4,25.5,29.5,1098.0,1005.7,4500.0,Kalyan-Dombivli
2084,9/1/2025,27.0,25.4,29.0,480.7,1007.2,4020.0,Kalyan-Dombivli
2085,10/1/2025,29.1,26.3,32.8,122.4,1008.0,10800.0,Kalyan-Dombivli
2086,11/1/2025,27.8,24.3,32.0,9.0,1012.5,11880.0,Kalyan-Dombivli
2087,12/1/2025,27.0,22.8,32.1,0.0,1012.9,11700.0,Kalyan-Dombivli
2088,1/1/2020,24.9,19.2,29.9,0.0,1013.4,13800.0,Vasai-Virar
2089,2/1/2020,27.3,21.0,32.6,0.0,1012.7,11220.0,Vasai-Virar
2090,3/1/2020,27.7,22.6,31.9,0.0,1011.2,12900.0,Vasai-Virar
2091,4/1/2020,30.2,26.4,33.9,0.0,1009.6,14220.0,Vasai-Virar
2092,5/1/2020,31.1,28.6,34.0,0.0,1007.3,15960.0,Vasai-Virar
2093,6/1/2020,29.2,26.0,32.3,525.0,1003.7,8340.0,Vasai-Virar
2094,7/1/2020,28.1,25.4,30.5,1501.9,1003.2,4620.0,Vasai-Virar
2095,8/1/2020,27.6,25.0,29.6,826.5,1003.3,2760.0,Vasai-Virar
2096,9/1/2020,28.4,25.3,31.4,320.0,1005.6,7080.0,Vasai-Virar
2097,10/1/2020,29.2,25.6,32.7,224.0,1007.3,7920.0,Vasai-Virar
2098,11/1/2020,28.7,23.1,33.9,0.0,1011.8,12720.0,Vasai-Virar
2099,12/1/2020,26.6,20.8,32.3,25.0,1012.0,11400.0,Vasai-Virar
2100,1/1/2021,25.9,20.5,30.9,1.0,1011.1,11100.0,Vasai-Virar
2101,2/1/2021,27.3,21.4,32.9,0.0,1012.1,11280.0,Vasai-Virar
2102,3/1/2021,29.7,23.9,35.0,0.0,1010.0,13200.0,Vasai-Virar
2103,4/1/2021,30.0,26.2,33.6,0.0,1009.1,13620.0,Vasai-Virar
2104,5/1/2021,30.7,27.8,33.8,154.4,1005.5,12000.0,Vasai-Virar
2105,6/1/2021,28.6,25.5,31.5,317.0,1005.3,6360.0,Vasai-Virar
2106,7/1/2021,28.6,25.7,30.8,773.9,1003.8,4800.0,Vasai-Virar
2107,8/1/2021,27.8,25.1,30.0,295.1,1006.3,5520.0,Vasai-Virar
2108,9/1/2021,27.7,24.8,30.1,436.9,1005.1,5820.0,Vasai-Virar
2109,10/1/2021,29.4,25.2,33.5,31.8,1008.6,13620.0,Vasai-Virar
2110,11/1/2021,29.5,25.0,34.1,50.1,1009.2,12720.0,Vasai-Virar
2111,12/1/2021,25.8,21.0,30.6,103.3,1013.3,10080.0,Vasai-Virar
2112,1/1/2022,24.5,19.3,29.3,9.6,1012.9,11940.0,Vasai-Virar
2113,2/1/2022,25.3,19.3,30.5,0.0,1011.3,14220.0,Vasai-Virar
2114,3/1/2022,30.0,24.7,34.9,0.1,1008.9,9240.0,Vasai-Virar
2115,4/1/2022,30.6,26.8,34.5,0.0,1008.0,12120.0,Vasai-Virar
2116,5/1/2022,30.9,28.8,34.0,7.0,1005.7,13080.0,Vasai-Virar
2117,6/1/2022,29.3,26.6,32.9,298.3,1004.4,7860.0,Vasai-Virar
2118,7/1/2022,27.8,25.3,29.8,1185.2,1004.0,3060.0,Vasai-Virar
2119,8/1/2022,27.7,25.1,30.3,550.9,1004.2,5160.0,Vasai-Virar
2120,9/1/2022,27.5,24.7,30.2,528.4,1006.6,5700.0,Vasai-Virar
2121,10/1/2022,28.4,24.5,32.4,165.5,1009.8,11700.0,Vasai-Virar
2122,11/1/2022,27.9,21.9,33.6,0.0,1011.7,12180.0,Vasai-Virar
2123,12/1/2022,27.3,21.8,32.5,6.2,1011.4,10680.0,Vasai-Virar
2124,1/1/2023,24.4,18.7,29.5,0.0,1013.4,11520.0,Vasai-Virar
2125,2/1/2023,28.1,20.6,34.2,0.0,1012.4,13980.0,Vasai-Virar
2126,3/1/2023,28.9,23.6,33.5,21.0,1011.2,12120.0,Vasai-Virar
2127,4/1/2023,30.0,25.8,33.8,15.3,1009.0,14220.0,Vasai-Virar
2128,5/1/2023,30.8,28.3,33.6,0.6,1008.8,17220.0,Vasai-Virar
2129,6/1/2023,30.4,27.8,33.7,561.1,1005.7,11460.0,Vasai-Virar
2130,7/1/2023,27.8,25.3,29.4,1768.9,1004.7,1680.0,Vasai-Virar
2131,8/1/2023,28.6,26.3,30.8,187.3,1007.9,7140.0,Vasai-Virar
2132,9/1/2023,28.2,25.2,31.0,483.8,1006.6,6660.0,Vasai-Virar
2133,10/1/2023,30.2,25.8,34.5,13.0,1011.0,10200.0,Vasai-Virar
2134,11/1/2023,29.4,24.3,34.4,7.1,1011.7,11040.0,Vasai-Virar
2135,12/1/2023,27.9,22.8,32.9,0.0,1012.3,10140.0,Vasai-Virar
2136,1/1/2024,26.3,19.9,31.3,1.1,1013.2,12240.0,Vasai-Virar
2137,2/1/2024,27.1,20.6,32.6,0.0,1013.5,14700.0,Vasai-Virar
2138,3/1/2024,28.3,23.2,32.8,0.1,1011.9,14340.0,Vasai-Virar
2139,4/1/2024,30.7,26.6,34.7,0.0,1008.2,14340.0,Vasai-Virar
2141,6/1/2024,29.7,27.2,33.2,351.3,1004.0,6780.0,Vasai-Virar
2142,7/1/2024,27.5,25.3,29.8,1663.8,1002.1,1020.0,Vasai-Virar
2143,8/1/2024,28.2,26.3,30.9,390.5,1005.7,5700.0,Vasai-Virar
2144,9/1/2024,27.7,25.2,30.6,659.3,1006.5,8040.0,Vasai-Virar
2145,10/1/2024,29.3,25.6,33.3,112.0,1008.8,11040.0,Vasai-Virar
2146,11/1/2024,28.4,22.6,34.1,0.5,1011.2,10560.0,Vasai-Virar
2147,12/1/2024,26.2,20.6,32.0,0.0,1011.7,8040.0,Vasai-Virar
2148,1/1/2025,26.2,20.0,32.2,0.0,1011.9,11100.0,Vasai-Virar
2149,2/1/2025,28.0,21.2,34.0,0.0,1012.2,13560.0,Vasai-Virar
2150,3/1/2025,29.3,24.2,34.4,0.0,1010.0,13680.0,Vasai-Virar
2151,4/1/2025,30.2,26.7,34.1,0.0,1008.2,13800.0,Vasai-Virar
2152,5/1/2025,29.5,25.8,32.9,237.0,1005.0,10140.0,Vasai-Virar
2153,6/1/2025,28.6,26.2,31.4,510.9,1003.6,5460.0,Vasai-Virar
2154,7/1/2025,28.1,26.0,30.0,801.7,1003.5,2760.0,Vasai-Virar
2155,8/1/2025,27.4,25.5,29.5,1098.0,1005.7,4500.0,Vasai-Virar
2156,9/1/2025,27.0,25.4,29.0,480.7,1007.2,4020.0,Vasai-Virar
2157,10/1/2025,29.1,26.3,32.8,170.2,1008.0,10800.0,Vasai-Virar
2158,11/1/2025,27.8,24.3,32.0,9.2,1012.5,11880.0,Vasai-Virar
2159,12/1/2025,27.0,22.8,32.1,0.0,1012.9,11700.0,Vasai-Virar
2232,1/1/2020,1.9,-1.8,5.7,136.0,1022.2,3240.0,Srinagar
2233,2/1/2020,6.1,-0.3,12.6,7.0,1021.1,10080.0,Srinagar
2234,3/1/2020,9.7,4.1,15.3,93.0,1016.7,6120.0,Srinagar
2235,4/1/2020,14.3,7.8,20.8,64.0,1015.2,8220.0,Srinagar
2239,8/1/2020,25.0,18.9,31.0,124.0,1008.2,10800.0,Srinagar
2240,9/1/2020,20.1,12.5,28.5,23.0,1014.5,12960.0,Srinagar
2241,10/1/2020,14.4,4.1,24.7,0.0,1016.8,15060.0,Srinagar
2242,11/1/2020,7.3,0.5,14.1,21.0,1022.2,5340.0,Srinagar
2243,12/1/2020,3.9,-1.8,9.6,49.0,1021.7,5520.0,Srinagar
2244,1/1/2021,0.6,-4.5,5.7,151.0,1024.1,5220.0,Srinagar
2245,2/1/2021,6.9,0.9,12.9,25.0,1022.8,8520.0,Srinagar
2246,3/1/2021,10.4,5.4,15.4,147.0,1019.9,7200.0,Srinagar
2247,4/1/2021,13.1,7.3,19.0,126.0,1017.7,8100.0,Srinagar
2248,5/1/2021,18.3,12.1,24.5,52.0,1012.0,9900.0,Srinagar
2249,6/1/2021,22.4,15.6,29.3,19.0,1006.1,13380.0,Srinagar
2250,7/1/2021,24.7,19.5,30.0,51.0,1003.5,10380.0,Srinagar
2251,8/1/2021,23.8,17.5,30.1,23.0,1005.6,13380.0,Srinagar
2252,9/1/2021,22.7,15.7,29.5,44.0,1009.4,12420.0,Srinagar
2253,10/1/2021,15.0,8.7,21.4,58.0,1016.0,10980.0,Srinagar
2254,11/1/2021,7.7,0.7,14.7,3.0,1019.7,3720.0,Srinagar
2256,1/1/2022,3.5,-0.1,7.2,99.0,1024.1,4440.0,Srinagar
2257,2/1/2022,5.7,0.3,11.1,101.0,1021.4,7260.0,Srinagar
2258,3/1/2022,13.5,6.7,20.4,16.0,1019.7,11040.0,Srinagar
2259,4/1/2022,17.2,9.9,24.4,36.0,1015.4,12480.0,Srinagar
2260,5/1/2022,19.6,13.4,26.2,50.0,1009.4,13380.0,Srinagar
2261,6/1/2022,21.4,15.1,27.7,108.0,1006.9,11880.0,Srinagar
2262,7/1/2022,25.0,20.6,29.4,122.0,1005.4,7500.0,Srinagar
2264,9/1/2022,22.0,15.1,28.9,36.0,1008.9,14040.0,Srinagar
2265,10/1/2022,14.9,7.0,22.7,25.0,1017.3,12480.0,Srinagar
2266,11/1/2022,8.2,2.3,14.0,73.0,1023.6,6240.0,Srinagar
2267,12/1/2022,4.0,-2.5,10.6,7.0,1022.0,5280.0,Srinagar
2268,1/1/2023,3.0,-1.1,7.1,90.0,1025.9,4320.0,Srinagar
2269,2/1/2023,7.4,1.8,13.0,40.0,1023.7,6000.0,Srinagar
2270,3/1/2023,11.9,5.3,18.4,27.0,1019.8,8640.0,Srinagar
2271,4/1/2023,13.5,7.3,19.8,146.0,1016.9,8460.0,Srinagar
2273,6/1/2023,22.7,16.4,28.9,62.0,1006.9,13020.0,Srinagar
2274,7/1/2023,23.5,18.5,28.5,187.0,1005.7,10440.0,Srinagar
2275,8/1/2023,24.7,17.9,31.4,9.0,1004.1,13920.0,Srinagar
2276,9/1/2023,22.6,15.1,30.0,28.0,1008.6,13740.0,Srinagar
2277,10/1/2023,14.9,7.2,22.5,44.0,1017.7,11400.0,Srinagar
2278,11/1/2023,8.7,2.1,15.3,37.0,1022.3,4860.0,Srinagar
2279,12/1/2023,4.2,-2.0,10.4,17.0,1024.8,4320.0,Srinagar
2280,1/1/2024,2.6,-3.2,11.7,3.0,1021.4,6840.0,Srinagar
2281,2/1/2024,4.6,-1.0,10.2,88.0,1025.6,7800.0,Srinagar
2282,3/1/2024,10.4,4.1,16.6,156.0,1020.3,9120.0,Srinagar
2283,4/1/2024,13.4,7.6,19.2,204.0,1016.4,9300.0,Srinagar
2284,5/1/2024,19.8,12.3,27.2,15.0,1011.5,14640.0,Srinagar
2285,6/1/2024,22.0,15.1,28.9,25.0,1007.5,11460.0,Srinagar
2286,7/1/2024,26.8,20.7,32.9,9.0,1000.6,11940.0,Srinagar
2287,8/1/2024,24.6,19.6,29.5,124.0,1004.3,9360.0,Srinagar
2288,9/1/2024,22.6,15.6,29.6,45.0,1007.0,12240.0,Srinagar
2289,10/1/2024,15.6,8.7,25.5,3.0,1015.1,12960.0,Srinagar
2290,11/1/2024,10.1,3.1,17.0,9.0,1020.0,6180.0,Srinagar
2291,12/1/2024,2.3,-3.5,8.2,23.0,1023.2,2460.0,Srinagar
2292,1/1/2025,3.4,-2.4,9.2,21.0,1022.9,7380.0,Srinagar
2293,2/1/2025,7.0,1.0,13.1,66.0,1021.3,7620.0,Srinagar
2294,3/1/2025,10.1,4.2,16.5,85.0,1018.6,9660.0,Srinagar
2295,4/1/2025,15.9,8.5,23.4,76.0,1015.2,12420.0,Srinagar
2296,5/1/2025,20.8,14.1,27.4,97.0,1009.2,12720.0,Srinagar
2297,6/1/2025,24.4,18.2,30.7,37.0,1004.6,13080.0,Srinagar
2298,7/1/2025,25.8,20.7,30.8,106.0,1002.4,9300.0,Srinagar
2299,8/1/2025,24.5,19.2,29.9,77.0,1005.7,10260.0,Srinagar
2300,9/1/2025,22.1,15.3,28.9,61.0,1009.1,12840.0,Srinagar
2301,10/1/2025,15.5,7.3,23.7,29.0,1016.3,13080.0,Srinagar
2302,11/1/2025,7.9,-0.8,16.7,8.0,1019.8,8220.0,Srinagar
2303,12/1/2025,5.4,-0.7,11.4,16.0,1021.1,9540.0,Srinagar
2448,1/1/2020,10.9,5.3,16.4,63.0,1018.3,7800.0,Amritsar
2449,2/1/2020,14.8,7.6,22.0,20.0,1017.1,12240.0,Amritsar
2450,3/1/2020,18.2,12.3,24.2,64.0,1013.1,10920.0,Amritsar
2451,4/1/2020,24.4,17.1,31.7,33.0,1009.4,14880.0,Amritsar
2452,5/1/2020,29.6,22.1,37.1,9.0,1003.3,15900.0,Amritsar
2453,6/1/2020,31.2,25.2,37.2,43.0,999.3,14100.0,Amritsar
2454,7/1/2020,30.7,26.2,35.2,201.0,998.6,10800.0,Amritsar
2455,8/1/2020,30.2,26.4,34.1,183.0,998.5,11820.0,Amritsar
2456,9/1/2020,29.8,24.7,34.9,19.0,1003.2,13500.0,Amritsar
2457,10/1/2020,24.7,16.2,33.2,0.0,1008.7,14640.0,Amritsar
2458,11/1/2020,17.3,9.9,24.8,15.0,1016.9,9240.0,Amritsar
2459,12/1/2020,12.0,6.2,18.2,17.0,1017.5,7200.0,Amritsar
2460,1/1/2021,11.3,6.2,16.4,25.0,1016.4,5460.0,Amritsar
2461,2/1/2021,16.1,9.5,22.6,2.0,1015.0,9540.0,Amritsar
2462,3/1/2021,21.1,13.6,28.5,11.0,1010.7,11700.0,Amritsar
2463,4/1/2021,24.9,16.1,33.6,21.0,1008.4,13500.0,Amritsar
2464,5/1/2021,29.7,22.3,37.0,17.0,1003.2,15360.0,Amritsar
2465,6/1/2021,31.8,25.6,37.9,53.0,999.0,15600.0,Amritsar
2466,7/1/2021,31.0,26.9,35.1,207.0,997.5,10140.0,Amritsar
2467,8/1/2021,30.6,26.4,34.7,75.0,1000.4,13500.0,Amritsar
2468,9/1/2021,28.4,24.6,33.2,287.0,1004.7,9780.0,Amritsar
2469,10/1/2021,25.2,19.2,31.2,34.0,1009.0,13440.0,Amritsar
2471,12/1/2021,12.9,5.8,19.9,0.0,1019.0,6360.0,Amritsar
2472,1/1/2022,11.6,7.7,15.5,109.0,1016.6,3900.0,Amritsar
2473,2/1/2022,14.0,7.3,20.7,28.0,1013.8,11220.0,Amritsar
2474,3/1/2022,22.5,15.0,30.1,2.0,1009.8,14700.0,Amritsar
2475,4/1/2022,29.5,20.2,38.9,1.0,1004.3,15360.0,Amritsar
2476,5/1/2022,32.6,25.3,40.0,7.0,999.0,11040.0,Amritsar
2477,6/1/2022,33.1,26.2,39.9,50.0,997.4,14580.0,Amritsar
2478,7/1/2022,28.8,27.1,34.2,249.0,1000.0,6420.0,Amritsar
2479,8/1/2022,30.5,27.4,35.6,225.0,1000.8,13320.0,Amritsar
2480,9/1/2022,29.2,24.9,33.5,81.0,1004.2,11700.0,Amritsar
2481,10/1/2022,25.2,18.9,31.6,1.0,1010.9,13260.0,Amritsar
2482,11/1/2022,19.1,11.8,26.4,1.0,1015.0,10740.0,Amritsar
2483,12/1/2022,13.6,6.9,20.2,1.0,1016.7,8700.0,Amritsar
2484,1/1/2023,11.2,5.9,16.5,11.0,1018.9,6240.0,Amritsar
2485,2/1/2023,17.1,9.5,24.6,3.0,1014.6,11340.0,Amritsar
2486,3/1/2023,20.9,14.6,27.4,41.0,1013.0,12540.0,Amritsar
2487,4/1/2023,25.7,17.9,33.6,15.0,1008.4,15540.0,Amritsar
2488,5/1/2023,29.0,21.4,36.2,29.0,1005.2,14640.0,Amritsar
2489,6/1/2023,31.3,26.0,36.5,303.0,999.8,14820.0,Amritsar
2490,7/1/2023,30.0,26.4,33.6,364.0,999.8,8880.0,Amritsar
2491,8/1/2023,31.0,26.7,35.2,125.0,999.7,12960.0,Amritsar
2492,9/1/2023,29.7,25.5,32.8,146.0,1004.0,10740.0,Amritsar
2493,10/1/2023,24.7,18.4,29.2,29.0,1011.7,13560.0,Amritsar
2494,11/1/2023,19.9,13.4,26.5,21.0,1016.4,8520.0,Amritsar
2495,12/1/2023,14.1,7.4,20.7,0.5,1018.4,8700.0,Amritsar
2498,3/1/2024,20.1,13.2,27.0,36.0,1013.0,12540.0,Amritsar
2499,4/1/2024,25.8,18.0,33.7,28.0,1007.4,15540.0,Amritsar
2500,5/1/2024,32.8,24.2,41.3,1.0,1001.3,18120.0,Amritsar
2501,6/1/2024,34.9,27.7,42.0,49.0,997.6,15840.0,Amritsar
2502,7/1/2024,32.3,28.1,36.4,121.0,996.0,9420.0,Amritsar
2503,8/1/2024,30.6,27.1,34.2,287.0,1001.4,10020.0,Amritsar
2504,9/1/2024,28.8,25.6,33.9,27.0,1003.5,11520.0,Amritsar
2505,10/1/2024,26.2,19.8,32.5,17.0,1009.7,14100.0,Amritsar
2506,11/1/2024,19.9,13.8,26.1,0.0,1014.8,4260.0,Amritsar
2507,12/1/2024,12.2,6.4,19.7,25.0,1017.6,8640.0,Amritsar
2508,1/1/2025,12.3,6.4,18.2,8.0,1017.2,8940.0,Amritsar
2509,2/1/2025,15.7,9.3,22.1,55.0,1015.7,9900.0,Amritsar
2510,3/1/2025,19.7,12.3,27.1,27.0,1011.8,16020.0,Amritsar
2511,4/1/2025,28.0,19.6,36.4,90.0,1005.3,16440.0,Amritsar
2880,1/1/2020,26.5,22.0,30.9,1.0,1013.8,13680.0,Vijayawada
2881,2/1/2020,27.3,22.7,32.0,12.0,1013.8,15480.0,Vijayawada
2882,3/1/2020,29.2,24.4,34.0,0.0,1011.1,16440.0,Vijayawada
2883,4/1/2020,30.6,26.0,35.2,46.0,1009.5,16620.0,Vijayawada
2884,5/1/2020,32.9,28.5,37.4,0.0,1005.0,16920.0,Vijayawada
2885,6/1/2020,32.3,28.0,36.5,126.0,1002.5,9480.0,Vijayawada
2886,7/1/2020,30.0,26.5,33.5,244.0,1003.1,8340.0,Vijayawada
2887,8/1/2020,29.1,26.2,32.1,236.0,1002.9,6180.0,Vijayawada
2888,9/1/2020,29.9,26.5,33.3,298.0,1003.9,8280.0,Vijayawada
2889,10/1/2020,29.0,25.8,32.2,229.0,1005.3,7380.0,Vijayawada
2890,11/1/2020,27.3,23.5,31.0,318.0,1011.8,10740.0,Vijayawada
2891,12/1/2020,25.5,20.8,30.3,4.0,1012.7,12780.0,Vijayawada
2892,1/1/2021,25.0,20.3,30.4,0.0,1012.3,12420.0,Vijayawada
2893,2/1/2021,25.4,19.9,31.9,0.3,1013.0,14460.0,Vijayawada
2894,3/1/2021,28.5,22.4,36.5,0.2,1010.4,15780.0,Vijayawada
2895,4/1/2021,30.9,25.6,38.1,32.3,1008.3,16080.0,Vijayawada
2896,5/1/2021,32.0,27.3,38.1,132.3,1004.8,15840.0,Vijayawada
2897,6/1/2021,31.1,26.5,36.7,115.7,1003.8,9720.0,Vijayawada
2898,7/1/2021,29.2,25.6,33.7,521.2,1002.7,7380.0,Vijayawada
2899,8/1/2021,29.4,25.9,33.9,243.1,1004.5,10260.0,Vijayawada
2900,9/1/2021,29.1,25.4,33.7,336.8,1004.2,7140.0,Vijayawada
2901,10/1/2021,28.8,24.9,33.5,148.5,1007.5,11220.0,Vijayawada
2902,11/1/2021,26.6,23.4,30.3,188.8,1010.0,6840.0,Vijayawada
2903,12/1/2021,24.5,19.9,29.6,17.0,1013.9,13020.0,Vijayawada
2904,1/1/2022,24.2,19.5,29.2,54.6,1013.0,12840.0,Vijayawada
2905,2/1/2022,25.4,20.2,31.7,0.7,1011.9,14760.0,Vijayawada
2906,3/1/2022,29.0,23.4,36.0,7.0,1009.0,14160.0,Vijayawada
2907,4/1/2022,31.3,26.1,37.8,7.0,1007.5,15240.0,Vijayawada
2908,5/1/2022,33.0,27.4,39.5,37.0,1002.4,15180.0,Vijayawada
2909,6/1/2022,32.7,27.4,39.2,88.7,1002.5,9240.0,Vijayawada
2910,7/1/2022,28.8,25.1,32.9,254.5,1002.6,7200.0,Vijayawada
2911,8/1/2022,29.5,25.3,34.1,188.2,1003.1,10440.0,Vijayawada
2912,9/1/2022,28.5,24.9,32.6,227.6,1005.3,8640.0,Vijayawada
2913,10/1/2022,27.5,23.4,31.9,229.0,1008.8,10380.0,Vijayawada
2914,11/1/2022,26.0,21.6,30.7,12.7,1011.7,9420.0,Vijayawada
2915,12/1/2022,25.3,21.1,30.1,68.5,1011.9,11220.0,Vijayawada
2916,1/1/2023,24.1,19.2,29.5,1.2,1014.1,13980.0,Vijayawada
2917,2/1/2023,26.4,20.7,33.0,0.0,1012.7,14880.0,Vijayawada
2918,3/1/2023,27.9,22.4,34.5,41.0,1011.3,13860.0,Vijayawada
2919,4/1/2023,30.5,25.2,37.2,51.3,1008.4,15900.0,Vijayawada
2920,5/1/2023,31.7,26.5,37.9,100.2,1006.2,14100.0,Vijayawada
2921,6/1/2023,33.6,28.6,39.3,46.5,1002.4,11580.0,Vijayawada
2922,7/1/2023,29.0,26.0,33.4,320.1,1002.9,4560.0,Vijayawada
2923,8/1/2023,30.4,26.5,35.4,36.5,1005.3,11220.0,Vijayawada
2924,9/1/2023,29.3,25.5,33.7,345.7,1004.5,6300.0,Vijayawada
2925,10/1/2023,28.7,24.4,33.5,35.5,1010.1,12840.0,Vijayawada
2926,11/1/2023,27.0,23.2,31.5,42.0,1012.5,8940.0,Vijayawada
2927,12/1/2023,24.5,20.6,29.3,160.9,1013.4,9720.0,Vijayawada
2928,1/1/2024,24.6,20.4,29.9,1.0,1014.4,11880.0,Vijayawada
2929,2/1/2024,26.3,21.4,32.6,2.9,1014.2,15660.0,Vijayawada
2930,3/1/2024,28.9,23.6,35.8,4.2,1011.6,15120.0,Vijayawada
2931,4/1/2024,32.1,26.2,39.6,0.8,1007.6,16980.0,Vijayawada
2932,5/1/2024,32.2,27.8,38.0,153.9,1003.9,13680.0,Vijayawada
2933,6/1/2024,31.2,26.8,36.4,192.0,1002.8,6480.0,Vijayawada
2934,7/1/2024,29.2,25.7,33.0,208.6,1001.5,3840.0,Vijayawada
2935,8/1/2024,29.7,25.8,34.1,281.0,1004.2,10200.0,Vijayawada
2936,9/1/2024,29.0,25.4,33.6,314.6,1004.3,8280.0,Vijayawada
2937,10/1/2024,28.7,24.9,33.3,98.5,1008.2,13080.0,Vijayawada
2938,11/1/2024,26.6,22.6,31.1,42.8,1011.1,10260.0,Vijayawada
2939,12/1/2024,25.4,21.7,29.9,24.0,1011.9,7920.0,Vijayawada
2940,1/1/2025,24.0,19.2,29.5,0.1,1013.2,13620.0,Vijayawada
2941,2/1/2025,26.7,21.6,33.3,1.0,1012.6,16140.0,Vijayawada
2942,3/1/2025,29.5,24.3,34.6,0.0,1010.0,15000.0,Vijayawada
2943,4/1/2025,30.9,26.0,37.2,42.6,1007.7,15480.0,Vijayawada
2944,5/1/2025,30.7,26.1,36.6,149.3,1003.9,10440.0,Vijayawada
2945,6/1/2025,30.9,26.6,36.1,83.4,1002.7,9000.0,Vijayawada
2946,7/1/2025,30.1,26.0,34.9,227.6,1002.3,9060.0,Vijayawada
2947,8/1/2025,28.9,25.4,33.0,306.8,1004.3,9360.0,Vijayawada
2948,9/1/2025,28.2,24.8,32.4,217.0,1005.0,9240.0,Vijayawada
2949,10/1/2025,27.0,24.1,30.7,299.5,1008.2,8280.0,Vijayawada
2950,11/1/2025,26.0,22.0,31.3,27.5,1012.5,12000.0,Vijayawada
2951,12/1/2025,23.2,18.9,28.9,50.8,1014.0,9480.0,Vijayawada
3024,1/1/2020,17.6,11.1,24.1,28.0,1016.5,11700.0,Guwahati
3025,2/1/2020,19.6,12.3,26.9,16.0,1016.2,5220.0,Guwahati
3027,4/1/2020,25.5,19.0,32.0,245.0,1010.5,9060.0,Guwahati
3028,5/1/2020,26.9,21.9,32.0,358.0,1007.1,9660.0,Guwahati
3029,6/1/2020,28.9,24.6,33.2,431.0,1003.2,7200.0,Guwahati
3032,9/1/2020,28.8,24.6,33.0,256.0,1005.5,5220.0,Guwahati
3033,10/1/2020,29.1,24.5,33.7,55.0,1008.0,7560.0,Guwahati
3034,11/1/2020,23.5,17.2,29.9,0.0,1015.2,9240.0,Guwahati
3035,12/1/2020,19.5,13.1,26.2,0.0,1015.6,7200.0,Guwahati
3036,1/1/2021,18.9,12.7,25.2,0.0,1015.1,4740.0,Guwahati
3037,2/1/2021,21.2,13.5,28.9,7.0,1014.0,6120.0,Guwahati
3038,3/1/2021,24.9,17.6,32.3,75.0,1010.7,9960.0,Guwahati
3039,4/1/2021,27.1,20.7,33.4,132.0,1008.9,6900.0,Guwahati
3042,7/1/2021,28.9,26.2,31.7,186.0,1001.8,5760.0,Guwahati
3043,8/1/2021,30.1,26.3,33.9,84.0,1003.4,7020.0,Guwahati
3044,9/1/2021,30.3,25.8,34.7,193.0,1006.4,7020.0,Guwahati
3045,10/1/2021,28.7,23.8,33.7,56.0,1009.3,10980.0,Guwahati
3046,11/1/2021,22.9,16.5,29.3,0.0,1013.3,9780.0,Guwahati
3047,12/1/2021,19.9,12.7,27.0,0.0,1016.8,10620.0,Guwahati
3048,1/1/2022,18.3,11.5,25.2,33.0,1015.1,7980.0,Guwahati
3049,2/1/2022,18.1,11.0,25.3,50.0,1013.8,7740.0,Guwahati
3050,3/1/2022,25.9,18.3,33.6,5.0,1009.2,11160.0,Guwahati
3051,4/1/2022,25.9,21.5,30.3,101.0,1008.6,6900.0,Guwahati
3052,5/1/2022,28.0,23.6,32.4,293.0,1004.1,8100.0,Guwahati
3053,6/1/2022,28.1,24.5,31.7,501.0,1002.7,3240.0,Guwahati
3054,7/1/2022,30.9,26.5,35.2,179.0,1003.0,10500.0,Guwahati
3055,8/1/2022,31.0,26.7,35.3,159.0,1003.0,10260.0,Guwahati
3056,9/1/2022,30.1,25.7,34.4,81.0,1006.1,8280.0,Guwahati
3057,10/1/2022,27.2,22.6,31.8,159.0,1011.1,9780.0,Guwahati
3058,11/1/2022,23.7,17.3,30.2,0.0,1013.7,14040.0,Guwahati
3059,12/1/2022,20.4,14.1,26.8,0.0,1014.3,8520.0,Guwahati
3060,1/1/2023,18.5,11.0,26.1,0.0,1016.2,7320.0,Guwahati
3062,3/1/2023,24.0,17.5,30.5,138.0,1012.7,9960.0,Guwahati
3063,4/1/2023,26.3,20.0,32.7,111.0,1008.7,11700.0,Guwahati
3064,5/1/2023,27.9,22.4,33.4,149.0,1007.2,11040.0,Guwahati
3065,6/1/2023,29.2,25.0,33.4,338.0,1002.6,5880.0,Guwahati
3066,7/1/2023,30.3,26.1,34.6,171.0,1003.3,8280.0,Guwahati
3067,8/1/2023,29.8,25.9,33.8,90.0,1002.5,6060.0,Guwahati
3068,9/1/2023,30.3,25.5,35.2,101.0,1005.3,9480.0,Guwahati
3069,10/1/2023,26.7,21.2,32.2,111.0,1011.8,10080.0,Guwahati
3070,11/1/2023,24.0,17.5,30.4,0.0,1015.7,11280.0,Guwahati
3071,12/1/2023,20.6,13.9,27.2,7.0,1016.8,7920.0,Guwahati
3072,1/1/2024,18.0,11.4,24.6,10.0,1017.5,6960.0,Guwahati
3073,2/1/2024,19.5,12.3,26.7,5.0,1016.4,8400.0,Guwahati
3074,3/1/2024,23.3,16.0,30.6,48.0,1013.1,7800.0,Guwahati
3075,4/1/2024,27.9,21.8,34.0,88.0,1006.5,10620.0,Guwahati
3076,5/1/2024,28.7,23.5,33.9,241.0,1005.6,8040.0,Guwahati
3077,6/1/2024,29.0,25.6,32.4,385.0,1002.5,3960.0,Guwahati
3078,7/1/2024,30.7,26.9,34.5,244.0,1000.4,7560.0,Guwahati
3079,8/1/2024,30.0,26.1,33.9,263.0,1004.4,5640.0,Guwahati
3080,9/1/2024,30.6,26.1,35.2,84.0,1004.9,8460.0,Guwahati
3081,10/1/2024,27.1,23.5,30.8,154.0,1010.8,5580.0,Guwahati
3082,11/1/2024,24.2,18.3,30.1,2.0,1014.3,10200.0,Guwahati
3083,12/1/2024,19.6,13.0,26.3,0.0,1015.7,7980.0,Guwahati
3084,1/1/2025,19.1,13.1,25.2,4.0,1015.5,3720.0,Guwahati
3085,2/1/2025,20.4,13.5,27.3,1.0,1014.5,4320.0,Guwahati
3086,3/1/2025,24.3,17.2,31.5,18.0,1010.6,7020.0,Guwahati
3087,4/1/2025,26.9,21.2,32.6,118.0,1009.1,6360.0,Guwahati
3088,5/1/2025,27.3,23.2,31.3,448.0,1005.4,6180.0,Guwahati
3089,6/1/2025,30.2,25.9,34.4,185.0,1001.8,7920.0,Guwahati
3090,7/1/2025,30.7,26.8,34.7,208.0,1000.5,7560.0,Guwahati
3091,8/1/2025,29.6,26.0,33.2,319.0,1004.6,6240.0,Guwahati
3092,9/1/2025,30.0,26.2,33.8,197.0,1005.8,8820.0,Guwahati
3093,10/1/2025,27.9,23.8,32.0,68.0,1011.0,9420.0,Guwahati
3094,11/1/2025,23.8,18.5,29.0,27.0,1014.3,9780.0,Guwahati
3095,12/1/2025,19.6,13.7,25.4,0.0,1016.3,8400.0,Guwahati
3312,1/1/2020,13.1,8.8,18.7,48.0,1017.4,9420.0,Gurgaon
3313,2/1/2020,16.9,11.4,23.6,2.0,1016.7,12120.0,Gurgaon
3314,3/1/2020,21.4,15.7,27.7,109.0,1012.8,12420.0,Gurgaon
3315,4/1/2020,28.3,21.4,35.4,14.0,1009.3,15420.0,Gurgaon
3316,5/1/2020,32.3,25.0,39.9,21.0,1004.2,16080.0,Gurgaon
3317,6/1/2020,33.1,27.5,38.9,82.0,1000.5,13260.0,Gurgaon
3318,7/1/2020,31.1,27.5,36.1,237.0,1000.1,10740.0,Gurgaon
3319,8/1/2020,29.8,26.8,33.9,237.0,999.6,9180.0,Gurgaon
3320,9/1/2020,30.6,26.7,34.9,21.0,1004.0,13740.0,Gurgaon
3321,10/1/2020,25.9,19.8,33.1,0.0,1009.1,13320.0,Gurgaon
3322,11/1/2020,18.6,13.0,26.0,1.0,1016.7,6960.0,Gurgaon
3323,12/1/2020,14.4,9.4,21.3,2.0,1016.9,8520.0,Gurgaon
3324,1/1/2021,12.9,8.8,18.2,57.0,1016.1,6540.0,Gurgaon
3325,2/1/2021,18.5,12.5,26.0,2.0,1014.9,12120.0,Gurgaon
3327,4/1/2021,29.3,21.4,37.2,3.0,1008.5,13800.0,Gurgaon
3328,5/1/2021,30.5,24.6,37.7,144.0,1004.7,11580.0,Gurgaon
3329,6/1/2021,32.3,26.9,37.7,35.0,1000.9,11700.0,Gurgaon
3330,7/1/2021,31.4,27.6,36.2,507.0,999.8,10320.0,Gurgaon
3331,8/1/2021,30.5,27.4,34.4,214.0,1002.3,9480.0,Gurgaon
3332,9/1/2021,28.6,25.5,33.0,413.0,1005.5,9360.0,Gurgaon
3333,10/1/2021,26.4,21.9,32.0,123.0,1009.9,15360.0,Gurgaon
3334,11/1/2021,20.0,15.0,26.2,0.0,1014.4,10260.0,Gurgaon
3335,12/1/2021,15.3,10.9,21.0,9.0,1018.6,7200.0,Gurgaon
3336,1/1/2022,12.6,9.5,17.6,88.0,1016.6,3600.0,Gurgaon
3337,2/1/2022,17.1,11.9,23.5,29.0,1013.7,12660.0,Gurgaon
3338,3/1/2022,25.8,19.4,32.7,0.0,1010.2,14700.0,Gurgaon
3339,4/1/2022,33.0,25.6,40.4,0.0,1005.8,13440.0,Gurgaon
3340,5/1/2022,33.5,27.4,40.6,45.0,1001.1,7260.0,Gurgaon
3341,6/1/2022,34.7,29.2,41.1,26.7,1000.0,9780.0,Gurgaon
3342,7/1/2022,30.9,27.6,35.8,248.6,1001.4,7980.0,Gurgaon
3343,8/1/2022,30.2,26.9,34.4,121.5,1002.2,9660.0,Gurgaon
3345,10/1/2022,25.4,21.0,30.8,73.1,1011.8,10500.0,Gurgaon
3346,11/1/2022,21.1,16.0,27.2,8.5,1015.1,9000.0,Gurgaon
3347,12/1/2022,15.2,10.2,21.6,0.0,1016.3,9660.0,Gurgaon
3348,1/1/2023,12.8,8.7,18.2,36.4,1018.4,5340.0,Gurgaon
3349,2/1/2023,19.7,13.6,26.6,0.0,1014.8,13380.0,Gurgaon
3350,3/1/2023,23.5,18.2,29.7,83.9,1013.3,11400.0,Gurgaon
3351,4/1/2023,28.2,22.3,35.2,1.8,1009.3,13740.0,Gurgaon
3352,5/1/2023,30.1,24.4,37.2,67.8,1006.5,13740.0,Gurgaon
3353,6/1/2023,31.4,26.8,36.8,134.8,1001.8,11340.0,Gurgaon
3354,7/1/2023,29.9,26.9,34.1,206.5,1001.5,6240.0,Gurgaon
3355,8/1/2023,30.8,27.5,35.1,101.4,1002.2,9420.0,Gurgaon
3356,9/1/2023,30.0,26.1,34.9,102.4,1005.3,11040.0,Gurgaon
3359,12/1/2023,15.9,11.2,21.9,1.2,1018.2,8520.0,Gurgaon
3360,1/1/2024,11.4,8.1,16.5,11.3,1018.7,2460.0,Gurgaon
3361,2/1/2024,16.9,11.5,23.2,28.6,1017.4,9840.0,Gurgaon
3363,4/1/2024,29.9,23.2,36.3,0.2,1008.3,13860.0,Gurgaon
3364,5/1/2024,35.2,28.9,41.4,1.5,1003.0,13860.0,Gurgaon
3365,6/1/2024,35.7,30.3,41.3,143.0,1000.0,8820.0,Gurgaon
3367,8/1/2024,29.4,25.9,33.3,337.2,1002.7,8040.0,Gurgaon
3368,9/1/2024,28.5,25.0,32.8,201.8,1004.7,7140.0,Gurgaon
3369,10/1/2024,28.1,22.9,33.7,0.0,1010.5,12780.0,Gurgaon
3370,11/1/2024,21.7,16.4,27.9,0.0,1015.0,2520.0,Gurgaon
3371,12/1/2024,15.0,9.8,21.4,54.0,1017.2,2520.0,Gurgaon
3372,1/1/2025,13.8,9.5,19.6,19.7,1017.0,7560.0,Gurgaon
3373,2/1/2025,18.5,12.5,25.3,23.4,1015.4,10800.0,Gurgaon
3374,3/1/2025,23.9,16.7,30.8,18.0,1011.9,15780.0,Gurgaon
3375,4/1/2025,31.1,24.0,37.8,0.5,1006.8,13320.0,Gurgaon
3376,5/1/2025,31.5,26.0,37.6,126.3,1002.9,10320.0,Gurgaon
3377,6/1/2025,32.3,28.2,37.0,128.7,1000.1,7980.0,Gurgaon
3378,7/1/2025,29.7,25.9,34.0,256.9,999.4,6720.0,Gurgaon
3379,8/1/2025,29.2,25.8,33.0,282.9,1003.0,5820.0,Gurgaon
3380,9/1/2025,29.7,26.1,33.8,112.1,1005.9,12060.0,Gurgaon
3381,10/1/2025,25.2,20.9,30.4,89.0,1011.9,9420.0,Gurgaon
3382,11/1/2025,19.0,13.2,26.0,0.0,1016.0,8820.0,Gurgaon
3383,12/1/2025,14.7,9.8,21.6,0.0,1017.3,7380.0,Gurgaon
3384,1/1/2020,12.2,7.7,18.4,48.0,1017.6,9420.0,Aligarh
3385,2/1/2020,17.0,10.2,24.5,2.0,1016.8,12120.0,Aligarh
3386,3/1/2020,22.5,16.2,28.6,109.0,1012.6,12420.0,Aligarh
3387,4/1/2020,29.4,21.7,36.1,14.0,1008.6,15420.0,Aligarh
3388,5/1/2020,32.9,25.8,39.1,21.0,1003.4,16080.0,Aligarh
3389,6/1/2020,33.0,28.0,37.9,82.0,999.9,13260.0,Aligarh
3390,7/1/2020,31.6,28.0,36.0,237.0,999.7,10740.0,Aligarh
3391,8/1/2020,29.6,26.7,33.3,237.0,999.1,9180.0,Aligarh
3392,9/1/2020,30.5,26.0,35.7,21.0,1003.5,13740.0,Aligarh
3393,10/1/2020,26.2,18.5,34.3,0.0,1008.2,13320.0,Aligarh
3394,11/1/2020,18.4,11.8,26.9,1.0,1016.3,6960.0,Aligarh
3395,12/1/2020,14.3,8.8,22.5,2.0,1016.8,8520.0,Aligarh
3396,1/1/2021,13.5,8.5,20.0,57.0,1015.7,6540.0,Aligarh
3397,2/1/2021,17.9,11.4,25.3,23.6,1014.6,12120.0,Aligarh
3399,4/1/2021,29.0,21.0,37.4,0.0,1007.8,13800.0,Aligarh
3400,5/1/2021,29.9,24.4,36.5,93.0,1003.9,11580.0,Aligarh
3401,6/1/2021,32.3,27.2,37.5,16.4,1000.0,11700.0,Aligarh
3402,7/1/2021,31.1,28.0,34.8,367.6,998.9,10320.0,Aligarh
3403,8/1/2021,29.0,26.1,33.0,199.6,1001.5,9480.0,Aligarh
3404,9/1/2021,27.7,25.0,31.4,188.8,1004.7,9360.0,Aligarh
3405,10/1/2021,25.2,20.5,31.2,65.0,1008.9,15360.0,Aligarh
3406,11/1/2021,18.8,13.2,26.1,1.1,1013.7,10260.0,Aligarh
3407,12/1/2021,14.8,9.8,21.3,11.4,1018.0,7200.0,Aligarh
3408,1/1/2022,12.5,7.9,18.2,50.5,1016.2,3600.0,Aligarh
3409,2/1/2022,15.6,9.8,22.4,38.5,1013.3,12660.0,Aligarh
3410,3/1/2022,24.7,17.1,32.7,0.8,1009.4,14700.0,Aligarh
3411,4/1/2022,32.3,23.5,40.7,0.0,1004.6,13440.0,Aligarh
3412,5/1/2022,33.0,26.4,40.4,45.0,1000.4,7260.0,Aligarh
3413,6/1/2022,33.9,28.1,39.9,34.9,998.9,9780.0,Aligarh
3414,7/1/2022,30.2,26.7,34.6,191.8,1000.6,7980.0,Aligarh
3415,8/1/2022,28.8,25.8,32.6,134.3,1001.4,9660.0,Aligarh
3417,10/1/2022,24.1,19.3,29.8,134.1,1011.0,10500.0,Aligarh
3418,11/1/2022,20.0,14.4,27.2,0.9,1014.4,9000.0,Aligarh
3419,12/1/2022,15.2,9.7,22.8,0.0,1015.6,9660.0,Aligarh
3420,1/1/2023,12.4,7.3,19.1,69.1,1017.9,5340.0,Aligarh
3421,2/1/2023,18.7,12.1,26.4,0.0,1014.2,13380.0,Aligarh
3422,3/1/2023,22.3,15.9,29.3,55.0,1012.7,11400.0,Aligarh
3423,4/1/2023,27.4,20.2,34.8,10.8,1008.6,13740.0,Aligarh
3424,5/1/2023,29.8,23.1,37.1,34.1,1005.6,13740.0,Aligarh
3425,6/1/2023,31.5,26.6,36.6,124.2,1000.7,11340.0,Aligarh
3426,7/1/2023,29.1,26.1,32.8,257.0,1000.9,6240.0,Aligarh
3427,8/1/2023,29.4,26.2,33.3,180.0,1001.5,9420.0,Aligarh
3428,9/1/2023,28.4,24.8,32.7,109.0,1004.3,11040.0,Aligarh
3431,12/1/2023,15.4,10.1,22.2,7.9,1017.5,8520.0,Aligarh
3432,1/1/2024,11.1,5.8,18.0,4.7,1018.1,2460.0,Aligarh
3433,2/1/2024,15.7,10.0,22.4,28.0,1016.8,9840.0,Aligarh
3435,4/1/2024,29.2,21.5,36.5,0.3,1007.2,13860.0,Aligarh
3436,5/1/2024,33.9,26.5,41.5,0.2,1002.0,13860.0,Aligarh
3437,6/1/2024,35.2,29.5,41.0,134.6,998.9,8820.0,Aligarh
3439,8/1/2024,29.3,27.1,32.5,390.0,1001.4,8040.0,Aligarh
3440,9/1/2024,29.0,26.3,32.9,193.0,1003.0,7140.0,Aligarh
3441,10/1/2024,26.3,20.9,32.3,0.0,1009.6,12780.0,Aligarh
3442,11/1/2024,21.0,15.3,27.8,0.0,1014.5,2520.0,Aligarh
3443,12/1/2024,14.5,9.5,21.2,54.0,1016.4,2520.0,Aligarh
3444,1/1/2025,13.6,8.6,20.2,17.3,1016.4,7560.0,Aligarh
3445,2/1/2025,18.1,12.3,24.7,14.3,1014.8,10800.0,Aligarh
3446,3/1/2025,24.5,16.8,31.4,18.0,1010.7,15780.0,Aligarh
3447,4/1/2025,30.9,23.2,39.0,5.9,1006.0,13320.0,Aligarh
3448,5/1/2025,31.3,25.4,38.0,28.9,1002.3,10320.0,Aligarh
3449,6/1/2025,31.2,26.4,36.5,141.4,999.4,7980.0,Aligarh
3450,7/1/2025,29.1,26.2,32.9,177.8,998.6,6720.0,Aligarh
3451,8/1/2025,28.5,25.8,31.9,286.3,1002.2,5820.0,Aligarh
3452,9/1/2025,28.2,24.8,32.5,130.4,1004.7,12060.0,Aligarh
3453,10/1/2025,24.1,19.5,29.5,49.3,1010.9,9420.0,Aligarh
3454,11/1/2025,18.1,12.5,25.6,0.0,1015.3,8820.0,Aligarh
3455,12/1/2025,14.4,9.4,21.5,0.0,1016.8,7380.0,Aligarh
3600,1/1/2020,10.9,5.3,16.4,63.0,1018.3,7800.0,Jalandhar
3601,2/1/2020,14.8,7.6,22.0,20.0,1017.1,12240.0,Jalandhar
3602,3/1/2020,18.2,12.3,24.2,64.0,1013.1,10920.0,Jalandhar
3603,4/1/2020,24.4,17.1,31.7,33.0,1009.4,14880.0,Jalandhar
3604,5/1/2020,29.6,22.1,37.1,9.0,1003.3,15900.0,Jalandhar
3605,6/1/2020,31.2,25.2,37.2,43.0,999.3,14100.0,Jalandhar
3606,7/1/2020,30.7,26.2,35.2,201.0,998.6,10800.0,Jalandhar
3607,8/1/2020,30.2,26.4,34.1,183.0,998.5,11820.0,Jalandhar
3608,9/1/2020,29.8,24.7,34.9,19.0,1003.2,13500.0,Jalandhar
3609,10/1/2020,24.7,16.2,33.2,0.0,1008.7,14640.0,Jalandhar
3610,11/1/2020,17.3,9.9,24.8,15.0,1016.9,9240.0,Jalandhar
3611,12/1/2020,12.0,6.2,18.2,17.0,1017.5,7200.0,Jalandhar
3612,1/1/2021,11.7,6.8,18.0,25.0,1016.1,5460.0,Jalandhar
3613,2/1/2021,16.5,10.1,24.6,8.9,1015.0,9540.0,Jalandhar
3614,3/1/2021,22.1,14.6,30.4,4.2,1011.0,11700.0,Jalandhar
3615,4/1/2021,25.8,17.2,34.7,18.5,1008.9,13500.0,Jalandhar
3616,5/1/2021,30.8,22.3,37.2,28.7,1004.0,15360.0,Jalandhar
3617,6/1/2021,31.7,24.6,37.4,112.4,1000.0,15600.0,Jalandhar
3618,7/1/2021,30.8,26.3,35.2,324.1,998.8,10140.0,Jalandhar
3619,8/1/2021,30.1,25.8,33.7,113.8,1001.4,13500.0,Jalandhar
3620,9/1/2021,28.7,24.6,32.8,139.9,1005.3,9780.0,Jalandhar
3621,10/1/2021,25.1,19.1,32.0,67.6,1009.0,13440.0,Jalandhar
3623,12/1/2021,12.7,6.9,20.6,0.7,1018.6,6360.0,Jalandhar
3624,1/1/2022,11.7,7.6,17.0,107.2,1016.4,3900.0,Jalandhar
3625,2/1/2022,14.1,7.9,21.7,58.0,1013.6,11220.0,Jalandhar
3626,3/1/2022,22.9,15.4,31.2,2.8,1009.8,14700.0,Jalandhar
3627,4/1/2022,29.8,20.8,39.1,0.1,1004.9,15360.0,Jalandhar
3628,5/1/2022,32.5,24.6,39.7,22.0,1000.0,11040.0,Jalandhar
3629,6/1/2022,32.3,25.4,39.5,61.6,998.6,14580.0,Jalandhar
3630,7/1/2022,30.7,26.5,34.5,357.2,1001.0,6420.0,Jalandhar
3631,8/1/2022,29.6,25.8,34.0,168.0,1001.6,13320.0,Jalandhar
3632,9/1/2022,28.8,24.1,32.9,250.8,1004.6,11700.0,Jalandhar
3633,10/1/2022,23.6,17.9,30.6,46.0,1011.2,13260.0,Jalandhar
3634,11/1/2022,18.3,12.5,26.7,7.1,1014.8,10740.0,Jalandhar
3635,12/1/2022,13.0,7.8,21.2,2.3,1016.1,8700.0,Jalandhar
3636,1/1/2023,11.5,6.4,18.0,19.5,1018.5,6240.0,Jalandhar
3637,2/1/2023,16.9,9.9,25.4,3.8,1014.7,11340.0,Jalandhar
3638,3/1/2023,21.1,14.2,28.4,64.1,1013.2,12540.0,Jalandhar
3639,4/1/2023,25.6,17.1,33.6,49.1,1009.1,15540.0,Jalandhar
3640,5/1/2023,29.0,20.7,36.6,90.7,1005.9,14640.0,Jalandhar
3641,6/1/2023,30.9,24.9,36.5,79.4,1000.9,14820.0,Jalandhar
3642,7/1/2023,29.4,25.6,33.5,376.8,1001.0,8880.0,Jalandhar
3643,8/1/2023,30.5,26.1,34.3,133.1,1000.9,12960.0,Jalandhar
3644,9/1/2023,28.4,24.1,33.7,56.4,1004.6,10740.0,Jalandhar
3645,10/1/2023,23.7,17.6,31.0,25.3,1011.7,13560.0,Jalandhar
3646,11/1/2023,19.1,13.4,26.7,7.9,1016.2,8520.0,Jalandhar
3647,12/1/2023,13.7,8.3,21.4,9.2,1018.0,8700.0,Jalandhar
3650,3/1/2024,20.0,12.7,27.4,57.6,1013.3,12540.0,Jalandhar
3651,4/1/2024,26.0,18.0,34.0,24.7,1008.0,15540.0,Jalandhar
3652,5/1/2024,32.8,24.4,40.6,2.5,1002.1,18120.0,Jalandhar
3653,6/1/2024,35.0,27.4,41.8,38.9,998.7,15840.0,Jalandhar
3654,7/1/2024,31.0,26.7,35.4,194.0,997.5,9420.0,Jalandhar
3655,8/1/2024,30.1,25.8,34.2,287.0,1001.4,10020.0,Jalandhar
3656,9/1/2024,28.8,25.6,33.9,27.0,1003.5,11520.0,Jalandhar
3657,10/1/2024,26.3,19.8,33.5,1.5,1009.6,14100.0,Jalandhar
3658,11/1/2024,19.7,14.5,27.4,0.5,1014.5,4260.0,Jalandhar
3659,12/1/2024,12.8,7.5,20.8,25.0,1017.0,8640.0,Jalandhar
3660,1/1/2025,12.6,7.9,19.5,20.6,1016.8,8940.0,Jalandhar
3661,2/1/2025,16.5,10.5,23.7,68.7,1015.3,9900.0,Jalandhar
3662,3/1/2025,19.7,12.3,27.1,27.0,1011.8,16020.0,Jalandhar
3663,4/1/2025,29.3,21.6,37.7,6.4,1006.0,16440.0,Jalandhar
3744,1/1/2020,22.1,16.1,28.1,12.0,1015.4,7680.0,Bhubaneswar
3745,2/1/2020,22.8,16.6,29.0,94.0,1015.6,7860.0,Bhubaneswar
3746,3/1/2020,28.2,21.9,34.4,58.0,1011.5,10140.0,Bhubaneswar
3747,4/1/2020,30.8,24.6,37.0,98.0,1009.1,11520.0,Bhubaneswar
3748,5/1/2020,30.4,25.4,35.3,158.0,1005.0,10140.0,Bhubaneswar
3749,6/1/2020,30.3,26.2,34.4,90.0,1001.5,4920.0,Bhubaneswar
3750,7/1/2020,30.0,26.1,33.9,134.0,1002.0,4560.0,Bhubaneswar
3751,8/1/2020,28.8,25.6,32.0,591.0,999.6,3300.0,Bhubaneswar
3752,9/1/2020,29.8,26.0,33.6,204.0,1003.6,5880.0,Bhubaneswar
3753,10/1/2020,27.4,23.8,31.0,211.0,1006.0,5160.0,Bhubaneswar
3754,11/1/2020,25.7,20.0,31.4,3.0,1013.8,9720.0,Bhubaneswar
3755,12/1/2020,22.8,15.9,29.8,0.0,1014.5,6720.0,Bhubaneswar
3756,1/1/2021,24.2,17.4,31.0,0.0,1013.3,3300.0,Bhubaneswar
3757,2/1/2021,25.5,16.8,34.2,0.0,1013.1,12300.0,Bhubaneswar
3758,3/1/2021,30.8,23.1,38.4,3.0,1009.5,8340.0,Bhubaneswar
3759,4/1/2021,32.1,25.5,38.7,5.0,1007.9,11100.0,Bhubaneswar
3760,5/1/2021,31.2,25.9,36.5,236.0,1004.0,11220.0,Bhubaneswar
3761,6/1/2021,29.8,26.0,33.6,308.0,1001.4,4620.0,Bhubaneswar
3762,7/1/2021,29.4,25.8,32.9,291.0,1000.4,5820.0,Bhubaneswar
3763,8/1/2021,29.5,25.6,33.3,287.0,1002.7,7080.0,Bhubaneswar
3764,9/1/2021,28.4,25.0,31.8,510.0,1003.2,4500.0,Bhubaneswar
3765,10/1/2021,28.2,24.2,32.2,90.0,1007.9,6540.0,Bhubaneswar
3766,11/1/2021,24.1,20.5,27.8,81.0,1012.0,6240.0,Bhubaneswar
3767,12/1/2021,21.3,16.1,26.5,69.0,1015.5,5760.0,Bhubaneswar
3768,1/1/2022,21.0,15.1,26.9,35.0,1014.3,8040.0,Bhubaneswar
3769,2/1/2022,23.9,17.2,30.6,36.0,1012.3,10140.0,Bhubaneswar
3770,3/1/2022,29.2,22.5,35.9,0.0,1008.6,8700.0,Bhubaneswar
3771,4/1/2022,32.2,26.3,38.0,0.0,1006.3,11160.0,Bhubaneswar
3772,5/1/2022,30.9,25.8,35.9,171.0,1002.1,10500.0,Bhubaneswar
3773,6/1/2022,30.8,26.4,35.2,55.0,1001.4,5100.0,Bhubaneswar
3774,7/1/2022,28.9,25.4,32.3,447.0,1000.0,4140.0,Bhubaneswar
3775,8/1/2022,28.7,25.3,32.2,388.0,1000.8,6060.0,Bhubaneswar
3776,9/1/2022,29.2,25.5,32.9,275.0,1004.5,6960.0,Bhubaneswar
3777,10/1/2022,27.4,23.1,31.8,187.0,1010.2,8460.0,Bhubaneswar
3778,11/1/2022,24.7,18.6,30.8,0.0,1013.6,8040.0,Bhubaneswar
3779,12/1/2022,23.3,16.7,29.9,0.0,1014.0,5160.0,Bhubaneswar
3780,1/1/2023,23.4,16.6,30.2,0.0,1015.5,5520.0,Bhubaneswar
3781,2/1/2023,26.5,18.4,34.6,0.0,1013.3,11040.0,Bhubaneswar
3782,3/1/2023,28.3,21.6,35.0,69.0,1011.9,9000.0,Bhubaneswar
3783,4/1/2023,31.2,24.4,38.0,78.0,1008.3,10680.0,Bhubaneswar
3784,5/1/2023,31.9,25.9,37.9,82.0,1006.3,8880.0,Bhubaneswar
3785,6/1/2023,32.5,27.2,37.9,163.0,1001.3,4500.0,Bhubaneswar
3786,7/1/2023,29.8,26.3,33.3,160.0,1000.7,4620.0,Bhubaneswar
3787,8/1/2023,29.2,25.5,33.0,501.0,1003.2,5280.0,Bhubaneswar
3788,9/1/2023,29.0,25.2,32.8,231.0,1003.5,4140.0,Bhubaneswar
3789,10/1/2023,28.3,23.6,32.9,43.0,1010.6,7920.0,Bhubaneswar
3790,11/1/2023,25.7,20.8,30.7,17.0,1014.6,6420.0,Bhubaneswar
3791,12/1/2023,22.1,16.6,27.6,22.0,1016.0,3660.0,Bhubaneswar
3792,1/1/2024,22.2,16.7,27.7,26.0,1016.5,1260.0,Bhubaneswar
3793,2/1/2024,26.5,20.3,32.6,10.0,1015.3,6660.0,Bhubaneswar
3794,3/1/2024,28.9,23.3,34.4,52.0,1012.1,8520.0,Bhubaneswar
3795,4/1/2024,32.9,25.8,40.0,26.0,1007.1,10680.0,Bhubaneswar
3796,5/1/2024,32.5,27.1,37.9,108.0,1004.0,10920.0,Bhubaneswar
3797,6/1/2024,32.2,27.3,37.1,199.0,1001.4,4440.0,Bhubaneswar
3798,7/1/2024,29.3,26.3,32.3,297.0,998.7,2340.0,Bhubaneswar
3799,8/1/2024,29.2,25.8,32.6,343.0,1003.9,3780.0,Bhubaneswar
3800,9/1/2024,29.5,26.0,33.0,254.0,1003.7,6840.0,Bhubaneswar
3801,10/1/2024,29.3,25.1,33.6,87.0,1009.6,9780.0,Bhubaneswar
3802,11/1/2024,25.2,19.6,30.8,7.0,1013.9,10740.0,Bhubaneswar
3803,12/1/2024,23.0,17.9,28.1,103.0,1015.5,4980.0,Bhubaneswar
3804,1/1/2025,22.2,15.6,28.8,0.0,1015.5,7080.0,Bhubaneswar
3805,2/1/2025,27.1,20.7,33.5,32.0,1013.9,10980.0,Bhubaneswar
3806,3/1/2025,28.9,22.3,35.5,13.0,1010.9,11160.0,Bhubaneswar
3807,4/1/2025,30.7,25.1,36.3,79.0,1008.5,13440.0,Bhubaneswar
3808,5/1/2025,31.3,26.0,36.6,85.0,1004.2,9840.0,Bhubaneswar
3809,6/1/2025,29.9,25.8,33.9,299.0,1001.5,2760.0,Bhubaneswar
3810,7/1/2025,29.2,25.7,32.6,415.0,999.9,3060.0,Bhubaneswar
3811,8/1/2025,29.1,25.5,32.8,232.0,1003.6,5640.0,Bhubaneswar
3812,9/1/2025,29.2,25.3,33.2,213.0,1005.0,5940.0,Bhubaneswar
3813,10/1/2025,28.5,24.1,32.9,198.0,1010.0,9480.0,Bhubaneswar
3814,11/1/2025,24.0,17.4,30.7,0.0,1014.7,11640.0,Bhubaneswar
3815,12/1/2025,20.9,13.9,27.9,0.0,1015.9,4620.0,Bhubaneswar
3960,1/1/2020,28.3,23.5,33.0,80.0,1011.3,15420.0,Thiruvananthapuram
3961,2/1/2020,29.1,24.1,34.0,0.0,1011.2,14640.0,Thiruvananthapuram
3962,3/1/2020,30.0,25.4,34.6,17.0,1010.4,13080.0,Thiruvananthapuram
3963,4/1/2020,30.2,25.7,34.7,215.0,1010.0,13380.0,Thiruvananthapuram
3964,5/1/2020,29.4,25.5,33.3,482.0,1007.9,7500.0,Thiruvananthapuram
3965,6/1/2020,28.0,24.4,31.7,364.0,1007.9,6960.0,Thiruvananthapuram
3967,8/1/2020,27.9,24.5,31.3,213.0,1008.5,8460.0,Thiruvananthapuram
3968,9/1/2020,27.3,24.1,30.6,487.0,1008.9,5640.0,Thiruvananthapuram
3969,10/1/2020,27.7,23.9,31.5,236.0,1008.9,9480.0,Thiruvananthapuram
3970,11/1/2020,28.5,24.4,32.6,109.0,1009.8,8280.0,Thiruvananthapuram
3971,12/1/2020,28.2,23.9,32.4,44.0,1009.8,7560.0,Thiruvananthapuram
3972,1/1/2021,27.7,23.4,32.0,93.0,1009.5,9420.0,Thiruvananthapuram
3973,2/1/2021,28.7,23.6,33.9,0.0,1010.6,13860.0,Thiruvananthapuram
3974,3/1/2021,29.4,24.7,34.1,64.0,1009.7,11580.0,Thiruvananthapuram
3975,4/1/2021,29.7,25.5,34.0,131.0,1009.5,10800.0,Thiruvananthapuram
3976,5/1/2021,28.3,24.7,31.9,781.0,1008.2,6780.0,Thiruvananthapuram
3977,6/1/2021,28.4,24.8,32.0,99.0,1009.0,9660.0,Thiruvananthapuram
3978,7/1/2021,27.9,24.3,31.5,264.0,1008.3,8400.0,Thiruvananthapuram
3979,8/1/2021,27.7,24.1,31.3,181.0,1009.4,7560.0,Thiruvananthapuram
3980,9/1/2021,28.0,24.6,31.5,202.0,1008.7,8100.0,Thiruvananthapuram
3981,10/1/2021,27.5,24.1,30.8,451.0,1009.1,5280.0,Thiruvananthapuram
3982,11/1/2021,27.1,23.9,30.3,440.0,1008.8,5280.0,Thiruvananthapuram
3983,12/1/2021,27.9,23.1,32.6,49.0,1011.4,12840.0,Thiruvananthapuram
3984,1/1/2022,28.5,23.4,33.6,2.0,1010.8,14700.0,Thiruvananthapuram
3985,2/1/2022,29.0,24.2,33.8,39.0,1009.8,11220.0,Thiruvananthapuram
3986,3/1/2022,29.8,25.1,34.5,4.0,1008.9,11520.0,Thiruvananthapuram
3987,4/1/2022,29.0,24.8,33.2,251.0,1008.7,9240.0,Thiruvananthapuram
3988,5/1/2022,28.4,24.9,31.8,340.0,1007.5,6480.0,Thiruvananthapuram
3989,6/1/2022,28.1,24.5,31.8,205.0,1007.9,8700.0,Thiruvananthapuram
3990,7/1/2022,27.2,23.9,30.5,162.0,1007.9,6720.0,Thiruvananthapuram
3992,9/1/2022,27.7,24.3,31.1,79.0,1009.3,10440.0,Thiruvananthapuram
3993,10/1/2022,27.8,23.9,31.7,281.0,1010.0,8580.0,Thiruvananthapuram
3994,11/1/2022,27.6,23.4,31.8,142.0,1010.5,8040.0,Thiruvananthapuram
3995,12/1/2022,27.8,23.3,32.2,122.0,1009.9,7920.0,Thiruvananthapuram
3996,1/1/2023,27.2,22.1,32.3,56.0,1011.6,12600.0,Thiruvananthapuram
3997,2/1/2023,27.4,22.4,32.4,7.0,1011.2,12360.0,Thiruvananthapuram
3998,3/1/2023,29.7,24.8,34.5,4.0,1010.2,13200.0,Thiruvananthapuram
3999,4/1/2023,30.2,25.7,34.7,121.0,1009.0,10500.0,Thiruvananthapuram
4000,5/1/2023,29.8,26.0,33.6,130.0,1009.3,10860.0,Thiruvananthapuram
4001,6/1/2023,28.7,24.9,32.5,136.0,1009.0,7860.0,Thiruvananthapuram
4002,7/1/2023,28.1,24.4,31.8,179.0,1009.7,8580.0,Thiruvananthapuram
4003,8/1/2023,29.1,24.8,33.3,27.0,1009.9,14400.0,Thiruvananthapuram
4004,9/1/2023,27.9,24.3,31.5,403.0,1010.1,5100.0,Thiruvananthapuram
4005,10/1/2023,27.9,24.2,31.6,633.0,1011.4,6660.0,Thiruvananthapuram
4006,11/1/2023,28.3,24.3,32.3,271.0,1010.4,6000.0,Thiruvananthapuram
4007,12/1/2023,28.9,24.3,33.5,136.0,1010.1,10560.0,Thiruvananthapuram
4008,1/1/2024,29.0,23.9,34.1,15.0,1011.6,12120.0,Thiruvananthapuram
4009,2/1/2024,29.5,24.4,34.6,0.0,1011.7,14940.0,Thiruvananthapuram
4010,3/1/2024,29.7,24.8,34.5,4.0,1010.2,12660.0,Thiruvananthapuram
4011,4/1/2024,30.9,26.6,35.3,69.0,1008.2,10800.0,Thiruvananthapuram
4012,5/1/2024,29.4,25.7,33.1,716.0,1007.0,5580.0,Thiruvananthapuram
4013,6/1/2024,28.4,25.1,31.7,390.0,1008.5,6120.0,Thiruvananthapuram
4014,7/1/2024,27.9,24.5,31.2,253.0,1008.2,4740.0,Thiruvananthapuram
4015,8/1/2024,28.3,24.8,31.9,210.0,1008.8,8700.0,Thiruvananthapuram
4016,9/1/2024,28.4,24.7,32.1,139.0,1009.1,10560.0,Thiruvananthapuram
4017,10/1/2024,28.2,24.5,31.9,332.0,1009.8,6420.0,Thiruvananthapuram
4018,11/1/2024,28.1,24.2,31.9,220.0,1009.6,5640.0,Thiruvananthapuram
4019,12/1/2024,28.8,24.4,33.2,51.0,1010.0,11220.0,Thiruvananthapuram
4020,1/1/2025,28.8,23.8,33.7,48.0,1010.0,6600.0,Thiruvananthapuram
4021,2/1/2025,28.7,23.3,34.2,1.0,1011.2,13920.0,Thiruvananthapuram
4022,3/1/2025,29.5,25.0,34.0,194.0,1010.1,11100.0,Thiruvananthapuram
4023,4/1/2025,29.7,25.5,34.0,129.0,1009.0,9120.0,Thiruvananthapuram
4024,5/1/2025,28.9,25.0,32.7,447.0,1007.7,7980.0,Thiruvananthapuram
4025,6/1/2025,28.0,24.4,31.5,324.0,1008.9,7920.0,Thiruvananthapuram
4026,7/1/2025,27.5,23.6,31.3,191.0,1008.9,7740.0,Thiruvananthapuram
4027,8/1/2025,27.7,24.1,31.2,111.0,1009.3,8340.0,Thiruvananthapuram
4028,9/1/2025,28.4,24.5,32.4,217.0,1009.6,10500.0,Thiruvananthapuram
4029,10/1/2025,28.1,24.2,32.1,383.0,1009.4,7320.0,Thiruvananthapuram
4030,11/1/2025,27.4,23.6,31.1,215.0,1011.4,6660.0,Thiruvananthapuram
4031,12/1/2025,27.9,22.9,32.9,4.0,1010.9,13020.0,Thiruvananthapuram
4032,1/1/2020,24.9,19.2,29.9,0.0,1013.4,13800.0,Bhiwandi
4033,2/1/2020,27.3,21.0,32.6,0.0,1012.7,11220.0,Bhiwandi
4034,3/1/2020,27.7,22.6,31.9,0.0,1011.2,12900.0,Bhiwandi
4035,4/1/2020,30.2,26.4,33.9,0.0,1009.6,14220.0,Bhiwandi
4036,5/1/2020,31.1,28.6,34.0,0.0,1007.3,15960.0,Bhiwandi
4037,6/1/2020,29.2,26.0,32.3,525.0,1003.7,8340.0,Bhiwandi
4038,7/1/2020,28.1,25.4,30.5,1501.9,1003.2,4620.0,Bhiwandi
4039,8/1/2020,27.6,25.0,29.6,826.5,1003.3,2760.0,Bhiwandi
4040,9/1/2020,28.4,25.3,31.4,320.0,1005.6,7080.0,Bhiwandi
4041,10/1/2020,29.2,25.6,32.7,224.0,1007.3,7920.0,Bhiwandi
4042,11/1/2020,28.7,23.1,33.9,0.0,1011.8,12720.0,Bhiwandi
4043,12/1/2020,26.6,20.8,32.3,25.0,1012.0,11400.0,Bhiwandi
4044,1/1/2021,25.9,20.5,30.9,1.0,1011.1,11100.0,Bhiwandi
4045,2/1/2021,27.3,21.4,32.9,0.0,1012.1,11280.0,Bhiwandi
4046,3/1/2021,29.7,23.9,35.0,0.0,1010.0,13200.0,Bhiwandi
4047,4/1/2021,30.0,26.2,33.6,0.0,1009.1,13620.0,Bhiwandi
4048,5/1/2021,30.7,27.8,33.8,154.4,1005.5,12000.0,Bhiwandi
4049,6/1/2021,28.6,25.5,31.5,317.0,1005.3,6360.0,Bhiwandi
4050,7/1/2021,28.6,25.7,30.8,773.9,1003.8,4800.0,Bhiwandi
4051,8/1/2021,27.8,25.1,30.0,295.1,1006.3,5520.0,Bhiwandi
4052,9/1/2021,27.7,24.8,30.1,436.9,1005.1,5820.0,Bhiwandi
4053,10/1/2021,29.4,25.2,33.5,31.8,1008.6,13620.0,Bhiwandi
4054,11/1/2021,29.5,25.0,34.1,50.1,1009.2,12720.0,Bhiwandi
4055,12/1/2021,25.8,21.0,30.6,103.3,1013.3,10080.0,Bhiwandi
4056,1/1/2022,24.5,19.3,29.3,9.6,1012.9,11940.0,Bhiwandi
4057,2/1/2022,25.3,19.3,30.5,0.0,1011.3,14220.0,Bhiwandi
4058,3/1/2022,30.0,24.7,34.9,0.1,1008.9,9240.0,Bhiwandi
4059,4/1/2022,30.6,26.8,34.5,0.0,1008.0,12120.0,Bhiwandi
4060,5/1/2022,30.9,28.8,34.0,7.0,1005.7,13080.0,Bhiwandi
4061,6/1/2022,29.3,26.6,32.9,298.3,1004.4,7860.0,Bhiwandi
4062,7/1/2022,27.8,25.3,29.8,1185.2,1004.0,3060.0,Bhiwandi
4063,8/1/2022,27.7,25.1,30.3,550.9,1004.2,5160.0,Bhiwandi
4064,9/1/2022,27.5,24.7,30.2,528.4,1006.6,5700.0,Bhiwandi
4065,10/1/2022,28.4,24.5,32.4,165.5,1009.8,11700.0,Bhiwandi
4066,11/1/2022,27.9,21.9,33.6,0.0,1011.7,12180.0,Bhiwandi
4067,12/1/2022,27.3,21.8,32.5,6.2,1011.4,10680.0,Bhiwandi
4068,1/1/2023,24.4,18.7,29.5,0.0,1013.4,11520.0,Bhiwandi
4069,2/1/2023,28.1,20.6,34.2,0.0,1012.4,13980.0,Bhiwandi
4070,3/1/2023,28.9,23.6,33.5,21.0,1011.2,12120.0,Bhiwandi
4071,4/1/2023,30.0,25.8,33.8,15.3,1009.0,14220.0,Bhiwandi
4072,5/1/2023,30.8,28.3,33.6,0.6,1008.8,17220.0,Bhiwandi
4073,6/1/2023,30.4,27.8,33.7,561.1,1005.7,11460.0,Bhiwandi
4074,7/1/2023,27.8,25.3,29.4,1768.9,1004.7,1680.0,Bhiwandi
4075,8/1/2023,28.6,26.3,30.8,187.3,1007.9,7140.0,Bhiwandi
4076,9/1/2023,28.2,25.2,31.0,483.8,1006.6,6660.0,Bhiwandi
4077,10/1/2023,30.2,25.8,34.5,13.0,1011.0,10200.0,Bhiwandi
4078,11/1/2023,29.4,24.3,34.4,7.1,1011.7,11040.0,Bhiwandi
4079,12/1/2023,27.9,22.8,32.9,0.0,1012.3,10140.0,Bhiwandi
4080,1/1/2024,26.3,19.9,31.3,1.1,1013.2,12240.0,Bhiwandi
4081,2/1/2024,27.1,20.6,32.6,0.0,1013.5,14700.0,Bhiwandi
4082,3/1/2024,28.3,23.2,32.8,0.1,1011.9,14340.0,Bhiwandi
4083,4/1/2024,30.7,26.6,34.7,0.0,1008.2,14340.0,Bhiwandi
4085,6/1/2024,29.7,27.2,33.2,351.3,1004.0,6780.0,Bhiwandi
4086,7/1/2024,27.5,25.3,29.8,1663.8,1002.1,1020.0,Bhiwandi
4087,8/1/2024,28.2,26.3,30.9,390.5,1005.7,5700.0,Bhiwandi
4088,9/1/2024,27.7,25.2,30.6,659.3,1006.5,8040.0,Bhiwandi
4089,10/1/2024,29.3,25.6,33.3,112.0,1008.8,11040.0,Bhiwandi
4090,11/1/2024,28.4,22.6,34.1,0.5,1011.2,10560.0,Bhiwandi
4091,12/1/2024,26.2,20.6,32.0,0.0,1011.7,8040.0,Bhiwandi
4092,1/1/2025,26.2,20.0,32.2,0.0,1011.9,11100.0,Bhiwandi
4093,2/1/2025,28.0,21.2,34.0,0.0,1012.2,13560.0,Bhiwandi
4094,3/1/2025,29.3,24.2,34.4,0.0,1010.0,13680.0,Bhiwandi
4095,4/1/2025,30.2,26.7,34.1,0.7,1008.2,13800.0,Bhiwandi
4096,5/1/2025,29.5,25.8,32.9,237.0,1005.0,10140.0,Bhiwandi
4097,6/1/2025,28.6,26.2,31.4,510.9,1003.6,5460.0,Bhiwandi
4098,7/1/2025,28.1,26.0,30.0,801.7,1003.5,2760.0,Bhiwandi
4099,8/1/2025,27.4,25.5,29.5,1098.0,1005.7,4500.0,Bhiwandi
4100,9/1/2025,27.0,25.4,29.0,480.7,1007.2,4020.0,Bhiwandi
4101,10/1/2025,29.1,26.3,32.8,170.2,1008.0,10800.0,Bhiwandi
4102,11/1/2025,27.8,24.3,32.0,9.2,1012.5,11880.0,Bhiwandi
4103,12/1/2025,27.0,22.8,32.1,0.0,1012.9,11700.0,Bhiwandi
4176,1/1/2020,26.5,22.0,30.9,1.0,1013.8,13680.0,Guntur
4177,2/1/2020,27.3,22.7,32.0,12.0,1013.8,15480.0,Guntur
4178,3/1/2020,29.2,24.4,34.0,0.0,1011.1,16440.0,Guntur
4179,4/1/2020,30.6,26.0,35.2,46.0,1009.5,16620.0,Guntur
4180,5/1/2020,32.9,28.5,37.4,0.0,1005.0,16920.0,Guntur
4181,6/1/2020,32.3,28.0,36.5,126.0,1002.5,9480.0,Guntur
4182,7/1/2020,30.0,26.5,33.5,244.0,1003.1,8340.0,Guntur
4183,8/1/2020,29.1,26.2,32.1,236.0,1002.9,6180.0,Guntur
4184,9/1/2020,29.9,26.5,33.3,298.0,1003.9,8280.0,Guntur
4185,10/1/2020,29.0,25.8,32.2,229.0,1005.3,7380.0,Guntur
4186,11/1/2020,27.3,23.5,31.0,318.0,1011.8,10740.0,Guntur
4187,12/1/2020,25.5,20.8,30.3,4.0,1012.7,12780.0,Guntur
4188,1/1/2021,25.0,20.3,30.4,0.0,1012.3,12420.0,Guntur
4189,2/1/2021,25.4,19.9,31.9,0.3,1013.0,14460.0,Guntur
4190,3/1/2021,28.5,22.4,36.5,0.2,1010.4,15780.0,Guntur
4191,4/1/2021,30.9,25.6,38.1,32.3,1008.3,16080.0,Guntur
4192,5/1/2021,32.0,27.3,38.1,132.3,1004.8,15840.0,Guntur
4193,6/1/2021,31.1,26.5,36.7,115.7,1003.8,9720.0,Guntur
4194,7/1/2021,29.2,25.6,33.7,521.2,1002.7,7380.0,Guntur
4195,8/1/2021,29.1,25.9,33.2,187.4,1004.8,10260.0,Guntur
4196,9/1/2021,28.7,26.0,32.4,172.9,1004.6,7140.0,Guntur
4197,10/1/2021,28.2,24.9,32.2,152.1,1007.6,11220.0,Guntur
4198,11/1/2021,25.6,23.2,28.6,361.0,1009.8,6840.0,Guntur
4199,12/1/2021,24.2,20.0,28.8,15.4,1013.9,13020.0,Guntur
4200,1/1/2022,24.3,20.2,28.8,23.7,1013.0,12840.0,Guntur
4201,2/1/2022,25.4,21.0,30.2,2.0,1011.9,14760.0,Guntur
4202,3/1/2022,28.1,23.9,32.8,3.1,1009.1,14160.0,Guntur
4203,4/1/2022,29.9,27.6,33.4,0.0,1007.8,15240.0,Guntur
4204,5/1/2022,30.9,27.7,35.2,37.0,1002.6,15180.0,Guntur
4205,6/1/2022,31.2,27.4,35.8,104.3,1002.9,9240.0,Guntur
4206,7/1/2022,28.3,25.5,31.9,264.5,1003.0,7200.0,Guntur
4207,8/1/2022,28.8,25.8,32.6,204.4,1003.5,10440.0,Guntur
4208,9/1/2022,28.2,25.3,31.9,211.9,1005.5,8640.0,Guntur
4209,10/1/2022,26.4,23.1,30.5,234.8,1008.9,10380.0,Guntur
4210,11/1/2022,25.3,21.6,29.4,95.0,1011.7,9420.0,Guntur
4211,12/1/2022,24.8,21.3,29.0,78.5,1011.9,11220.0,Guntur
4212,1/1/2023,24.0,19.3,29.3,1.6,1014.1,13980.0,Guntur
4213,2/1/2023,25.7,20.6,31.3,0.0,1012.8,14880.0,Guntur
4214,3/1/2023,27.1,22.8,32.0,93.9,1011.5,13860.0,Guntur
4215,4/1/2023,29.7,26.0,34.4,46.8,1008.7,15900.0,Guntur
4216,5/1/2023,31.4,27.0,36.7,94.6,1006.4,14100.0,Guntur
4217,6/1/2023,33.3,28.9,39.4,44.0,1003.0,11580.0,Guntur
4218,7/1/2023,29.1,26.2,33.0,271.7,1003.5,4560.0,Guntur
4219,8/1/2023,30.4,27.0,35.5,35.7,1005.7,11220.0,Guntur
4220,9/1/2023,29.1,25.6,33.7,190.3,1004.9,6300.0,Guntur
4221,10/1/2023,28.7,24.7,33.5,26.5,1010.2,12840.0,Guntur
4222,11/1/2023,26.5,23.2,30.5,133.1,1012.6,8940.0,Guntur
4223,12/1/2023,24.7,20.8,29.4,208.9,1013.3,9720.0,Guntur
4224,1/1/2024,24.5,20.7,29.0,3.3,1014.5,11880.0,Guntur
4225,2/1/2024,26.0,21.8,30.7,5.0,1014.3,15660.0,Guntur
4226,3/1/2024,28.2,24.9,32.0,5.4,1011.8,15120.0,Guntur
4227,4/1/2024,30.3,27.0,34.3,0.0,1008.0,16980.0,Guntur
4228,5/1/2024,31.6,28.1,35.9,38.8,1004.3,13680.0,Guntur
4229,6/1/2024,30.6,27.0,35.3,164.0,1003.4,6480.0,Guntur
4230,7/1/2024,28.6,25.7,32.2,287.9,1002.2,3840.0,Guntur
4231,8/1/2024,29.7,25.8,34.1,281.0,1004.2,10200.0,Guntur
4232,9/1/2024,28.7,25.4,33.6,314.6,1005.0,8280.0,Guntur
4233,10/1/2024,28.0,24.6,32.4,163.7,1008.6,13080.0,Guntur
4234,11/1/2024,26.4,22.5,31.0,73.6,1011.3,10260.0,Guntur
4235,12/1/2024,25.1,22.0,29.7,24.0,1011.9,7920.0,Guntur
4236,1/1/2025,24.1,19.5,30.0,0.5,1013.4,13620.0,Guntur
4237,2/1/2025,26.3,21.3,32.7,1.0,1012.9,16140.0,Guntur
4238,3/1/2025,29.5,24.3,34.6,0.0,1010.0,15000.0,Guntur
4239,4/1/2025,30.5,27.2,35.1,5.8,1008.0,15480.0,Guntur
4240,5/1/2025,30.5,26.7,34.9,172.0,1004.0,10440.0,Guntur
4241,6/1/2025,31.2,27.4,36.3,70.7,1003.0,9000.0,Guntur
4242,7/1/2025,30.3,26.5,35.0,219.5,1002.6,9060.0,Guntur
4243,8/1/2025,29.2,25.9,33.6,282.5,1004.6,9360.0,Guntur
4244,9/1/2025,28.5,25.3,32.5,193.2,1005.2,9240.0,Guntur
4245,10/1/2025,26.8,24.3,30.1,373.2,1008.3,8280.0,Guntur
4246,11/1/2025,25.5,21.7,29.6,38.8,1012.5,12000.0,Guntur
4247,12/1/2025,23.1,18.8,28.0,70.8,1013.9,9480.0,Guntur
4392,1/1/2020,13.7,8.0,19.5,48.0,1017.3,9420.0,Noida
4393,2/1/2020,17.0,9.9,24.1,2.0,1016.5,12120.0,Noida
4394,3/1/2020,21.6,15.0,28.2,109.0,1012.2,12420.0,Noida
4395,4/1/2020,27.7,20.1,35.3,14.0,1008.1,15420.0,Noida
4396,5/1/2020,31.9,24.4,39.5,21.0,1002.6,16080.0,Noida
4397,6/1/2020,32.6,26.7,38.5,82.0,998.9,13260.0,Noida
4398,7/1/2020,31.5,26.8,36.3,237.0,998.7,10740.0,Noida
4399,8/1/2020,30.6,26.6,34.6,237.0,998.3,9180.0,Noida
4400,9/1/2020,31.0,25.7,36.2,21.0,1002.6,13740.0,Noida
4401,10/1/2020,25.9,17.2,34.5,0.0,1008.0,13320.0,Noida
4402,11/1/2020,19.0,10.2,27.8,1.0,1016.3,6960.0,Noida
4403,12/1/2020,15.2,7.1,23.4,2.0,1016.7,8520.0,Noida
4404,1/1/2021,13.1,7.0,19.2,57.0,1016.0,6540.0,Noida
4405,2/1/2021,18.6,10.6,27.9,2.0,1014.2,12120.0,Noida
4407,4/1/2021,28.1,18.7,37.5,3.0,1007.1,13800.0,Noida
4408,5/1/2021,30.4,23.3,37.5,144.0,1003.1,11580.0,Noida
4409,6/1/2021,32.0,25.8,38.1,35.0,998.9,11700.0,Noida
4410,7/1/2021,31.4,26.4,36.5,507.0,998.1,10320.0,Noida
4411,8/1/2021,30.8,26.3,35.2,214.0,1000.5,9480.0,Noida
4412,9/1/2021,29.4,25.5,33.2,413.0,1003.7,9360.0,Noida
4413,10/1/2021,26.8,20.5,33.1,123.0,1008.6,15360.0,Noida
4414,11/1/2021,19.9,11.9,27.8,0.0,1013.7,10260.0,Noida
4415,12/1/2021,15.3,8.2,22.4,9.0,1018.2,7200.0,Noida
4416,1/1/2022,13.1,8.2,18.0,88.0,1016.3,3600.0,Noida
4417,2/1/2022,17.2,10.2,24.2,29.0,1013.3,12660.0,Noida
4418,3/1/2022,25.3,17.6,32.9,0.0,1009.0,14700.0,Noida
4419,4/1/2022,31.2,22.2,40.2,0.0,1004.2,13440.0,Noida
4420,5/1/2022,33.1,26.0,40.1,45.0,999.3,7260.0,Noida
4421,6/1/2022,33.7,27.2,40.1,25.0,997.9,9780.0,Noida
4422,7/1/2022,31.2,27.0,35.5,286.0,999.4,7980.0,Noida
4423,8/1/2022,30.4,26.4,34.4,41.0,1000.2,9660.0,Noida
4425,10/1/2022,24.9,18.5,31.4,128.0,1010.6,10500.0,Noida
4426,11/1/2022,20.5,12.3,28.7,0.0,1014.2,9000.0,Noida
4427,12/1/2022,15.5,7.5,23.4,0.0,1015.7,9660.0,Noida
4428,1/1/2023,13.2,6.6,19.7,20.0,1017.9,5340.0,Noida
4429,2/1/2023,19.5,11.2,27.7,0.0,1013.8,13380.0,Noida
4430,3/1/2023,23.6,16.2,30.9,54.0,1012.0,11400.0,Noida
4431,4/1/2023,27.3,19.4,35.3,16.0,1007.7,13740.0,Noida
4432,5/1/2023,29.6,22.4,36.8,86.0,1004.9,13740.0,Noida
4433,6/1/2023,31.5,25.9,37.1,101.0,999.0,11340.0,Noida
4434,7/1/2023,30.7,26.7,34.8,383.0,999.5,6240.0,Noida
4435,8/1/2023,31.1,26.8,35.4,106.0,1000.5,9420.0,Noida
4436,9/1/2023,30.4,25.3,35.6,83.0,1003.5,11040.0,Noida
4439,12/1/2023,16.3,8.6,24.1,0.0,1017.6,8520.0,Noida
4440,1/1/2024,12.3,6.6,18.1,0.0,1018.3,2460.0,Noida
4441,2/1/2024,16.7,9.3,24.1,32.0,1016.7,9840.0,Noida
4443,4/1/2024,28.9,20.7,37.0,7.0,1006.5,13860.0,Noida
4444,5/1/2024,33.9,26.5,41.4,4.0,1001.0,13860.0,Noida
4445,6/1/2024,34.7,28.8,40.6,244.0,997.7,8820.0,Noida
4447,8/1/2024,29.9,25.7,34.2,390.0,1001.0,8040.0,Noida
4448,9/1/2024,29.3,24.7,33.8,193.0,1003.3,7140.0,Noida
4449,10/1/2024,28.2,21.4,35.1,0.0,1009.1,12780.0,Noida
4450,11/1/2024,22.2,14.7,29.7,0.0,1014.3,2520.0,Noida
4451,12/1/2024,15.8,8.4,23.2,54.0,1016.8,2520.0,Noida
4452,1/1/2025,14.6,8.5,20.8,7.0,1016.6,7560.0,Noida
4453,2/1/2025,19.2,11.6,26.7,1.0,1014.7,10800.0,Noida
4454,3/1/2025,23.8,15.5,32.0,18.0,1010.7,15780.0,Noida
4455,4/1/2025,30.4,21.9,38.9,0.5,1005.0,13320.0,Noida
4456,5/1/2025,31.4,25.3,37.6,186.0,1001.4,10320.0,Noida
4457,6/1/2025,32.3,27.1,37.5,107.0,998.3,7980.0,Noida
4458,7/1/2025,30.3,26.1,34.5,259.0,997.4,6720.0,Noida
4459,8/1/2025,29.1,25.1,33.2,400.0,1001.4,5820.0,Noida
4460,9/1/2025,28.8,24.0,33.6,136.0,1004.0,12060.0,Noida
4461,10/1/2025,25.8,20.1,31.6,89.0,1010.1,9420.0,Noida
4462,11/1/2025,19.6,11.4,27.8,0.0,1015.5,8820.0,Noida
4463,12/1/2025,15.0,8.2,23.0,0.0,1017.1,7380.0,Noida
4608,1/1/2020,22.1,16.1,28.1,12.0,1015.4,7680.0,Cuttack
4609,2/1/2020,22.8,16.6,29.0,94.0,1015.6,7860.0,Cuttack
4610,3/1/2020,28.2,21.9,34.4,58.0,1011.5,10140.0,Cuttack
4611,4/1/2020,30.8,24.6,37.0,98.0,1009.1,11520.0,Cuttack
4612,5/1/2020,30.4,25.4,35.3,158.0,1005.0,10140.0,Cuttack
4613,6/1/2020,30.3,26.2,34.4,90.0,1001.5,4920.0,Cuttack
4614,7/1/2020,30.0,26.1,33.9,134.0,1002.0,4560.0,Cuttack
4615,8/1/2020,28.8,25.6,32.0,591.0,999.6,3300.0,Cuttack
4616,9/1/2020,29.8,26.0,33.6,204.0,1003.6,5880.0,Cuttack
4617,10/1/2020,27.4,23.8,31.0,211.0,1006.0,5160.0,Cuttack
4618,11/1/2020,25.7,20.0,31.4,3.0,1013.8,9720.0,Cuttack
4619,12/1/2020,22.8,15.9,29.8,0.0,1014.5,6720.0,Cuttack
4620,1/1/2021,22.6,17.8,28.6,0.0,1013.4,3300.0,Cuttack
4621,2/1/2021,23.9,17.7,31.2,0.2,1013.4,12300.0,Cuttack
4622,3/1/2021,28.9,22.8,36.8,0.0,1009.8,8340.0,Cuttack
4623,4/1/2021,30.6,25.9,37.2,4.9,1008.1,11100.0,Cuttack
4624,5/1/2021,30.2,26.7,35.2,112.5,1004.3,11220.0,Cuttack
4625,6/1/2021,29.1,26.3,32.5,201.2,1002.0,4620.0,Cuttack
4626,7/1/2021,28.5,26.2,31.7,233.4,1001.0,5820.0,Cuttack
4627,8/1/2021,28.4,26.1,31.7,261.7,1003.3,7080.0,Cuttack
4628,9/1/2021,27.3,25.2,30.3,351.3,1004.0,4500.0,Cuttack
4629,10/1/2021,27.3,24.4,31.1,105.4,1008.2,6540.0,Cuttack
4630,11/1/2021,24.4,20.9,29.1,63.8,1012.0,6240.0,Cuttack
4631,12/1/2021,20.6,16.4,25.5,126.0,1015.5,5760.0,Cuttack
4632,1/1/2022,19.7,15.1,25.0,63.9,1014.6,8040.0,Cuttack
4633,2/1/2022,22.6,16.9,29.3,11.6,1012.6,10140.0,Cuttack
4634,3/1/2022,28.0,22.3,35.5,1.1,1008.9,8700.0,Cuttack
4635,4/1/2022,30.7,26.1,37.5,1.2,1006.3,11160.0,Cuttack
4636,5/1/2022,30.6,26.4,36.0,171.0,1002.6,10500.0,Cuttack
4637,6/1/2022,30.1,27.2,34.6,142.3,1001.8,5100.0,Cuttack
4638,7/1/2022,27.8,25.5,31.2,335.7,1000.7,4140.0,Cuttack
4639,8/1/2022,27.8,25.6,31.1,380.2,1001.4,6060.0,Cuttack
4640,9/1/2022,27.6,25.2,31.1,239.7,1004.8,6960.0,Cuttack
4641,10/1/2022,26.3,23.2,30.5,158.1,1009.8,8460.0,Cuttack
4642,11/1/2022,24.0,19.1,29.5,0.0,1012.8,8040.0,Cuttack
4643,12/1/2022,21.9,17.0,28.2,0.1,1013.5,5160.0,Cuttack
4644,1/1/2023,21.9,16.9,28.3,1.3,1015.1,5520.0,Cuttack
4645,2/1/2023,24.6,18.8,32.1,0.4,1012.9,11040.0,Cuttack
4646,3/1/2023,27.2,22.0,33.9,40.5,1011.7,9000.0,Cuttack
4647,4/1/2023,29.7,24.2,36.3,59.0,1008.1,10680.0,Cuttack
4648,5/1/2023,30.6,26.3,36.6,86.3,1005.8,8880.0,Cuttack
4649,6/1/2023,31.2,27.8,36.3,179.2,1001.1,4500.0,Cuttack
4650,7/1/2023,28.5,26.0,32.0,325.9,1001.0,4620.0,Cuttack
4651,8/1/2023,28.5,25.9,32.1,247.9,1002.9,5280.0,Cuttack
4652,9/1/2023,27.8,25.4,31.5,300.1,1003.5,4140.0,Cuttack
4653,10/1/2023,27.4,23.5,32.2,91.0,1010.0,7920.0,Cuttack
4654,11/1/2023,25.1,20.4,30.6,28.4,1013.9,6420.0,Cuttack
4655,12/1/2023,21.3,16.4,26.6,21.3,1015.3,3660.0,Cuttack
4656,1/1/2024,20.9,16.1,26.7,32.6,1015.9,1260.0,Cuttack
4657,2/1/2024,24.3,19.5,30.7,15.4,1014.9,6660.0,Cuttack
4658,3/1/2024,27.6,22.6,34.2,41.2,1011.6,8520.0,Cuttack
4659,4/1/2024,31.3,25.4,38.5,7.8,1006.8,10680.0,Cuttack
4660,5/1/2024,31.3,27.5,37.0,120.7,1003.7,10920.0,Cuttack
4661,6/1/2024,31.0,27.6,35.9,182.5,1001.4,4440.0,Cuttack
4662,7/1/2024,28.4,26.2,31.7,358.7,998.9,2340.0,Cuttack
4663,8/1/2024,29.2,25.8,32.6,343.0,1003.9,3780.0,Cuttack
4664,9/1/2024,29.5,26.0,33.0,254.0,1003.7,6840.0,Cuttack
4665,10/1/2024,27.5,24.3,31.4,165.5,1008.5,9780.0,Cuttack
4666,11/1/2024,24.3,19.8,29.6,6.2,1013.0,10740.0,Cuttack
4667,12/1/2024,22.1,18.2,27.4,103.0,1014.1,4980.0,Cuttack
4668,1/1/2025,21.0,16.0,27.4,0.1,1014.5,7080.0,Cuttack
4669,2/1/2025,25.9,20.9,32.5,13.2,1013.1,10980.0,Cuttack
4670,3/1/2025,28.9,22.3,35.5,13.0,1010.9,11160.0,Cuttack
4671,4/1/2025,30.3,25.6,37.3,36.4,1007.5,13440.0,Cuttack
4672,5/1/2025,30.1,26.2,35.5,153.2,1003.8,9840.0,Cuttack
4673,6/1/2025,29.2,26.4,33.2,309.0,1000.8,2760.0,Cuttack
4674,7/1/2025,28.2,26.0,31.6,340.0,999.3,3060.0,Cuttack
4675,8/1/2025,28.0,25.6,31.3,294.1,1003.1,5640.0,Cuttack
4676,9/1/2025,27.6,25.3,31.3,209.6,1004.3,5940.0,Cuttack
4677,10/1/2025,26.9,24.0,30.9,146.1,1009.0,9480.0,Cuttack
4678,11/1/2025,23.5,18.5,29.3,5.7,1013.3,11640.0,Cuttack
4679,12/1/2025,20.0,14.8,26.2,0.2,1015.1,4620.0,Cuttack
4680,1/1/2020,11.1,6.7,16.3,65.0,1018.2,7800.0,Firozpur
4681,2/1/2020,15.9,9.9,22.3,9.0,1017.3,12240.0,Firozpur
4682,3/1/2020,19.0,13.8,24.5,106.0,1013.6,10920.0,Firozpur
4683,4/1/2020,26.0,19.6,32.3,25.0,1010.5,14880.0,Firozpur
4684,5/1/2020,30.9,24.2,37.3,19.0,1004.8,15900.0,Firozpur
4685,6/1/2020,32.0,26.6,37.7,44.0,1000.6,14100.0,Firozpur
4686,7/1/2020,31.4,27.1,36.0,152.0,999.5,10800.0,Firozpur
4687,8/1/2020,30.5,27.3,34.3,316.0,999.3,11820.0,Firozpur
4688,9/1/2020,31.1,26.7,36.0,108.0,1003.7,13500.0,Firozpur
4689,10/1/2020,26.1,19.1,33.3,0.0,1008.6,14640.0,Firozpur
4690,11/1/2020,17.7,11.6,24.2,22.0,1016.3,9240.0,Firozpur
4691,12/1/2020,12.4,7.6,18.4,17.0,1016.3,7200.0,Firozpur
4692,1/1/2021,11.4,6.6,16.5,60.0,1015.3,5460.0,Firozpur
4693,2/1/2021,16.9,10.8,23.5,2.0,1014.4,9540.0,Firozpur
4694,3/1/2021,23.0,17.2,29.1,11.0,1010.6,11700.0,Firozpur
4695,4/1/2021,26.4,19.6,33.0,19.0,1008.7,13500.0,Firozpur
4696,5/1/2021,30.6,24.4,36.8,29.0,1004.0,15360.0,Firozpur
4697,6/1/2021,32.8,27.1,38.3,17.0,1000.0,15600.0,Firozpur
4698,7/1/2021,31.3,27.4,35.4,120.0,998.8,10140.0,Firozpur
4699,8/1/2021,31.2,27.2,35.7,145.0,1001.2,13500.0,Firozpur
4700,9/1/2021,29.1,25.9,32.8,177.0,1005.3,9780.0,Firozpur
4701,10/1/2021,26.6,21.3,32.1,60.0,1009.0,13440.0,Firozpur
4703,12/1/2021,13.6,7.4,20.0,0.0,1017.9,6360.0,Firozpur
4704,1/1/2022,11.6,8.2,15.4,132.0,1015.6,3900.0,Firozpur
4705,2/1/2022,15.2,9.5,21.2,15.0,1013.0,11220.0,Firozpur
4706,3/1/2022,24.9,18.3,31.3,5.0,1009.8,14700.0,Firozpur
4707,4/1/2022,31.6,23.8,38.6,0.0,1005.3,15360.0,Firozpur
4708,5/1/2022,33.4,27.0,39.7,6.0,1000.1,11040.0,Firozpur
4709,6/1/2022,33.9,28.1,39.5,67.0,999.0,14580.0,Firozpur
4710,7/1/2022,30.0,26.9,33.7,264.2,1001.1,6420.0,Firozpur
4711,8/1/2022,30.5,27.1,34.4,108.7,1001.7,13320.0,Firozpur
4712,9/1/2022,29.8,26.0,34.0,33.7,1005.0,11700.0,Firozpur
4713,10/1/2022,26.3,20.5,32.1,7.7,1011.4,13260.0,Firozpur
4714,11/1/2022,19.7,13.3,26.1,27.3,1014.9,10740.0,Firozpur
4715,12/1/2022,13.9,8.4,20.1,3.9,1016.3,8700.0,Firozpur
4716,1/1/2023,11.1,6.4,16.2,19.3,1018.2,6240.0,Firozpur
4717,2/1/2023,18.5,11.8,25.3,1.8,1014.7,11340.0,Firozpur
4718,3/1/2023,21.6,15.9,27.2,75.1,1013.1,12540.0,Firozpur
4719,4/1/2023,26.5,19.5,33.2,45.9,1009.3,15540.0,Firozpur
4720,5/1/2023,29.4,23.1,35.3,69.0,1006.2,14640.0,Firozpur
4721,6/1/2023,31.7,26.0,37.0,55.2,1001.1,14820.0,Firozpur
4722,7/1/2023,29.8,26.2,33.4,252.4,1001.1,8880.0,Firozpur
4723,8/1/2023,31.6,27.5,36.0,108.2,1000.9,12960.0,Firozpur
4724,9/1/2023,29.5,25.4,33.9,111.1,1005.2,10740.0,Firozpur
4725,10/1/2023,24.9,18.9,30.5,23.6,1012.2,13560.0,Firozpur
4726,11/1/2023,20.1,14.5,25.6,29.0,1016.4,8520.0,Firozpur
4727,12/1/2023,14.0,8.3,20.1,1.4,1018.0,8700.0,Firozpur
4730,3/1/2024,20.7,14.5,26.7,20.1,1013.5,12540.0,Firozpur
4731,4/1/2024,26.4,20.0,33.1,20.9,1008.7,15540.0,Firozpur
4732,5/1/2024,33.7,26.4,40.7,1.7,1002.9,18120.0,Firozpur
4733,6/1/2024,35.0,28.7,41.3,6.8,999.3,15840.0,Firozpur
4734,7/1/2024,31.7,27.2,36.2,130.5,997.6,9420.0,Firozpur
4735,8/1/2024,29.8,26.2,34.0,291.0,1002.4,10020.0,Firozpur
4736,9/1/2024,30.1,26.0,35.0,85.0,1004.6,11520.0,Firozpur
4737,10/1/2024,27.6,22.3,33.3,1.8,1010.3,14100.0,Firozpur
4738,11/1/2024,20.8,16.1,26.4,2.6,1014.8,4260.0,Firozpur
4739,12/1/2024,13.3,7.6,19.5,8.0,1017.5,8640.0,Firozpur
4740,1/1/2025,13.1,7.6,18.9,13.5,1016.8,8940.0,Firozpur
4741,2/1/2025,17.1,11.4,23.1,58.0,1015.4,9900.0,Firozpur
4742,3/1/2025,21.8,15.9,27.7,6.0,1011.8,16020.0,Firozpur
4743,4/1/2025,30.3,22.7,37.5,9.0,1006.4,16440.0,Firozpur
5256,1/1/2020,19.9,12.7,27.0,66.0,1016.0,11460.0,Nanded
5257,2/1/2020,22.0,14.0,30.0,12.0,1015.7,13860.0,Nanded
5258,3/1/2020,26.7,18.7,34.8,29.0,1011.1,14160.0,Nanded
5259,4/1/2020,31.1,22.1,40.2,12.0,1007.9,16740.0,Nanded
5260,5/1/2020,34.3,25.3,43.3,23.0,1003.3,18900.0,Nanded
5261,6/1/2020,29.3,24.1,34.6,279.0,1001.9,7680.0,Nanded
5262,7/1/2020,28.7,24.1,33.2,376.0,1002.1,8520.0,Nanded
5263,8/1/2020,26.9,23.6,30.1,440.0,1001.3,4200.0,Nanded
5264,9/1/2020,28.9,24.1,33.7,214.0,1004.3,9240.0,Nanded
5265,10/1/2020,28.0,22.3,33.7,93.0,1007.5,12060.0,Nanded
5266,11/1/2020,23.9,16.1,31.6,11.0,1014.9,15420.0,Nanded
5267,12/1/2020,21.8,13.7,29.9,1.0,1015.3,14160.0,Nanded
5268,1/1/2021,23.2,17.2,30.2,3.0,1012.9,11760.0,Nanded
5269,2/1/2021,23.7,16.4,31.2,3.9,1013.6,14100.0,Nanded
5270,3/1/2021,28.6,21.2,36.0,0.8,1010.5,15900.0,Nanded
5271,4/1/2021,31.4,24.6,38.6,0.2,1007.8,14700.0,Nanded
5272,5/1/2021,32.9,27.7,39.2,2.9,1004.3,15360.0,Nanded
5273,6/1/2021,28.6,25.5,32.8,233.4,1003.2,8280.0,Nanded
5274,7/1/2021,27.5,25.0,31.1,336.2,1001.9,6840.0,Nanded
5275,8/1/2021,27.3,24.8,30.8,188.4,1004.1,6660.0,Nanded
5276,9/1/2021,26.4,24.1,30.1,276.7,1004.3,6420.0,Nanded
5277,10/1/2021,26.4,22.1,31.8,70.9,1008.8,13320.0,Nanded
5278,11/1/2021,24.8,20.0,31.1,18.3,1011.6,12000.0,Nanded
5279,12/1/2021,21.1,15.3,28.3,37.8,1015.4,11700.0,Nanded
5280,1/1/2022,19.3,14.0,26.3,23.0,1014.4,12000.0,Nanded
5281,2/1/2022,22.5,15.8,30.6,1.0,1012.1,14100.0,Nanded
5282,3/1/2022,28.5,21.2,37.1,0.0,1008.8,15720.0,Nanded
5284,5/1/2022,34.7,29.0,41.8,6.0,1001.5,15180.0,Nanded
5285,6/1/2022,31.7,27.3,37.7,129.3,1001.8,8160.0,Nanded
5286,7/1/2022,26.1,24.1,30.0,792.8,1001.6,2520.0,Nanded
5287,8/1/2022,26.9,24.2,31.0,494.5,1002.4,7980.0,Nanded
5288,9/1/2022,26.7,23.9,31.6,266.5,1005.3,7140.0,Nanded
5289,10/1/2022,25.2,21.0,31.6,115.0,1010.3,13500.0,Nanded
5290,11/1/2022,22.2,15.9,30.5,0.0,1013.5,15360.0,Nanded
5291,12/1/2022,22.7,16.7,30.7,3.9,1013.4,12660.0,Nanded
5292,1/1/2023,22.1,15.7,30.4,0.0,1014.7,13020.0,Nanded
5293,2/1/2023,24.6,16.8,34.0,0.0,1013.5,16020.0,Nanded
5294,3/1/2023,27.3,20.6,35.7,12.6,1011.4,13680.0,Nanded
5295,4/1/2023,29.6,23.3,38.0,48.5,1008.9,12780.0,Nanded
5296,5/1/2023,31.5,25.3,38.7,21.8,1006.2,16740.0,Nanded
5297,6/1/2023,32.7,28.1,38.5,122.4,1002.2,11400.0,Nanded
5298,7/1/2023,27.4,24.9,31.8,462.7,1002.0,4200.0,Nanded
5299,8/1/2023,27.5,24.6,31.4,178.3,1004.9,7980.0,Nanded
5300,9/1/2023,26.8,24.1,31.4,278.1,1004.4,5940.0,Nanded
5301,10/1/2023,26.5,20.8,34.3,7.1,1011.1,15180.0,Nanded
5302,11/1/2023,24.7,19.0,32.6,11.4,1013.8,11580.0,Nanded
5303,12/1/2023,21.3,15.8,29.6,9.5,1015.0,10260.0,Nanded
5304,1/1/2024,22.4,16.7,30.2,4.1,1014.7,8940.0,Nanded
5305,2/1/2024,24.9,18.7,32.7,8.2,1014.3,12060.0,Nanded
5306,3/1/2024,28.6,22.0,37.0,14.1,1011.1,14100.0,Nanded
5307,4/1/2024,31.3,25.0,39.1,8.8,1007.8,12660.0,Nanded
5308,5/1/2024,33.2,27.3,41.5,20.5,1003.4,14640.0,Nanded
5309,6/1/2024,31.1,26.7,38.4,272.6,1002.1,8940.0,Nanded
5310,7/1/2024,27.0,24.7,31.2,753.1,999.9,2700.0,Nanded
5311,8/1/2024,27.9,24.3,31.5,213.0,1003.8,5340.0,Nanded
5312,9/1/2024,28.4,24.4,32.4,184.0,1003.7,8040.0,Nanded
5313,10/1/2024,27.6,23.4,34.4,52.1,1009.2,12540.0,Nanded
5314,11/1/2024,23.2,17.1,31.6,0.0,1013.2,10620.0,Nanded
5315,12/1/2024,22.2,16.9,30.3,3.0,1013.5,8580.0,Nanded
5316,1/1/2025,21.2,14.6,31.9,0.0,1014.1,12240.0,Nanded
5317,2/1/2025,25.9,18.6,35.8,0.0,1012.8,14760.0,Nanded
5318,3/1/2025,29.0,19.5,38.5,0.0,1009.5,15300.0,Nanded
5319,4/1/2025,32.3,25.6,40.9,9.3,1006.4,14280.0,Nanded
5320,5/1/2025,31.5,26.3,38.7,57.7,1003.3,11760.0,Nanded
5321,6/1/2025,30.1,25.9,36.2,131.6,1001.5,9120.0,Nanded
5322,7/1/2025,26.8,24.4,31.2,727.8,1001.0,3180.0,Nanded
5323,8/1/2025,26.9,24.3,31.5,349.4,1003.7,6180.0,Nanded
5324,9/1/2025,26.5,24.0,30.5,279.5,1005.2,7020.0,Nanded
5325,10/1/2025,26.1,22.4,30.7,115.4,1009.3,11340.0,Nanded
5326,11/1/2025,21.8,15.8,28.5,2.1,1014.3,14340.0,Nanded
5327,12/1/2025,18.6,11.7,26.8,0.0,1015.5,17160.0,Nanded
5688,1/1/2020,17.8,11.7,23.9,0.0,1015.1,14580.0,Ujjain
5689,2/1/2020,20.9,13.7,28.0,0.0,1014.3,17220.0,Ujjain
5690,3/1/2020,24.2,16.9,31.5,17.0,1010.1,16020.0,Ujjain
5691,4/1/2020,30.2,22.7,37.7,0.0,1006.7,17460.0,Ujjain
5692,5/1/2020,33.3,26.0,40.7,7.0,1002.5,20460.0,Ujjain
5693,6/1/2020,28.4,23.3,33.5,125.0,1000.8,8760.0,Ujjain
5694,7/1/2020,27.5,23.4,31.5,192.0,1000.5,10140.0,Ujjain
5695,8/1/2020,25.3,22.7,28.0,602.0,999.7,3240.0,Ujjain
5696,9/1/2020,27.1,22.2,31.9,285.0,1003.7,9780.0,Ujjain
5697,10/1/2020,26.5,20.3,32.8,42.0,1006.7,15540.0,Ujjain
5698,11/1/2020,22.3,15.4,29.3,0.0,1013.7,16380.0,Ujjain
5699,12/1/2020,19.3,12.7,26.0,11.0,1014.5,13500.0,Ujjain
5700,1/1/2021,18.5,12.7,25.6,0.0,1014.3,14220.0,Ujjain
5701,2/1/2021,20.8,13.1,28.9,0.0,1014.7,16380.0,Ujjain
5702,3/1/2021,26.6,18.6,34.4,0.7,1011.3,16620.0,Ujjain
5703,4/1/2021,30.4,22.6,37.5,0.0,1008.7,16440.0,Ujjain
5704,5/1/2021,31.4,25.4,37.9,12.7,1005.0,16320.0,Ujjain
5705,6/1/2021,28.7,24.7,34.0,114.8,1003.7,11280.0,Ujjain
5706,7/1/2021,26.7,24.1,30.8,468.3,1002.1,7080.0,Ujjain
5707,8/1/2021,24.8,22.5,28.0,311.3,1005.0,3840.0,Ujjain
5708,9/1/2021,25.1,22.9,29.0,377.4,1004.6,5940.0,Ujjain
5709,10/1/2021,24.1,19.4,30.1,58.9,1010.4,14880.0,Ujjain
5710,11/1/2021,21.5,15.5,28.7,1.0,1013.1,14700.0,Ujjain
5711,12/1/2021,17.7,12.5,23.8,21.3,1016.8,7200.0,Ujjain
5712,1/1/2022,15.7,9.9,22.5,12.6,1015.5,14040.0,Ujjain
5713,2/1/2022,19.8,12.5,27.5,0.0,1012.8,16980.0,Ujjain
5714,3/1/2022,26.6,18.7,34.6,0.7,1010.5,17220.0,Ujjain
5716,5/1/2022,33.0,26.0,39.8,0.0,1003.0,17580.0,Ujjain
5717,6/1/2022,30.5,25.4,36.4,93.9,1002.8,12960.0,Ujjain
5718,7/1/2022,25.4,23.1,28.8,343.0,1002.5,3480.0,Ujjain
5719,8/1/2022,25.1,22.6,28.8,516.3,1003.2,3660.0,Ujjain
5720,9/1/2022,25.5,22.2,30.1,134.6,1006.3,8760.0,Ujjain
5721,10/1/2022,23.9,18.6,30.1,50.4,1011.6,12960.0,Ujjain
5722,11/1/2022,21.7,15.3,28.9,0.0,1014.7,16680.0,Ujjain
5723,12/1/2022,19.6,13.7,26.6,0.2,1014.7,13260.0,Ujjain
5724,1/1/2023,16.4,10.4,23.7,2.3,1016.5,14040.0,Ujjain
5725,2/1/2023,21.0,12.9,29.9,0.0,1015.0,17640.0,Ujjain
5726,3/1/2023,24.4,17.6,31.8,16.1,1012.5,15720.0,Ujjain
5727,4/1/2023,28.9,22.0,35.8,22.4,1009.4,14880.0,Ujjain
5728,5/1/2023,31.1,24.5,37.9,5.4,1007.5,19080.0,Ujjain
5729,6/1/2023,29.9,25.6,35.2,124.9,1003.9,12300.0,Ujjain
5730,7/1/2023,26.1,23.7,30.5,303.0,1002.9,4980.0,Ujjain
5731,8/1/2023,25.3,22.7,28.7,91.3,1005.9,5760.0,Ujjain
5732,9/1/2023,25.6,22.7,29.9,271.1,1005.7,7680.0,Ujjain
5733,10/1/2023,25.4,19.2,32.1,0.1,1012.7,16380.0,Ujjain
5734,11/1/2023,22.6,16.7,29.3,36.5,1015.1,12960.0,Ujjain
5735,12/1/2023,19.1,14.0,25.5,1.6,1016.3,11880.0,Ujjain
5736,1/1/2024,17.7,11.9,24.7,6.1,1016.3,12180.0,Ujjain
5737,2/1/2024,21.3,14.8,28.5,0.3,1015.6,15240.0,Ujjain
5738,3/1/2024,25.8,18.2,33.4,0.0,1012.5,17460.0,Ujjain
5739,4/1/2024,30.1,23.4,37.1,6.2,1008.7,16380.0,Ujjain
5740,5/1/2024,34.1,27.1,41.2,0.0,1003.9,17520.0,Ujjain
5741,6/1/2024,30.7,26.1,36.5,125.0,1002.7,11700.0,Ujjain
5742,7/1/2024,26.3,24.0,30.0,322.7,1000.3,3180.0,Ujjain
5743,8/1/2024,25.7,22.6,28.7,388.0,1002.7,5700.0,Ujjain
5744,9/1/2024,26.3,22.4,30.2,159.0,1004.2,6780.0,Ujjain
5745,10/1/2024,25.5,20.6,31.4,18.9,1010.9,13680.0,Ujjain
5746,11/1/2024,21.8,15.7,28.5,0.0,1014.7,15780.0,Ujjain
5747,12/1/2024,18.0,12.4,24.8,2.0,1015.3,12600.0,Ujjain
5748,1/1/2025,17.8,11.9,25.1,2.7,1015.5,14640.0,Ujjain
5749,2/1/2025,22.2,15.0,29.8,0.0,1014.5,15660.0,Ujjain
5750,3/1/2025,26.9,19.0,34.7,0.0,1009.5,17880.0,Ujjain
5751,4/1/2025,32.4,24.8,39.9,0.1,1006.9,17880.0,Ujjain
5752,5/1/2025,30.2,25.0,36.7,28.5,1004.2,12900.0,Ujjain
5753,6/1/2025,29.0,24.9,34.3,183.0,1001.7,8820.0,Ujjain
5754,7/1/2025,25.7,23.4,29.2,305.9,1001.7,2520.0,Ujjain
5755,8/1/2025,25.5,22.9,29.4,237.2,1004.5,4620.0,Ujjain
5756,9/1/2025,25.4,22.2,29.6,194.5,1006.5,6900.0,Ujjain
5758,11/1/2025,20.2,14.4,26.8,3.7,1015.6,13560.0,Ujjain
5759,12/1/2025,17.3,10.8,25.0,0.0,1016.7,13200.0,Ujjain
5845,2/1/2021,19.9,12.8,29.2,2.3,1015.1,16560.0,Jhansi
6192,1/1/2020,27.7,22.3,33.1,0.0,1011.5,17220.0,Mangalore
6193,2/1/2020,28.3,22.7,33.8,0.0,1011.5,16020.0,Mangalore
6194,3/1/2020,28.9,24.0,33.7,23.0,1010.1,15720.0,Mangalore
6195,4/1/2020,30.2,25.7,34.7,4.0,1009.3,15600.0,Mangalore
6196,5/1/2020,30.1,25.9,34.3,89.0,1007.2,13620.0,Mangalore
6197,6/1/2020,26.7,23.6,29.7,803.0,1006.7,4560.0,Mangalore
6198,7/1/2020,26.3,23.6,29.0,1184.0,1006.2,4920.0,Mangalore
6199,8/1/2020,26.1,23.7,28.6,875.0,1007.2,3120.0,Mangalore
6200,9/1/2020,26.2,23.5,28.9,1064.0,1007.3,5820.0,Mangalore
6201,10/1/2020,26.6,23.4,29.8,349.0,1008.1,9480.0,Mangalore
6202,11/1/2020,28.4,23.4,33.4,19.0,1009.8,14820.0,Mangalore
6203,12/1/2020,28.2,22.9,33.5,32.0,1009.9,16680.0,Mangalore
6204,1/1/2021,27.9,22.8,33.0,69.0,1009.5,14940.0,Mangalore
6205,2/1/2021,27.9,22.2,33.6,3.0,1010.5,15240.0,Mangalore
6206,3/1/2021,29.3,24.5,34.2,17.0,1009.5,13980.0,Mangalore
6207,4/1/2021,29.0,24.8,33.2,134.0,1009.2,13620.0,Mangalore
6208,5/1/2021,27.9,24.3,31.5,367.0,1006.9,9900.0,Mangalore
6209,6/1/2021,26.4,23.4,29.4,767.0,1008.1,6780.0,Mangalore
6210,7/1/2021,25.9,23.4,28.3,1097.0,1007.3,4680.0,Mangalore
6211,8/1/2021,26.1,23.4,28.8,488.0,1008.3,5940.0,Mangalore
6212,9/1/2021,26.4,23.7,29.2,302.0,1009.4,9180.0,Mangalore
6213,10/1/2021,27.0,23.8,30.2,479.0,1008.2,10440.0,Mangalore
6214,11/1/2021,27.1,23.4,30.9,242.0,1008.2,8760.0,Mangalore
6215,12/1/2021,27.2,22.4,32.1,20.0,1011.5,16320.0,Mangalore
6216,1/1/2022,26.8,21.3,32.3,0.0,1011.1,17820.0,Mangalore
6217,2/1/2022,27.4,22.1,32.7,0.0,1009.8,15660.0,Mangalore
6218,3/1/2022,28.8,23.9,33.7,47.0,1008.5,15660.0,Mangalore
6219,4/1/2022,29.3,25.2,33.5,27.0,1007.8,11220.0,Mangalore
6220,5/1/2022,27.8,24.5,31.1,342.0,1006.5,8100.0,Mangalore
6221,6/1/2022,26.8,23.5,30.0,719.0,1006.9,7800.0,Mangalore
6222,7/1/2022,25.6,23.1,28.0,1569.0,1007.0,3900.0,Mangalore
6223,8/1/2022,25.8,23.4,28.2,833.0,1007.0,5820.0,Mangalore
6224,9/1/2022,26.3,23.4,29.3,361.0,1008.5,10200.0,Mangalore
6225,10/1/2022,26.9,23.3,30.5,87.0,1009.5,12420.0,Mangalore
6226,11/1/2022,27.7,23.3,32.1,53.0,1010.1,11820.0,Mangalore
6227,12/1/2022,27.4,22.3,32.6,7.0,1010.6,14160.0,Mangalore
6228,1/1/2023,27.1,21.6,32.7,0.0,1011.6,16860.0,Mangalore
6229,2/1/2023,28.3,22.6,33.9,0.0,1010.8,15180.0,Mangalore
6230,3/1/2023,28.6,22.7,34.6,0.0,1010.1,16500.0,Mangalore
6231,4/1/2023,29.7,25.0,34.2,0.0,1008.6,16740.0,Mangalore
6232,5/1/2023,30.1,25.6,34.5,37.0,1008.6,16980.0,Mangalore
6233,6/1/2023,27.9,24.6,31.3,546.0,1008.0,7740.0,Mangalore
6234,7/1/2023,25.6,23.3,27.9,1689.0,1008.6,3300.0,Mangalore
6235,8/1/2023,26.9,24.0,29.9,264.0,1009.8,12300.0,Mangalore
6237,10/1/2023,27.7,24.3,31.2,149.0,1010.9,10680.0,Mangalore
6238,11/1/2023,28.1,24.1,32.1,144.0,1010.4,10380.0,Mangalore
6239,12/1/2023,28.4,23.5,33.2,74.0,1010.4,14880.0,Mangalore
6240,1/1/2024,27.3,22.7,31.9,142.0,1011.8,14280.0,Mangalore
6241,2/1/2024,28.4,23.1,33.7,0.0,1012.0,17040.0,Mangalore
6242,3/1/2024,29.3,24.9,33.6,0.0,1011.0,15360.0,Mangalore
6243,4/1/2024,29.7,26.4,34.6,59.0,1007.8,15300.0,Mangalore
6246,7/1/2024,25.8,23.7,28.0,1619.0,1007.0,13020.0,Mangalore
6248,9/1/2024,26.7,23.9,29.7,475.0,1008.5,6900.0,Mangalore
6249,10/1/2024,27.3,24.2,30.5,165.0,1009.0,9900.0,Mangalore
6250,11/1/2024,28.4,23.8,33.0,53.0,1009.3,14460.0,Mangalore
6251,12/1/2024,27.7,23.4,31.9,171.0,1009.8,13320.0,Mangalore
6252,1/1/2025,27.7,22.1,32.2,36.0,1010.2,17100.0,Mangalore
6253,2/1/2025,28.6,23.1,34.1,0.0,1010.8,15240.0,Mangalore
6254,3/1/2025,29.6,25.2,34.0,41.0,1009.4,14700.0,Mangalore
6255,4/1/2025,29.3,24.8,33.8,63.0,1008.3,13860.0,Mangalore
6256,5/1/2025,28.1,24.7,31.5,953.0,1006.4,10860.0,Mangalore
6257,6/1/2025,26.6,23.8,29.3,1257.0,1007.4,4920.0,Mangalore
6259,8/1/2025,25.6,23.3,27.9,759.0,1008.4,3660.0,Mangalore
6261,10/1/2025,27.1,23.6,30.7,341.0,1008.7,10560.0,Mangalore
6262,11/1/2025,27.2,22.8,31.6,53.0,1011.3,14040.0,Mangalore
6263,12/1/2025,26.9,21.5,32.3,15.0,1011.0,15900.0,Mangalore
6624,1/1/2020,19.4,14.4,24.3,43.0,1016.2,9060.0,Maheshtala
6625,2/1/2020,22.0,16.6,27.4,3.0,1016.0,10740.0,Maheshtala
6626,3/1/2020,27.3,22.0,32.5,39.0,1011.9,12300.0,Maheshtala
6627,4/1/2020,29.8,25.2,34.5,50.0,1009.0,8580.0,Maheshtala
6628,5/1/2020,30.2,26.1,34.2,384.0,1005.0,11160.0,Maheshtala
6629,6/1/2020,30.4,27.0,33.8,382.0,1001.8,7020.0,Maheshtala
6630,7/1/2020,30.5,27.3,33.6,348.0,1001.8,6240.0,Maheshtala
6631,8/1/2020,29.7,27.0,32.5,390.0,999.4,5340.0,Maheshtala
6632,9/1/2020,30.1,26.9,33.4,189.0,1004.1,6420.0,Maheshtala
6633,10/1/2020,29.3,25.5,33.1,107.0,1006.7,7200.0,Maheshtala
6634,11/1/2020,25.4,20.1,30.6,24.0,1014.1,9540.0,Maheshtala
6635,12/1/2020,20.7,15.2,26.1,0.0,1015.1,9360.0,Maheshtala
6636,1/1/2021,20.8,15.5,26.1,0.0,1014.2,7380.0,Maheshtala
6637,2/1/2021,23.2,17.3,29.2,1.0,1013.5,10320.0,Maheshtala
6638,3/1/2021,29.7,24.0,35.3,0.0,1009.7,10860.0,Maheshtala
6639,4/1/2021,31.2,26.2,36.3,45.0,1008.0,12540.0,Maheshtala
6640,5/1/2021,30.3,26.1,34.6,391.0,1004.7,13140.0,Maheshtala
6641,6/1/2021,29.8,26.7,32.9,402.0,1001.2,6180.0,Maheshtala
6642,7/1/2021,30.0,27.2,32.7,525.0,1000.1,4860.0,Maheshtala
6643,8/1/2021,29.9,27.1,32.7,229.0,1002.8,4080.0,Maheshtala
6644,9/1/2021,29.0,26.2,31.9,614.0,1004.5,6000.0,Maheshtala
6645,10/1/2021,29.0,25.4,32.8,144.0,1008.4,8820.0,Maheshtala
6646,11/1/2021,24.7,20.0,29.5,2.0,1012.6,10680.0,Maheshtala
6647,12/1/2021,20.9,16.3,25.3,98.0,1016.2,6600.0,Maheshtala
6648,1/1/2022,19.4,14.7,24.2,13.0,1015.1,8400.0,Maheshtala
6649,2/1/2022,22.0,16.9,27.1,31.0,1013.0,10200.0,Maheshtala
6650,3/1/2022,28.6,23.2,34.0,0.0,1009.0,13200.0,Maheshtala
6651,4/1/2022,31.3,27.4,35.2,0.0,1006.1,11580.0,Maheshtala
6652,5/1/2022,30.4,26.3,34.5,242.0,1002.7,9780.0,Maheshtala
6653,6/1/2022,30.6,27.5,33.7,116.0,1001.5,5160.0,Maheshtala
6654,7/1/2022,30.2,27.2,33.2,275.0,1001.3,8220.0,Maheshtala
6655,8/1/2022,29.9,26.9,32.9,291.0,1001.1,6060.0,Maheshtala
6656,9/1/2022,30.0,27.1,32.9,224.0,1005.0,7560.0,Maheshtala
6657,10/1/2022,28.5,24.7,32.3,105.0,1009.9,10440.0,Maheshtala
6658,11/1/2022,24.8,19.4,30.2,0.0,1013.0,12960.0,Maheshtala
6659,12/1/2022,21.9,16.5,27.3,0.0,1013.9,9300.0,Maheshtala
6660,1/1/2023,20.7,15.7,25.7,0.0,1015.9,7260.0,Maheshtala
6661,2/1/2023,24.6,19.5,29.7,0.0,1013.2,10680.0,Maheshtala
6662,3/1/2023,27.7,23.2,32.2,29.0,1011.8,10080.0,Maheshtala
6663,4/1/2023,31.7,26.7,36.6,50.0,1007.7,12960.0,Maheshtala
6664,5/1/2023,31.2,26.8,35.6,82.0,1006.0,12300.0,Maheshtala
6665,6/1/2023,31.8,28.5,35.0,160.0,1000.9,6240.0,Maheshtala
6666,7/1/2023,30.4,28.0,32.9,180.0,1001.5,6900.0,Maheshtala
6667,8/1/2023,29.7,27.2,32.1,329.0,1002.0,3780.0,Maheshtala
6668,9/1/2023,29.3,27.0,31.7,455.0,1003.7,5580.0,Maheshtala
6669,10/1/2023,28.6,25.5,31.7,181.0,1010.4,9180.0,Maheshtala
6670,11/1/2023,25.6,21.6,29.6,0.0,1014.6,9300.0,Maheshtala
6671,12/1/2023,21.5,17.3,25.6,32.0,1016.1,8460.0,Maheshtala
6672,1/1/2024,19.0,14.9,23.1,2.0,1017.2,5880.0,Maheshtala
6673,2/1/2024,23.7,19.6,27.8,13.0,1015.8,7860.0,Maheshtala
6674,3/1/2024,27.3,23.1,31.5,28.0,1012.0,10200.0,Maheshtala
6675,4/1/2024,33.0,28.0,38.1,1.0,1006.2,12660.0,Maheshtala
6676,5/1/2024,31.0,27.3,34.7,501.0,1003.5,9480.0,Maheshtala
6677,6/1/2024,31.8,28.7,34.9,143.0,1000.6,8100.0,Maheshtala
6678,7/1/2024,29.8,27.4,32.1,328.0,998.4,5580.0,Maheshtala
6679,8/1/2024,29.1,27.0,31.1,467.0,1002.7,4020.0,Maheshtala
6680,9/1/2024,29.9,27.5,32.2,316.0,1002.9,7500.0,Maheshtala
6681,10/1/2024,28.9,26.3,31.4,286.0,1009.0,6540.0,Maheshtala
6682,11/1/2024,25.1,21.1,29.0,0.0,1013.2,9480.0,Maheshtala
6683,12/1/2024,21.1,16.6,25.6,6.0,1014.9,9000.0,Maheshtala
6684,1/1/2025,20.1,15.5,24.7,0.0,1014.9,6900.0,Maheshtala
6685,2/1/2025,24.6,20.5,28.8,48.0,1013.3,8460.0,Maheshtala
6686,3/1/2025,28.5,24.0,32.9,5.0,1010.2,12540.0,Maheshtala
6687,4/1/2025,30.2,26.2,34.3,48.0,1007.4,11280.0,Maheshtala
6688,5/1/2025,30.6,26.7,34.4,178.0,1003.3,10500.0,Maheshtala
6689,6/1/2025,29.8,27.0,32.6,241.0,999.8,5520.0,Maheshtala
6690,7/1/2025,28.6,26.3,30.8,669.0,998.3,3240.0,Maheshtala
6691,8/1/2025,29.0,26.7,31.3,284.0,1003.2,6000.0,Maheshtala
6692,9/1/2025,29.8,27.1,32.5,465.0,1004.5,7740.0,Maheshtala
6693,10/1/2025,28.6,25.3,31.9,289.0,1009.7,9180.0,Maheshtala
6694,11/1/2025,24.0,19.4,28.7,0.0,1013.6,11520.0,Maheshtala
6695,12/1/2025,19.7,15.3,24.1,0.0,1015.7,5460.0,Maheshtala
