date,tavg,tmin,tmax,prcp,wspd,pres,tsun,city
1/1/2020,24.9,19.2,29.9,0,,1013.4,13800,Mumbai
2/1/2020,27.3,21,32.6,0,,1012.7,11220,Mumbai
3/1/2020,27.7,22.6,31.9,0,,1011.2,12900,Mumbai
4/1/2020,30.2,26.4,33.9,0,,1009.6,14220,Mumbai
5/1/2020,31.1,28.6,34,0,,1007.3,15960,Mumbai
6/1/2020,29.2,26,32.3,525,,1003.7,8340,Mumbai
7/1/2020,28.1,25.4,30.5,1501.9,,1003.2,4620,Mumbai
8/1/2020,27.6,25,29.6,826.5,,1003.3,2760,Mumbai
9/1/2020,28.4,25.3,31.4,320,,1005.6,7080,Mumbai
10/1/2020,29.2,25.6,32.7,224,,1007.3,7920,Mumbai
11/1/2020,28.7,23.1,33.9,0,,1011.8,12720,Mumbai
12/1/2020,26.6,20.8,32.3,25,,1012,11400,Mumbai
1/1/2021,25.9,20.5,30.9,1,,1011.1,11100,Mumbai
2/1/2021,27.3,21.4,32.9,0,,1012.1,11280,Mumbai
3/1/2021,29.7,23.9,35,0,,1010,13200,Mumbai
4/1/2021,30,26.2,33.6,0,,1009.1,13620,Mumbai
5/1/2021,30.7,27.8,33.8,154.4,,1005.5,12000,Mumbai
6/1/2021,28.6,25.5,31.5,317,,1005.3,6360,Mumbai
7/1/2021,28.6,25.7,30.8,773.9,,1003.8,4800,Mumbai
8/1/2021,27.8,25.1,30,295.1,,1006.3,5520,Mumbai
9/1/2021,27.7,24.8,30.1,436.9,,1005.1,5820,Mumbai
10/1/2021,29.4,25.2,33.5,31.8,,1008.6,13620,Mumbai
11/1/2021,29.5,25,34.1,50.1,,1009.2,12720,Mumbai
12/1/2021,25.8,21,30.6,103.3,,1013.3,10080,Mumbai
1/1/2022,24.5,19.3,29.3,9.6,,1012.9,11940,Mumbai
2/1/2022,25.3,19.3,30.5,0,,1011.3,14220,Mumbai
3/1/2022,30,24.7,34.9,0.1,,1008.9,9240,Mumbai
4/1/2022,30.6,26.8,34.5,0,,1008,12120,Mumbai
5/1/2022,30.9,28.8,34,7,,1005.7,13080,Mumbai
6/1/2022,29.3,26.6,32.9,298.3,,1004.4,7860,Mumbai
7/1/2022,27.8,25.3,29.8,1185.2,,1004,3060,Mumbai
8/1/2022,27.7,25.1,30.3,550.9,,1004.2,5160,Mumbai
9/1/2022,27.5,24.7,30.2,528.4,,1006.6,5700,Mumbai
10/1/2022,28.4,24.5,32.4,165.5,,1009.8,11700,Mumbai
11/1/2022,27.9,21.9,33.6,0,,1011.7,12180,Mumbai
12/1/2022,27.3,21.8,32.5,6.2,,1011.4,10680,Mumbai
1/1/2023,24.4,18.7,29.5,0,,1013.4,11520,Mumbai
2/1/2023,28.1,20.6,34.2,0,,1012.4,13980,Mumbai
3/1/2023,28.9,23.6,33.5,21,,1011.2,12120,Mumbai
4/1/2023,30,25.8,33.8,15.3,,1009,14220,Mumbai
5/1/2023,30.8,28.3,33.6,0.6,,1008.8,17220,Mumbai
6/1/2023,30.4,27.8,33.7,561.1,,1005.7,11460,Mumbai
7/1/2023,27.8,25.3,29.4,1768.9,,1004.7,1680,Mumbai
8/1/2023,28.6,26.3,30.8,187.3,,1007.9,7140,Mumbai
9/1/2023,28.2,25.2,31,483.8,,1006.6,6660,Mumbai
10/1/2023,30.2,25.8,34.5,13,,1011,10200,Mumbai
11/1/2023,29.4,24.3,34.4,7.1,,1011.7,11040,Mumbai
12/1/2023,27.9,22.8,32.9,0,,1012.3,10140,Mumbai
1/1/2024,26.3,19.9,31.3,1.1,,1013.2,12240,Mumbai
2/1/2024,27.1,20.6,32.6,0,,1013.5,14700,Mumbai
3/1/2024,28.3,23.2,32.8,0.1,,1011.9,14340,Mumbai
4/1/2024,30.7,26.6,34.7,0,,1008.2,14340,Mumbai
5/1/2024,31.1,28.6,34.2,1.4,,1005.9,,Mumbai
6/1/2024,29.7,27.2,33.2,351.3,,1004,6780,Mumbai
7/1/2024,27.5,25.3,29.8,1663.8,,1002.1,1020,Mumbai
8/1/2024,28.2,26.3,30.9,390.5,,1005.7,5700,Mumbai
9/1/2024,27.7,25.2,30.6,659.3,,1006.5,8040,Mumbai
10/1/2024,29.3,25.6,33.3,112,,1008.8,11040,Mumbai
11/1/2024,28.4,22.6,34.1,0.5,,1011.2,10560,Mumbai
12/1/2024,26.2,20.6,32,0,,1011.7,8040,Mumbai
1/1/2025,26.2,20,32.2,0,,1011.9,11100,Mumbai
2/1/2025,28,21.2,34,0,,1012.2,13560,Mumbai
3/1/2025,29.3,24.2,34.4,0,,1010,13680,Mumbai
4/1/2025,30.2,26.7,34.1,0,,1008.2,13800,Mumbai
5/1/2025,29.5,25.8,32.9,237,,1005,10140,Mumbai
6/1/2025,28.6,26.2,31.4,510.9,,1003.6,5460,Mumbai
7/1/2025,28.1,26,30,801.7,,1003.5,2760,Mumbai
8/1/2025,27.4,25.5,29.5,1098,,1005.7,4500,Mumbai
9/1/2025,27,25.4,29,480.7,,1007.2,4020,Mumbai
10/1/2025,29.1,26.3,32.8,170.2,,1008,10800,Mumbai
11/1/2025,27.8,24.3,32,9.2,,1012.5,11880,Mumbai
12/1/2025,27,22.8,32.1,0,,1012.9,11700,Mumbai
1/1/2020,13.7,8,19.5,48,,1017.3,9420,Delhi
2/1/2020,17,9.9,24.1,2,,1016.5,12120,Delhi
3/1/2020,21.6,15,28.2,109,,1012.2,12420,Delhi
4/1/2020,27.7,20.1,35.3,14,,1008.1,15420,Delhi
5/1/2020,31.9,24.4,39.5,21,,1002.6,16080,Delhi
6/1/2020,32.6,26.7,38.5,82,,998.9,13260,Delhi
7/1/2020,31.5,26.8,36.3,237,,998.7,10740,Delhi
8/1/2020,30.6,26.6,34.6,237,,998.3,9180,Delhi
9/1/2020,31,25.7,36.2,21,,1002.6,13740,Delhi
10/1/2020,25.9,17.2,34.5,0,,1008,13320,Delhi
11/1/2020,19,10.2,27.8,1,,1016.3,6960,Delhi
12/1/2020,15.2,7.1,23.4,2,,1016.7,8520,Delhi
1/1/2021,13.1,7,19.2,57,,1016,6540,Delhi
2/1/2021,18.6,10.6,27.9,2,,1014.2,12120,Delhi
3/1/2021,25,17,33.2,4,,1010.1,,Delhi
4/1/2021,28.1,18.7,37.5,3,,1007.1,13800,Delhi
5/1/2021,30.4,23.3,37.5,144,,1003.1,11580,Delhi
6/1/2021,32,25.8,38.1,35,,998.9,11700,Delhi
7/1/2021,31.4,26.4,36.5,507,,998.1,10320,Delhi
8/1/2021,30.8,26.3,35.2,214,,1000.5,9480,Delhi
9/1/2021,29.4,25.5,33.2,413,,1003.7,9360,Delhi
10/1/2021,26.8,20.5,33.1,123,,1008.6,15360,Delhi
11/1/2021,19.9,11.9,27.8,0,,1013.7,10260,Delhi
12/1/2021,15.3,8.2,22.4,9,,1018.2,7200,Delhi
1/1/2022,13.1,8.2,18,88,,1016.3,3600,Delhi
2/1/2022,17.2,10.2,24.2,29,,1013.3,12660,Delhi
3/1/2022,25.3,17.6,32.9,0,,1009,14700,Delhi
4/1/2022,31.2,22.2,40.2,0,,1004.2,13440,Delhi
5/1/2022,33.1,26,40.1,45,,999.3,7260,Delhi
6/1/2022,33.7,27.2,40.1,25,,997.9,9780,Delhi
7/1/2022,31.2,27,35.5,286,,999.4,7980,Delhi
8/1/2022,30.4,26.4,34.4,41,,1000.2,9660,Delhi
9/1/2022,29.4,24.7,34.2,165,,1003.6,,Delhi
10/1/2022,24.9,18.5,31.4,128,,1010.6,10500,Delhi
11/1/2022,20.5,12.3,28.7,0,,1014.2,9000,Delhi
12/1/2022,15.5,7.5,23.4,0,,1015.7,9660,Delhi
1/1/2023,13.2,6.6,19.7,20,,1017.9,5340,Delhi
2/1/2023,19.5,11.2,27.7,0,,1013.8,13380,Delhi
3/1/2023,23.6,16.2,30.9,54,,1012,11400,Delhi
4/1/2023,27.3,19.4,35.3,16,,1007.7,13740,Delhi
5/1/2023,29.6,22.4,36.8,86,,1004.9,13740,Delhi
6/1/2023,31.5,25.9,37.1,101,,999,11340,Delhi
7/1/2023,30.7,26.7,34.8,383,,999.5,6240,Delhi
8/1/2023,31.1,26.8,35.4,106,,1000.5,9420,Delhi
9/1/2023,30.4,25.3,35.6,83,,1003.5,11040,Delhi
10/1/2023,25.5,18.2,33.4,5,,1011.3,,Delhi
11/1/2023,20.4,13.1,27.8,18,,1015.8,,Delhi
12/1/2023,16.3,8.6,24.1,0,,1017.6,8520,Delhi
1/1/2024,12.3,6.6,18.1,0,,1018.3,2460,Delhi
2/1/2024,16.7,9.3,24.1,32,,1016.7,9840,Delhi
3/1/2024,22.4,14.2,30.5,4,,1012.6,,Delhi
4/1/2024,28.9,20.7,37,7,,1006.5,13860,Delhi
5/1/2024,33.9,26.5,41.4,4,,1001,13860,Delhi
6/1/2024,34.7,28.8,40.6,244,,997.7,8820,Delhi
7/1/2024,31.5,27.6,35.9,203,,996.7,,Delhi
8/1/2024,29.9,25.7,34.2,390,,1001,8040,Delhi
9/1/2024,29.3,24.7,33.8,193,,1003.3,7140,Delhi
10/1/2024,28.2,21.4,35.1,0,,1009.1,12780,Delhi
11/1/2024,22.2,14.7,29.7,0,,1014.3,2520,Delhi
12/1/2024,15.8,8.4,23.2,54,,1016.8,2520,Delhi
1/1/2025,14.6,8.5,20.8,7,,1016.6,7560,Delhi
2/1/2025,19.2,11.6,26.7,1,,1014.7,10800,Delhi
3/1/2025,23.8,15.5,32,18,,1010.7,15780,Delhi
4/1/2025,30.4,21.9,38.9,0.5,,1005,13320,Delhi
5/1/2025,31.4,25.3,37.6,186,,1001.4,10320,Delhi
6/1/2025,32.3,27.1,37.5,107,,998.3,7980,Delhi
7/1/2025,30.3,26.1,34.5,259,,997.4,6720,Delhi
8/1/2025,29.1,25.1,33.2,400,,1001.4,5820,Delhi
9/1/2025,28.8,24,33.6,136,,1004,12060,Delhi
10/1/2025,25.8,20.1,31.6,89,,1010.1,9420,Delhi
11/1/2025,19.6,11.4,27.8,0,,1015.5,8820,Delhi
12/1/2025,15,8.2,23,0,,1017.1,7380,Delhi
1/1/2020,22.3,16.8,29.6,0,,1016.1,12660,Bengaluru
2/1/2020,23.2,17,30.6,0,,1016.3,14100,Bengaluru
3/1/2020,26,20.2,33.1,18,,1014,14160,Bengaluru
4/1/2020,28.5,22.9,34.1,121,,1012.7,12600,Bengaluru
5/1/2020,27.4,21.8,34.1,129,,1010.3,10920,Bengaluru
6/1/2020,24.5,20.2,30.4,116,,1009.8,6120,Bengaluru
7/1/2020,24.1,20.5,29.2,161,,1009.3,5100,Bengaluru
8/1/2020,23.6,19.6,28.6,76,,1010,3900,Bengaluru
9/1/2020,23.2,19.3,28.6,300,,1010.3,4860,Bengaluru
10/1/2020,23.2,18.8,28.5,205,,1011,7200,Bengaluru
11/1/2020,22.3,17.9,27.7,71,,1014.9,9180,Bengaluru
12/1/2020,20.5,15.9,26.5,21,,1015.4,9120,Bengaluru
1/1/2021,21.4,16.3,27.8,21,,1014.7,8640,Bengaluru
2/1/2021,22.2,15.7,29.5,10,,1015.5,12240,Bengaluru
3/1/2021,25.6,18,33.2,0,,1013.3,14100,Bengaluru
4/1/2021,27.1,20.5,34,118,,1011.9,9780,Bengaluru
5/1/2021,26.7,22.4,32.2,131,,1010,11220,Bengaluru
6/1/2021,24.7,19.9,30.1,90,,1010.7,7140,Bengaluru
7/1/2021,23.7,19.1,28.9,203,,1009.8,4920,Bengaluru
8/1/2021,23.6,19,28.9,99,,1011,5940,Bengaluru
9/1/2021,23.9,19,29.2,189,,1010.6,6780,Bengaluru
10/1/2021,23.5,19.3,28.8,367,,1012,6840,Bengaluru
11/1/2021,21.7,18.2,26.2,279,,1012.5,3000,Bengaluru
12/1/2021,21.1,15.9,27,6,,1016.6,7560,Bengaluru
1/1/2022,21.9,16.5,27.9,3,,1015.5,9840,Bengaluru
2/1/2022,22.8,15.8,30.2,0,,1014.9,12060,Bengaluru
3/1/2022,25.4,18.6,32.6,16,,1013.3,9960,Bengaluru
4/1/2022,26.9,20.8,34.2,135,,1012.6,11220,Bengaluru
5/1/2022,24.5,19.7,30.4,267,,1010,8460,Bengaluru
6/1/2022,24.3,19.2,29.9,280,,1010.5,7740,Bengaluru
7/1/2022,23.2,18.9,28.2,105.9,,1010,4020,Bengaluru
8/1/2022,23.7,19.1,28.5,366.7,,1009.8,4740,Bengaluru
9/1/2022,23.4,18.8,28.7,298.8,,1011.8,6420,Bengaluru
10/1/2022,22.9,18.1,27.8,238.9,,1013.8,6420,Bengaluru
11/1/2022,21.6,17,26.7,74.8,,1015.5,6240,Bengaluru
12/1/2022,21.2,16.7,27,73,,1015.5,7620,Bengaluru
1/1/2023,20.3,15.2,27.6,0.5,,1017.4,12000,Bengaluru
2/1/2023,22.6,16.2,30.3,0,,1016.8,13920,Bengaluru
3/1/2023,24.6,18.5,31.4,46.3,,1015.6,11520,Bengaluru
4/1/2023,27.7,21.3,35,88.4,,1011.8,11700,Bengaluru
5/1/2023,26.7,20.7,33.9,151.6,,1012,10080,Bengaluru
6/1/2023,25.2,19.7,30.8,93.3,,1011.9,7980,Bengaluru
7/1/2023,23.3,19.3,28.6,83.8,,1012.1,3480,Bengaluru
8/1/2023,24.9,20,30.5,53.8,,1014.2,9600,Bengaluru
9/1/2023,23.9,19.8,29.4,165.2,,1013.2,,Bengaluru
10/1/2023,24.4,19.5,30.1,111.1,,1016.2,9960,Bengaluru
11/1/2023,23.2,18.1,28.6,92.9,,1016.8,8160,Bengaluru
12/1/2023,21.9,17.2,28.5,11.1,,1017.1,7260,Bengaluru
1/1/2024,22,16.3,29.2,10,,1018,10500,Bengaluru
2/1/2024,24.2,17,31.6,0,,1018.5,13920,Bengaluru
3/1/2024,27.3,19.9,34,0,,1015.5,12840,Bengaluru
4/1/2024,29.4,22.9,36.7,0.1,,1013.1,13080,Bengaluru
5/1/2024,26.9,22.3,34.9,170.4,,1011.6,,Bengaluru
6/1/2024,25.3,21.5,30.2,125.3,,1011.8,,Bengaluru
7/1/2024,24.1,21.1,28.1,122.3,,1011,2640,Bengaluru
8/1/2024,25.2,22,29.3,229,,1011.7,6300,Bengaluru
9/1/2024,25.2,21.4,29.6,24,,1012,8040,Bengaluru
10/1/2024,24.7,21.3,29.2,287.4,,1014.1,6180,Bengaluru
11/1/2024,23.7,20.2,27.7,39.9,,1015.8,7500,Bengaluru
12/1/2024,22.9,19.4,27.1,96,,1015.3,7320,Bengaluru
1/1/2025,21.3,16.6,27.4,3.5,,1017.1,12300,Bengaluru
2/1/2025,23.8,16.8,30.9,0,,1017.6,14640,Bengaluru
3/1/2025,26.3,20.1,32.9,12,,1014.1,13740,Bengaluru
4/1/2025,26.9,21.8,32.8,32,,1014.1,10620,Bengaluru
5/1/2025,25.1,21.2,30.1,141.9,,1011.2,8160,Bengaluru
6/1/2025,24.3,20.9,29,78.6,,1011.8,6720,Bengaluru
7/1/2025,23.2,20.3,27.6,154.2,,1011.7,6660,Bengaluru
8/1/2025,23.1,20.4,27.4,177.3,,1012.7,4260,Bengaluru
9/1/2025,23.5,20.3,28,117.1,,1013.2,4860,Bengaluru
10/1/2025,23.4,20.4,27.7,127,,1014.3,7140,Bengaluru
11/1/2025,22.1,18.6,26.8,23,,1017.2,6600,Bengaluru
12/1/2025,20.7,16.3,26.6,1,,1017.3,11460,Bengaluru
1/1/2020,19.2,12.3,26.1,0,,1015.5,14100,Ahmedabad
2/1/2020,23.1,15.3,30.8,0,,1014.6,17220,Ahmedabad
3/1/2020,26.5,19.2,33.7,13,,1011.2,17640,Ahmedabad
4/1/2020,32.9,25.5,40.4,0,,1008.7,,Ahmedabad
5/1/2020,35.3,28,42.6,0,,1005,21360,Ahmedabad
6/1/2020,32,26.9,37.4,216,,1002,,Ahmedabad
7/1/2020,31.1,26.8,35.5,210,,1000.7,11220,Ahmedabad
8/1/2020,28.5,25.7,32.1,425,,1000.4,,Ahmedabad
9/1/2020,30.3,26.2,34.3,119,,1004.6,12060,Ahmedabad
10/1/2020,29.9,23.6,36.2,1,,1007.6,17340,Ahmedabad
11/1/2020,24.9,17.1,32.6,0,,1014,16500,Ahmedabad
12/1/2020,22.3,14.9,29.7,1,,1014.3,15420,Ahmedabad
1/1/2021,20.5,13,27.9,0,,1013.2,14940,Ahmedabad
2/1/2021,23.4,15.6,32.8,0,,1013.6,,Ahmedabad
3/1/2021,29.1,20.3,38,0,,1010.3,18420,Ahmedabad
4/1/2021,32.7,24.8,40.7,0,,1008.1,18540,Ahmedabad
5/1/2021,33.5,27.5,39.5,139,,1003.9,17580,Ahmedabad
6/1/2021,31.9,27,36.8,148,,1002.4,13740,Ahmedabad
7/1/2021,30.9,27,34.8,171,,1000.5,8340,Ahmedabad
8/1/2021,30.1,26.2,33.9,47,,1003.9,7560,Ahmedabad
9/1/2021,29,25.7,32.3,201,,1002.9,5340,Ahmedabad
10/1/2021,28.8,23,34.6,8,,1009.2,15840,Ahmedabad
11/1/2021,25.5,17.8,33.3,0,,1011.8,14460,Ahmedabad
12/1/2021,21.3,14.6,27.9,5,,1015.8,13560,Ahmedabad
1/1/2022,19.5,12.3,26.7,4,,1014.7,16020,Ahmedabad
2/1/2022,23.3,14.4,32.1,0,,1012,16740,Ahmedabad
3/1/2022,29.8,21.4,38.2,0,,1009.5,17460,Ahmedabad
4/1/2022,33.7,25.4,42.1,0,,1006.7,18420,Ahmedabad
5/1/2022,35.4,28.1,42.6,0,,1002.9,18360,Ahmedabad
6/1/2022,34.1,27.8,40.4,17,,1001.7,14940,Ahmedabad
7/1/2022,29.5,25.9,33,565,,1001.2,6120,Ahmedabad
8/1/2022,29,25.7,32.4,208,,1001.6,6780,Ahmedabad
9/1/2022,29.9,25.6,34.2,54,,1005.5,12480,Ahmedabad
10/1/2022,28.7,22.1,35.2,14,,1010.4,16860,Ahmedabad
11/1/2022,25.1,16.9,33.4,0,,1013.6,16980,Ahmedabad
12/1/2022,23,15.8,30.3,0,,1013.6,15420,Ahmedabad
1/1/2023,19.9,12.7,27.1,1,,1015.7,16380,Ahmedabad
2/1/2023,24.3,14.5,34.1,0,,1014.2,19080,Ahmedabad
3/1/2023,28.1,20.5,35.7,10,,1011.3,16560,Ahmedabad
4/1/2023,31.7,24.6,38.8,3,,1008.4,17520,Ahmedabad
5/1/2023,33.8,26.7,40.9,68,,1006.6,19860,Ahmedabad
6/1/2023,32.1,27.4,36.8,170,,1003,11280,Ahmedabad
7/1/2023,30.1,26.6,33.7,409,,1001.4,4920,Ahmedabad
8/1/2023,29.5,26.1,33,36,,1004.9,5280,Ahmedabad
9/1/2023,30.1,26,34.2,195,,1004.8,9600,Ahmedabad
10/1/2023,29.5,22.8,36.1,1,,1011.6,17160,Ahmedabad
11/1/2023,25.9,19.1,32.8,31,,1013.7,13080,Ahmedabad
12/1/2023,22.8,17.1,28.5,0,,1015,13020,Ahmedabad
1/1/2024,21.1,14.2,28,0,,1015.3,14640,Ahmedabad
2/1/2024,24.3,17.5,31,0,,1014.6,15360,Ahmedabad
3/1/2024,28,20.4,35.6,0,,1011.8,18420,Ahmedabad
4/1/2024,32.7,26.1,39.2,0,,1007.7,16260,Ahmedabad
5/1/2024,35.9,29,42.8,7,,1003.7,18900,Ahmedabad
6/1/2024,34.5,28.8,40.1,145,,1001.2,14100,Ahmedabad
7/1/2024,30.3,27,33.6,312,,998.6,4560,Ahmedabad
8/1/2024,29.1,26,32.1,471,,1002.7,4500,Ahmedabad
9/1/2024,29.5,25.9,33.2,190,,1005,9180,Ahmedabad
10/1/2024,30.3,25,35.5,8,,1009.5,,Ahmedabad
11/1/2024,26.7,19.3,34.2,0,,1013.1,,Ahmedabad
12/1/2024,21.8,15.2,28.4,0,,1014.2,,Ahmedabad
1/1/2025,21.9,14.8,29,0,,1014.3,15900,Ahmedabad
2/1/2025,25.1,17.3,32.8,0,,1013.6,16380,Ahmedabad
3/1/2025,29.1,20.9,37.4,0,,1010.7,19200,Ahmedabad
4/1/2025,33.6,25.5,41.7,0,,1006.7,19320,Ahmedabad
5/1/2025,33,27.4,38.6,115,,1002.7,16020,Ahmedabad
6/1/2025,31.6,27.1,36.1,250,,1000.5,8880,Ahmedabad
7/1/2025,29.7,26.5,32.9,248,,1000.3,3180,Ahmedabad
8/1/2025,29.5,26,33.1,298,,1003.2,6720,Ahmedabad
9/1/2025,29.5,25.6,33.3,185,,1005.3,9780,Ahmedabad
10/1/2025,28.3,23.2,33.5,42,,1009.4,12720,Ahmedabad
11/1/2025,24.3,17.9,30.8,7,,1014.4,13980,Ahmedabad
12/1/2025,22.7,15.5,30,0,,1015.5,15420,Ahmedabad
1/1/2020,24.1,18.5,29.8,39,,1013.7,14700,Hyderabad
2/1/2020,25.2,19,31.4,4,,1013.4,14700,Hyderabad
3/1/2020,28.4,22.2,34.6,24,,1010.1,14880,Hyderabad
4/1/2020,31.5,25,37.9,21,,1007.9,15060,Hyderabad
5/1/2020,33.5,27.2,39.8,42,,1004.1,15900,Hyderabad
6/1/2020,29.3,24.5,34,225,,1002.8,10740,Hyderabad
7/1/2020,27.5,23.3,31.7,129,,1003.3,8640,Hyderabad
8/1/2020,26.1,22.7,29.5,250,,1003.4,7140,Hyderabad
9/1/2020,27.2,23,31.4,204,,1004.7,8280,Hyderabad
10/1/2020,26.1,21.3,30.8,401,,1006.7,10200,Hyderabad
11/1/2020,24.1,17.9,30.3,9,,1013.1,13560,Hyderabad
12/1/2020,22.5,15.3,29.6,0,,1013.5,16320,Hyderabad
1/1/2021,24.4,18.6,30.2,2,,1012.1,14100,Hyderabad
2/1/2021,24.3,17.4,31.3,6,,1012.6,14940,Hyderabad
3/1/2021,28.8,21.3,36.3,0,,1009.3,15480,Hyderabad
4/1/2021,31,24.6,37.4,28,,1006.9,13800,Hyderabad
5/1/2021,31.5,25.6,37.3,35,,1004.2,15540,Hyderabad
6/1/2021,28.4,23.8,33,158,,1003.9,9600,Hyderabad
7/1/2021,26.7,23.1,30.4,326,,1002.4,7140,Hyderabad
8/1/2021,27.1,23.1,31.1,142,,1004.5,9000,Hyderabad
9/1/2021,26.3,22.6,29.9,220,,1004.4,7740,Hyderabad
10/1/2021,26.7,21.4,31.9,165,,1008.1,13740,Hyderabad
11/1/2021,25.1,20.4,29.7,9,,1010.5,8520,Hyderabad
12/1/2021,23.3,16.8,29.7,0,,1014.3,13560,Hyderabad
1/1/2022,23.1,17,29.3,4,,1012.7,13860,Hyderabad
2/1/2022,25.1,18.1,32,0,,1011.1,14940,Hyderabad
3/1/2022,29.3,22.2,36.3,0,,1007.9,13620,Hyderabad
4/1/2022,32.5,26,39,3,,1006.1,,Hyderabad
5/1/2022,32.1,26.2,38.1,81,,1001.9,14580,Hyderabad
6/1/2022,30.3,24.7,35.9,85,,1002.3,10320,Hyderabad
7/1/2022,25.7,22.2,29.3,372,,1002.8,6060,Hyderabad
8/1/2022,26.7,22.8,30.7,93,,1003.3,9300,Hyderabad
9/1/2022,26.5,22.3,30.7,181,,1005.7,8340,Hyderabad
10/1/2022,24.9,19.9,30,162,,1009.6,12420,Hyderabad
11/1/2022,23.6,17.2,30,1,,1012.3,13260,Hyderabad
12/1/2022,24.1,18.2,29.9,8,,1012.3,13140,Hyderabad
1/1/2023,23.7,17.4,29.9,0,,1013.9,15720,Hyderabad
2/1/2023,25.7,18,33.5,0,,1012.5,16260,Hyderabad
3/1/2023,27.2,20.9,33.5,53,,1010.7,14580,Hyderabad
4/1/2023,30,23.8,36.2,134,,1007.8,15180,Hyderabad
5/1/2023,31.3,25.7,36.9,87,,1006,15600,Hyderabad
6/1/2023,31.9,26.4,37.5,80,,1002.8,13320,Hyderabad
7/1/2023,26.5,23.2,29.8,336,,1003.3,5700,Hyderabad
8/1/2023,27.7,23.8,31.5,61,,1006.1,10920,Hyderabad
9/1/2023,26.9,23.2,30.5,345,,1005,7440,Hyderabad
10/1/2023,26.8,21,32.6,0,,1010.5,14820,Hyderabad
11/1/2023,25.9,21.3,30.4,23,,1013,9840,Hyderabad
12/1/2023,22.9,17.1,28.6,4,,1014.1,12900,Hyderabad
1/1/2024,24.3,18.8,29.9,0,,1014.1,12840,Hyderabad
2/1/2024,26.9,20.3,33.4,0,,1013.1,15120,Hyderabad
3/1/2024,30.1,23.9,36.3,0,,1010.3,12480,Hyderabad
4/1/2024,33,26.9,39.1,1,,1006.3,14160,Hyderabad
5/1/2024,32.5,26.6,38.5,147,,1003.1,16200,Hyderabad
6/1/2024,29.5,25,34.1,123,,1002.7,9600,Hyderabad
7/1/2024,26.9,23.7,30,175,,1001.5,5640,Hyderabad
8/1/2024,27.5,23.7,31.3,265,,1004.9,8340,Hyderabad
9/1/2024,26.5,23.1,30,277,,1004.9,8700,Hyderabad
10/1/2024,27.3,22.7,31.8,55,,1008.9,12060,Hyderabad
11/1/2024,24.5,18.5,30.6,3,,1012,13740,Hyderabad
12/1/2024,23.9,18.9,29,10,,1012.5,10200,Hyderabad
1/1/2025,23.2,16.6,29.8,0,,1013.2,15780,Hyderabad
2/1/2025,26.9,19.7,34.1,0,,1012.1,15900,Hyderabad
3/1/2025,29.1,22,36.3,32,,1009.3,15660,Hyderabad
4/1/2025,30.9,24.8,37.1,113,,1006.7,14700,Hyderabad
5/1/2025,30,24.5,35.5,74,,1002.9,12780,Hyderabad
6/1/2025,28.9,24.2,33.6,14,,1002.5,9960,Hyderabad
7/1/2025,26.9,23,30.9,206,,1002.5,8520,Hyderabad
8/1/2025,25.8,22.1,29.5,360,,1004.6,6900,Hyderabad
9/1/2025,26,22,30,301,,1005.5,7380,Hyderabad
10/1/2025,26.1,21.8,30.3,163,,1008.8,10800,Hyderabad
11/1/2025,23.5,17.4,29.7,20,,1013.5,14580,Hyderabad
12/1/2025,21.4,13.9,28.9,0,,1014.7,16020,Hyderabad
1/1/2020,26.2,21.8,30.5,64,,1014.1,15000,Chennai
2/1/2020,27.2,22.4,32,0,,1014.4,16140,Chennai
3/1/2020,29,24.4,33.7,0,,1011.9,17280,Chennai
4/1/2020,30.8,26.2,35.5,35,,1010.3,16860,Chennai
5/1/2020,33.3,28.5,38.1,5,,1006.1,17400,Chennai
6/1/2020,33,28.1,38,21,,1004.3,11400,Chennai
7/1/2020,30.1,25.8,34.3,303,,1004.9,9780,Chennai
8/1/2020,30.1,26.4,33.9,100,,1005.3,6600,Chennai
9/1/2020,29.3,25.4,33.3,175,,1006,7080,Chennai
10/1/2020,29.3,25.3,33.3,158,,1008.3,7920,Chennai
11/1/2020,27,23.3,30.6,564,,1011.5,9300,Chennai
12/1/2020,25.6,21.9,29.4,218,,1012.7,9300,Chennai
1/1/2021,25.2,22.3,29.3,231,,1011.9,11220,Chennai
2/1/2021,24.8,20.6,29.9,24.7,,1012.9,15300,Chennai
3/1/2021,27.1,22.5,32.8,0.2,,1010.9,16800,Chennai
4/1/2021,29.7,26,34.6,11.9,,1008.9,15720,Chennai
5/1/2021,30.9,27.4,35.7,25.2,,1006,16200,Chennai
6/1/2021,30.9,27.2,36.3,52.4,,1005.6,12600,Chennai
7/1/2021,29.4,25.9,34.3,190.5,,1004.7,10800,Chennai
8/1/2021,29.1,25.6,34.4,179.2,,1006,11640,Chennai
9/1/2021,28.8,25.8,33.6,167,,1005.7,8940,Chennai
10/1/2021,27.7,24.8,32.5,229,,1007.7,9180,Chennai
11/1/2021,25.6,23.5,28.8,648.2,,1008.7,3960,Chennai
12/1/2021,25.2,21.6,29.8,70.6,,1013.4,12600,Chennai
1/1/2022,25.2,21.8,29.6,38.1,,1012.6,12840,Chennai
2/1/2022,25.7,21.4,30.5,2,,1011.8,15000,Chennai
3/1/2022,27.9,23.5,33.3,13,,1009.3,15060,Chennai
4/1/2022,29.8,26.1,34.4,9.6,,1008.2,17040,Chennai
5/1/2022,30.7,27,36.1,32,,1003.9,13860,Chennai
6/1/2022,30.4,26.6,36.3,93.4,,1004.4,13080,Chennai
7/1/2022,29,25.6,34.1,159.5,,1004.6,9840,Chennai
8/1/2022,28.9,25.4,34.1,179.3,,1004.7,11100,Chennai
9/1/2022,28.8,25.3,33.6,149.1,,1006.4,10380,Chennai
10/1/2022,27,23.8,31.7,239.9,,1008.9,10020,Chennai
11/1/2022,25.1,22.3,28.9,332.4,,1011.2,5760,Chennai
12/1/2022,25.2,22.5,29.1,215.6,,1011.1,8760,Chennai
1/1/2023,24.6,20.6,29.1,4.5,,1013.8,13500,Chennai
2/1/2023,25.3,20.7,30.9,0,,1013,14700,Chennai
3/1/2023,27.3,23.2,32.1,44.3,,1011.6,15060,Chennai
4/1/2023,29.4,25.6,34.6,14.9,,1009,16260,Chennai
5/1/2023,30.5,27,36,63.7,,1007.1,13200,Chennai
6/1/2023,31.5,27.5,37.5,63,,1004.8,12060,Chennai
7/1/2023,29.6,26.2,34.5,131.4,,1005.5,8760,Chennai
8/1/2023,29.9,25.7,35.4,117.2,,1007,12840,Chennai
9/1/2023,28.9,25.3,34.4,217,,1006.4,12720,Chennai
10/1/2023,28.2,24.7,33,24.8,,1010.7,12360,Chennai
11/1/2023,26.1,23.7,29.7,297.1,,1012.1,6360,Chennai
12/1/2023,25.6,23,29.1,317.3,,1012.5,7140,Chennai
1/1/2024,25.3,21.8,29.6,40.8,,1014.1,11460,Chennai
2/1/2024,26.6,22.6,31.4,1.1,,1014.2,15240,Chennai
3/1/2024,28.1,23.6,33.5,0.3,,1012,15960,Chennai
4/1/2024,30.3,26,36,0,,1008.5,17100,Chennai
5/1/2024,31.4,28,36.7,44.8,,1005,13860,Chennai
6/1/2024,30.5,26.8,36,150.1,,1004.9,10260,Chennai
7/1/2024,30,26.4,34.9,81.5,,1004.1,8220,Chennai
8/1/2024,30.2,25.5,34.9,158,,1005.9,11640,Chennai
9/1/2024,31,26.5,35.6,146,,1005.9,9960,Chennai
10/1/2024,27.8,24.5,32.5,259.3,,1008.7,11160,Chennai
11/1/2024,26.3,23.8,29.7,396.3,,1010.4,7620,Chennai
12/1/2024,25.9,23.5,29.5,401,,1011,8280,Chennai
1/1/2025,25.2,22,29.1,32.8,,1012.9,10860,Chennai
2/1/2025,26.7,22,32,0.3,,1013,15360,Chennai
3/1/2025,29.8,24.6,35.1,19,,1010.7,16440,Chennai
4/1/2025,30.7,26.9,35.7,7.9,,1008.2,16080,Chennai
5/1/2025,31,27.1,36.4,93.9,,1004.7,11820,Chennai
6/1/2025,31.3,27.2,37,35.6,,1004.6,11100,Chennai
7/1/2025,30.2,26.3,35.7,97.9,,1004.3,9420,Chennai
8/1/2025,28.7,25.1,33.8,213.8,,1006,8880,Chennai
9/1/2025,28.7,25.3,33.5,184.1,,1006.3,9300,Chennai
10/1/2025,26.8,24.2,30.3,353.4,,1008.5,8280,Chennai
11/1/2025,26.3,23.7,29.4,213.5,,1011.9,6000,Chennai
12/1/2025,24.5,21.2,28.1,132.4,,1013,7080,Chennai
1/1/2020,19.4,14.4,24.3,43,,1016.2,9060,Kolkata
2/1/2020,22,16.6,27.4,3,,1016,10740,Kolkata
3/1/2020,27.3,22,32.5,39,,1011.9,12300,Kolkata
4/1/2020,29.8,25.2,34.5,50,,1009,8580,Kolkata
5/1/2020,30.2,26.1,34.2,384,,1005,11160,Kolkata
6/1/2020,30.4,27,33.8,382,,1001.8,7020,Kolkata
7/1/2020,30.5,27.3,33.6,348,,1001.8,6240,Kolkata
8/1/2020,29.7,27,32.5,390,,999.4,5340,Kolkata
9/1/2020,30.1,26.9,33.4,189,,1004.1,6420,Kolkata
10/1/2020,29.3,25.5,33.1,107,,1006.7,7200,Kolkata
11/1/2020,25.4,20.1,30.6,24,,1014.1,9540,Kolkata
12/1/2020,20.7,15.2,26.1,0,,1015.1,9360,Kolkata
1/1/2021,20.8,15.5,26.1,0,,1014.2,7380,Kolkata
2/1/2021,23.2,17.3,29.2,1,,1013.5,10320,Kolkata
3/1/2021,29.7,24,35.3,0,,1009.7,10860,Kolkata
4/1/2021,31.2,26.2,36.3,45,,1008,12540,Kolkata
5/1/2021,30.3,26.1,34.6,391,,1004.7,13140,Kolkata
6/1/2021,29.8,26.7,32.9,402,,1001.2,6180,Kolkata
7/1/2021,30,27.2,32.7,525,,1000.1,4860,Kolkata
8/1/2021,29.9,27.1,32.7,229,,1002.8,4080,Kolkata
9/1/2021,29,26.2,31.9,614,,1004.5,6000,Kolkata
10/1/2021,29,25.4,32.8,144,,1008.4,8820,Kolkata
11/1/2021,24.7,20,29.5,2,,1012.6,10680,Kolkata
12/1/2021,20.9,16.3,25.3,98,,1016.2,6600,Kolkata
1/1/2022,19.4,14.7,24.2,13,,1015.1,8400,Kolkata
2/1/2022,22,16.9,27.1,31,,1013,10200,Kolkata
3/1/2022,28.6,23.2,34,0,,1009,13200,Kolkata
4/1/2022,31.3,27.4,35.2,0,,1006.1,11580,Kolkata
5/1/2022,30.4,26.3,34.5,242,,1002.7,9780,Kolkata
6/1/2022,30.6,27.5,33.7,116,,1001.5,5160,Kolkata
7/1/2022,30.2,27.2,33.2,275,,1001.3,8220,Kolkata
8/1/2022,29.9,26.9,32.9,291,,1001.1,6060,Kolkata
9/1/2022,30,27.1,32.9,224,,1005,7560,Kolkata
10/1/2022,28.5,24.7,32.3,105,,1009.9,10440,Kolkata
11/1/2022,24.8,19.4,30.2,0,,1013,12960,Kolkata
12/1/2022,21.9,16.5,27.3,0,,1013.9,9300,Kolkata
1/1/2023,20.7,15.7,25.7,0,,1015.9,7260,Kolkata
2/1/2023,24.6,19.5,29.7,0,,1013.2,10680,Kolkata
3/1/2023,27.7,23.2,32.2,29,,1011.8,10080,Kolkata
4/1/2023,31.7,26.7,36.6,50,,1007.7,12960,Kolkata
5/1/2023,31.2,26.8,35.6,82,,1006,12300,Kolkata
6/1/2023,31.8,28.5,35,160,,1000.9,6240,Kolkata
7/1/2023,30.4,28,32.9,180,,1001.5,6900,Kolkata
8/1/2023,29.7,27.2,32.1,329,,1002,3780,Kolkata
9/1/2023,29.3,27,31.7,455,,1003.7,5580,Kolkata
10/1/2023,28.6,25.5,31.7,181,,1010.4,9180,Kolkata
11/1/2023,25.6,21.6,29.6,0,,1014.6,9300,Kolkata
12/1/2023,21.5,17.3,25.6,32,,1016.1,8460,Kolkata
1/1/2024,19,14.9,23.1,2,,1017.2,5880,Kolkata
2/1/2024,23.7,19.6,27.8,13,,1015.8,7860,Kolkata
3/1/2024,27.3,23.1,31.5,28,,1012,10200,Kolkata
4/1/2024,33,28,38.1,1,,1006.2,12660,Kolkata
5/1/2024,31,27.3,34.7,501,,1003.5,9480,Kolkata
6/1/2024,31.8,28.7,34.9,143,,1000.6,8100,Kolkata
7/1/2024,29.8,27.4,32.1,328,,998.4,5580,Kolkata
8/1/2024,29.1,27,31.1,467,,1002.7,4020,Kolkata
9/1/2024,29.9,27.5,32.2,316,,1002.9,7500,Kolkata
10/1/2024,28.9,26.3,31.4,286,,1009,6540,Kolkata
11/1/2024,25.1,21.1,29,0,,1013.2,9480,Kolkata
12/1/2024,21.1,16.6,25.6,6,,1014.9,9000,Kolkata
1/1/2025,20.1,15.5,24.7,0,,1014.9,6900,Kolkata
2/1/2025,24.6,20.5,28.8,48,,1013.3,8460,Kolkata
3/1/2025,28.5,24,32.9,5,,1010.2,12540,Kolkata
4/1/2025,30.2,26.2,34.3,48,,1007.4,11280,Kolkata
5/1/2025,30.6,26.7,34.4,178,,1003.3,10500,Kolkata
6/1/2025,29.8,27,32.6,241,,999.8,5520,Kolkata
7/1/2025,28.6,26.3,30.8,669,,998.3,3240,Kolkata
8/1/2025,29,26.7,31.3,284,,1003.2,6000,Kolkata
9/1/2025,29.8,27.1,32.5,465,,1004.5,7740,Kolkata
10/1/2025,28.6,25.3,31.9,289,,1009.7,9180,Kolkata
11/1/2025,24,19.4,28.7,0,,1013.6,11520,Kolkata
12/1/2025,19.7,15.3,24.1,0,,1015.7,5460,Kolkata
1/1/2020,21.3,13.3,29.2,0,,1013.5,15060,Pune
2/1/2020,23.3,14.9,31.8,0,,1012.8,15180,Pune
3/1/2020,25.4,16.8,34.1,13,,1010.1,16980,Pune
4/1/2020,29.6,20.7,38.5,0,,1007.8,17940,Pune
5/1/2020,30.9,23.1,38.7,35,,1005.5,18900,Pune
6/1/2020,26.9,22.3,31.5,222,,1003.5,9540,Pune
7/1/2020,26.4,22.4,30.4,120,,1003.1,7020,Pune
8/1/2020,24.8,21.7,27.9,255,,1003.6,3600,Pune
9/1/2020,26.5,21.8,30.7,198,,1005.5,9000,Pune
10/1/2020,25.9,20.4,31.4,312,,1007.6,10500,Pune
11/1/2020,23.6,16.2,31,5,,1012.5,17940,Pune
12/1/2020,21.8,13.7,29.8,5,,1012.9,14220,Pune
1/1/2021,23.3,15.7,31,37,,1011.3,13020,Pune
2/1/2021,22.3,13.2,31.5,0,,1012.5,15000,Pune
3/1/2021,26.6,16.7,36.5,5,,1009.5,15960,Pune
4/1/2021,28.7,19.8,37.6,28,,1007.8,15780,Pune
5/1/2021,29,22.7,35.3,89,,1005,14100,Pune
6/1/2021,26.2,22,30.4,153,,1005.5,8880,Pune
7/1/2021,25.6,22.1,29.3,193,,1003.8,5760,Pune
8/1/2021,24.9,21.1,28.6,41,,1006.1,6960,Pune
9/1/2021,25.1,21.4,28.9,84,,1005.1,7140,Pune
10/1/2021,25.4,18.8,32,140,,1008.8,15060,Pune
11/1/2021,24.6,18,31.1,16,,1010,10980,Pune
12/1/2021,21.3,14.4,28.3,85,,1014.4,11700,Pune
1/1/2022,20.3,12.4,28.3,0,,1013.9,14640,Pune
2/1/2022,22.7,12.9,32.5,0,,1010.9,16020,Pune
3/1/2022,27.2,17.9,36.5,1,,1008.5,14640,Pune
4/1/2022,30.4,21.6,39.2,0,,1006.4,15480,Pune
5/1/2022,30.2,23.4,37,1,,1004.1,16620,Pune
6/1/2022,28.5,23.6,33.4,35,,1003.5,10560,Pune
7/1/2022,24.9,22,27.8,386,,1004,3540,Pune
8/1/2022,25.2,21.7,28.8,164,,1004.1,7560,Pune
9/1/2022,25.7,21.6,29.8,232,,1006.6,6300,Pune
10/1/2022,24.9,19.4,30.3,303,,1010.4,11040,Pune
11/1/2022,22.4,13.7,31,0,,1012.9,15240,Pune
12/1/2022,22.8,14.4,31.3,0,,1011.9,14220,Pune
1/1/2023,21.5,12,30.9,0,,1013.6,14940,Pune
2/1/2023,22.5,11.4,33.7,0,,1013.1,16380,Pune
3/1/2023,24.6,15.7,33.4,10,,1011.2,15300,Pune
4/1/2023,27.9,19.2,36.7,37,,1007.9,16320,Pune
5/1/2023,29.9,22.7,37.2,19,,1007.2,18300,Pune
6/1/2023,29,23.8,34.1,84,,1005,14340,Pune
7/1/2023,25.2,22.4,28.1,155,,1004.7,2580,Pune
8/1/2023,25.4,21.8,29.1,42,,1007.7,9420,Pune
9/1/2023,25.7,21.7,29.7,166,,1006.5,8040,Pune
10/1/2023,26.2,19.4,33,19,,1011.3,13800,Pune
11/1/2023,24.3,17.3,31.3,33,,1012.6,11940,Pune
12/1/2023,22.1,14.3,30,0,,1013.5,13740,Pune
1/1/2024,22.1,13.5,30.7,2,,1013.7,14700,Pune
2/1/2024,24,14.3,33.7,1,,1013.3,15660,Pune
3/1/2024,26.7,16.8,36.5,2,,1010.6,16440,Pune
4/1/2024,30.4,21.3,39.5,11,,1006.4,16800,Pune
5/1/2024,30.6,23.5,37.7,95,,1004.7,16740,Pune
6/1/2024,28.3,23.5,33,252,,1003.5,7860,Pune
7/1/2024,25.5,22.7,28.3,394,,1002.3,2940,Pune
8/1/2024,25.7,22.2,29.3,279,,1005.6,6780,Pune
9/1/2024,25.5,21.5,29.6,208,,1006.3,8820,Pune
10/1/2024,27,21.3,32.7,61,,1008.9,13320,Pune
11/1/2024,22.7,14.8,30.6,0,,1012.4,14160,Pune
12/1/2024,22.6,14.9,30.3,1,,1012.2,13620,Pune
1/1/2025,22.7,13.9,31.5,0,,1012.5,15120,Pune
2/1/2025,24.9,14.9,34.9,0,,1012.1,15900,Pune
3/1/2025,27.5,17.5,37.5,0,,1009.3,16620,Pune
4/1/2025,30.4,21.5,39.3,7,,1006.5,16740,Pune
5/1/2025,28.3,22.7,33.8,250,,1004.3,11100,Pune
6/1/2025,26.3,22.7,30,267,,1003.6,7080,Pune
7/1/2025,25.2,22.2,28.3,130,,1003.5,2820,Pune
8/1/2025,25.1,21.8,28.3,135,,1005.6,4860,Pune
9/1/2025,24.6,21.1,28.1,317,,1006.9,5460,Pune
10/1/2025,25.7,20.2,31.2,67,,1008.7,13260,Pune
11/1/2025,22.4,14.8,30.1,3,,1013.6,14820,Pune
12/1/2025,19.4,10.1,28.8,0,,1014.7,15600,Pune
1/1/2020,15.3,9.8,21.9,,,1016.9,,Jaipur
2/1/2020,19.6,12.9,26.7,,,1016.6,,Jaipur
3/1/2020,23.1,17.6,30,,,1012.7,,Jaipur
4/1/2020,30.4,23.5,37.3,,,1009.5,,Jaipur
5/1/2020,33.5,27.5,41.3,,,1004.6,,Jaipur
6/1/2020,33.2,28.1,40,,,1001.2,,Jaipur
7/1/2020,31.6,27.6,37.8,,,1000.8,,Jaipur
8/1/2020,28.5,25.7,33.3,,,1000,,Jaipur
9/1/2020,30.4,26.1,35.3,,,1004.7,,Jaipur
10/1/2020,28.6,22.2,35,,,1009.1,,Jaipur
11/1/2020,21,14.8,28.1,,,1016.4,,Jaipur
12/1/2020,17.9,10.9,25.9,,,1016.5,,Jaipur
1/1/2021,16.1,10.1,23.3,,,1015.5,,Jaipur
2/1/2021,21.3,14.3,29.1,3.9,,1015.2,,Jaipur
3/1/2021,26.9,20.3,34.8,3.8,,1011,,Jaipur
4/1/2021,30.8,23.6,38.8,0,,1008.3,,Jaipur
5/1/2021,31,25.8,38.3,86.3,,1004.3,,Jaipur
6/1/2021,32.4,27.5,38.9,13.4,,1001.2,,Jaipur
7/1/2021,30.9,27.2,36.4,265.5,,1000,,Jaipur
8/1/2021,29.3,25.9,34.4,172.3,,1003.1,,Jaipur
9/1/2021,27.7,25,32.3,204.2,,1004.9,,Jaipur
10/1/2021,26.7,21.2,33.5,71.7,,1010.3,,Jaipur
11/1/2021,21,14.7,29.2,2.7,,1014.5,,Jaipur
12/1/2021,16.5,11,23.6,10.2,,1018.4,,Jaipur
1/1/2022,13.8,8.8,20.6,30.7,,1016.5,,Jaipur
2/1/2022,19.4,13.2,26.6,7,,1013.9,,Jaipur
3/1/2022,28.1,21.1,35.1,0,,1011.1,,Jaipur
4/1/2022,33.7,26.9,40.8,0,,1007.2,,Jaipur
5/1/2022,35.6,29.5,42.6,,,1002,,Jaipur
6/1/2022,33.6,29.1,40.1,75.6,,1001.6,,Jaipur
7/1/2022,29.2,26,34.3,288.8,,1001.8,,Jaipur
8/1/2022,27.9,24.9,32.5,278.8,,1002.9,,Jaipur
9/1/2022,29.3,25.8,34.6,50.3,,1005.9,,Jaipur
10/1/2022,26.3,21,32.9,21.9,,1012.4,,Jaipur
11/1/2022,21.9,15.3,29.8,20.4,,1015.9,,Jaipur
12/1/2022,17.6,10.6,25.5,0,,1016.7,,Jaipur
1/1/2023,14.7,8.7,22,31.4,,1018.4,,Jaipur
2/1/2023,21.8,14.6,29.7,0,,1015.6,,Jaipur
3/1/2023,24.6,19,31.6,37.2,,1013.5,,Jaipur
4/1/2023,28.9,22.7,35.5,9.6,,1010.1,,Jaipur
5/1/2023,30.9,24.3,37.7,56.3,,1007.6,,Jaipur
6/1/2023,31,27.1,36.5,82.4,,1003.1,,Jaipur
7/1/2023,29.4,26.3,34.1,241.7,,1002.3,,Jaipur
8/1/2023,29.4,26.1,34,14.3,,1004.2,,Jaipur
9/1/2023,29.3,25.3,34.8,103,,1005.9,,Jaipur
10/1/2023,28.1,22.4,34.4,11.6,,1013.1,,Jaipur
11/1/2023,22.3,16.9,28.8,8.1,,1016.7,,Jaipur
12/1/2023,17.7,11.7,25.1,1.4,,1018.5,,Jaipur
1/1/2024,14.5,8.6,22.1,0.1,,1018.5,,Jaipur
2/1/2024,19.2,13.9,25.9,25.1,,1017.6,,Jaipur
3/1/2024,25.4,18.9,31.7,7.1,,1013.6,,Jaipur
4/1/2024,30.9,25.1,37.3,1.6,,1009.2,,Jaipur
5/1/2024,36.1,29.9,42.7,2,,1004,,Jaipur
6/1/2024,34.1,29.7,40.7,22.8,,1001.6,,Jaipur
7/1/2024,30.3,27.2,35.3,194.9,,999.3,,Jaipur
8/1/2024,27.5,25.2,31.6,,,1003.3,,Jaipur
9/1/2024,28.2,25.1,33.1,,,1005.5,,Jaipur
10/1/2024,28.8,23.7,35.7,0.7,,1011.3,,Jaipur
11/1/2024,23,17,30.7,0,,1015.5,,Jaipur
12/1/2024,16.1,10.7,23.6,,,1017.2,,Jaipur
1/1/2025,15.7,10,23.3,19.7,,1017.1,,Jaipur
2/1/2025,20.6,14.7,27.9,4.3,,1015.6,,Jaipur
3/1/2025,25.8,19.5,33.6,,,1011.8,,Jaipur
4/1/2025,32.4,25.7,39.8,0.3,,1006.8,,Jaipur
5/1/2025,32.9,27.6,40.1,10.4,,1003,,Jaipur
6/1/2025,31.2,27.1,37.7,164.9,,1000.7,,Jaipur
7/1/2025,28.3,25.7,32.9,322.7,,1000,,Jaipur
8/1/2025,28.5,26,33.1,135.6,,1003.7,,Jaipur
9/1/2025,28.8,25.7,32.6,82.4,,1007,,Jaipur
10/1/2025,24.9,20.5,29.4,105.4,,1012.8,,Jaipur
11/1/2025,20.5,14.7,26.8,1.7,,1017,,Jaipur
12/1/2025,17.7,11.3,25,0,,1018.1,,Jaipur
1/1/2020,,,,,,,,Surat
2/1/2020,,,,,,1013.5,,Surat
3/1/2020,,,,,,,,Surat
4/1/2020,,,,,,,,Surat
5/1/2020,,,,,,,,Surat
6/1/2020,,,,,,,,Surat
7/1/2020,,,,,,,,Surat
8/1/2020,27.7,,,,,,,Surat
9/1/2020,,,,,,,,Surat
10/1/2020,,,,,,,,Surat
11/1/2020,,,,,,,,Surat
12/1/2020,,,,,,,,Surat
1/1/2021,22.3,16.5,29.7,,,1012.5,,Surat
2/1/2021,25.3,18.4,33.3,0,,1013.1,,Surat
3/1/2021,29,21.3,37.4,0,,1010.5,,Surat
4/1/2021,30.6,24.6,37.7,0.8,,1008.8,,Surat
5/1/2021,30.7,26.9,35.5,172.3,,1005.2,,Surat
6/1/2021,29.7,26.8,32.6,310.2,,1004.5,,Surat
7/1/2021,29,26.8,31.3,182.5,,1002.6,,Surat
8/1/2021,28,25.8,30.3,259,,1005.5,,Surat
9/1/2021,27.6,25.5,29.8,756.3,,1004.1,,Surat
10/1/2021,27.7,23.1,32.9,60.6,,1009.2,,Surat
11/1/2021,27.2,21.6,33.8,14.5,,1010.4,,Surat
12/1/2021,22.5,17.4,29,56.3,,1014.6,,Surat
1/1/2022,21.3,15.4,28.2,1.6,,1014,,Surat
2/1/2022,23.6,16.5,31.7,0,,1011.8,,Surat
3/1/2022,29.7,22.5,38.3,0.1,,1009.4,,Surat
4/1/2022,30.9,24.5,38.6,0.1,,1007.6,,Surat
5/1/2022,31,27.3,35.8,1.2,,1004.6,,Surat
6/1/2022,29.8,26.7,33.2,188,,1003.7,,Surat
7/1/2022,27.6,25.5,29.9,765,,1002.9,,Surat
8/1/2022,27.8,25.3,30.9,408.4,,1003.1,,Surat
9/1/2022,27.9,25,31.6,193.1,,1006.3,,Surat
10/1/2022,27.4,22.4,32.9,82.2,,1010.2,,Surat
11/1/2022,26,19.1,33.7,0,,1012.7,,Surat
12/1/2022,24.6,18.9,31.9,2.2,,1012.5,,Surat
1/1/2023,21.6,15.4,29,0,,1014.6,,Surat
2/1/2023,25.7,17.6,35.1,0,,1013.5,,Surat
3/1/2023,27.8,21.7,35,10.4,,1011.5,,Surat
4/1/2023,30.3,24.3,37.2,8.3,,1009,,Surat
5/1/2023,31.1,26.8,36.3,1.2,,1008.1,,Surat
6/1/2023,30.4,27.8,33.5,194.4,,1004.6,,Surat
7/1/2023,28.1,25.8,30,665.4,,1003.3,,Surat
8/1/2023,28.2,26,30.8,48,,1006.6,,Surat
9/1/2023,28.7,25.7,31.7,272.3,,1006.1,,Surat
10/1/2023,28.7,22.8,35.1,0,,1011.4,,Surat
11/1/2023,27.1,20.9,33.9,90.4,,1012.6,,Surat
12/1/2023,24.2,18.9,30.8,0.8,,1013.6,,Surat
1/1/2024,22.9,16.4,30.4,0,,1014.4,,Surat
2/1/2024,25.5,18.7,33.1,0,,1014.2,,Surat
3/1/2024,27.6,20.3,35.7,0.1,,1012,,Surat
4/1/2024,31.7,25.4,39.1,0,,1008.1,,Surat
5/1/2024,32.5,27.5,39.5,0.2,,1005,,Surat
6/1/2024,30.9,27.9,34.6,161.4,,1003.1,,Surat
7/1/2024,28.3,26.4,30.3,505.9,,1000.4,,Surat
8/1/2024,28.4,26.1,,360.5,,,,Surat
9/1/2024,28.2,25.4,,,,1006,,Surat
10/1/2024,28.6,24.3,34.2,164.2,,1009.3,,Surat
11/1/2024,26.4,20.2,33.2,0,,1012.5,,Surat
12/1/2024,23.3,17.5,30.1,,,1013,,Surat
1/1/2025,23.9,17.6,31.1,0,,1013.2,,Surat
2/1/2025,26.6,19.6,34.4,0,,1013.2,,Surat
3/1/2025,,,,,,,,Surat
4/1/2025,31.2,25,39,0,,1007.7,,Surat
5/1/2025,30.3,26.2,35.2,74.5,,1004.4,,Surat
6/1/2025,29.5,26.7,32.9,434.9,,1002.3,,Surat
7/1/2025,28.2,25.8,30.5,369.7,,1002.2,,Surat
8/1/2025,27.7,25.3,30.4,297.5,,1004.6,,Surat
9/1/2025,27,24.8,30,229.9,,1006.3,,Surat
10/1/2025,27.3,23.4,32.1,166.5,,1008.9,,Surat
11/1/2025,24.3,18.9,30.8,14.9,,1013.5,,Surat
12/1/2025,23.7,17.6,31.6,0,,1014.2,,Surat
1/1/2020,13.8,,,,,1017,,Lucknow
2/1/2020,17.5,11.5,24.6,,,1016.4,,Lucknow
3/1/2020,22.4,16.9,,,,1012.3,,Lucknow
4/1/2020,28.5,,,,,1008.6,,Lucknow
5/1/2020,30.4,,38.2,,,1003.7,,Lucknow
6/1/2020,30.2,26.5,35.8,,,1000.7,,Lucknow
7/1/2020,29.8,26.8,34.6,,,1000.3,,Lucknow
8/1/2020,29.6,26.7,34.5,,,999.6,,Lucknow
9/1/2020,30.1,26.8,35.3,,,1003.4,,Lucknow
10/1/2020,27.1,21.5,34.3,,,1007.7,,Lucknow
11/1/2020,20,14,28,,,1015.7,,Lucknow
12/1/2020,15.5,10.2,23.1,,,1016,,Lucknow
1/1/2021,14,9.5,20.5,,,1015.5,,Lucknow
2/1/2021,19.5,12.9,28,2.7,,1014.1,,Lucknow
3/1/2021,25.7,18.5,33.8,0.2,,1010.1,,Lucknow
4/1/2021,30,21.9,38.7,0,,1007.2,,Lucknow
5/1/2021,29.6,24.7,35.3,43.8,,1004.3,,Lucknow
6/1/2021,30,26.6,35.3,93.3,,1000.3,,Lucknow
7/1/2021,30.5,27.5,35.6,268.2,,999.2,,Lucknow
8/1/2021,29.2,26.3,33.7,199.9,,1001.6,,Lucknow
9/1/2021,29,26,33.8,314.6,,1004.3,,Lucknow
10/1/2021,26.7,22.2,32.7,69.1,,1008.6,,Lucknow
11/1/2021,20.3,14.8,27.8,17.4,,1013.5,,Lucknow
12/1/2021,16.4,11.2,23.5,19.5,,1017.5,,Lucknow
1/1/2022,13.4,9.6,18.9,36.7,,1016.3,,Lucknow
2/1/2022,17.3,11.7,24.5,15.1,,1013.2,,Lucknow
3/1/2022,25.8,18.5,33.9,0,,1009,,Lucknow
4/1/2022,31.9,24.1,40.6,0,,1004.5,,Lucknow
5/1/2022,32,26.6,38.9,,,1000.8,,Lucknow
6/1/2022,33.8,29,40.2,57.2,,999,,Lucknow
7/1/2022,31.2,28,36,144.8,,1000.5,,Lucknow
8/1/2022,29.6,26.5,34.5,141,,1001.3,,Lucknow
9/1/2022,28.6,25.6,33.5,307.9,,1004.3,,Lucknow
10/1/2022,25.4,21.3,31.1,205,,1010.8,,Lucknow
11/1/2022,21.1,15.5,28.2,0,,1013.8,,Lucknow
12/1/2022,16.3,10.8,23.9,0.5,,1014.8,,Lucknow
1/1/2023,13.2,8.9,19.4,5.4,,1017.4,,Lucknow
2/1/2023,19.8,13.1,27.4,0,,1013.6,,Lucknow
3/1/2023,24.1,18,31.2,38.8,,1011.9,,Lucknow
4/1/2023,28.4,21.7,35.7,19.2,,1007.9,,Lucknow
5/1/2023,30.5,23.9,37.4,44.5,,1005.3,,Lucknow
6/1/2023,32.9,28.2,38.5,52.2,,999.9,,Lucknow
7/1/2023,30.3,27.6,34.5,325.9,,1000.5,,Lucknow
8/1/2023,29.4,26.3,33.9,228.1,,1001.3,,Lucknow
9/1/2023,29.2,26.2,34.1,237.7,,1003.9,,Lucknow
10/1/2023,26.1,21,33.2,7.7,,1010.9,,Lucknow
11/1/2023,21.3,16,28.5,6.5,,1015.3,,Lucknow
12/1/2023,16.5,11.6,23.3,18.5,,1017,,Lucknow
1/1/2024,12,8.4,17,8.2,,1018.1,,Lucknow
2/1/2024,17.7,11.8,25,24.1,,1016.2,,Lucknow
3/1/2024,22.8,16,30.7,18.7,,1012.4,,Lucknow
4/1/2024,30.7,22.8,38.3,0,,1006.3,,Lucknow
5/1/2024,33.3,27.2,39.7,1.6,,1002.2,,Lucknow
6/1/2024,34.8,29.8,41.4,175.6,,998.8,,Lucknow
7/1/2024,30.8,28.2,35.4,252.1,,997.6,,Lucknow
8/1/2024,29,26.3,33.7,,,1002.5,,Lucknow
9/1/2024,28.6,25.8,33.5,,,1003.5,,Lucknow
10/1/2024,27.8,23.5,33.7,1.4,,1009.4,,Lucknow
11/1/2024,21.8,16.8,29.1,0.1,,1014.1,,Lucknow
12/1/2024,16.6,11.3,24.4,,,1016.1,,Lucknow
1/1/2025,14.6,9.9,21.2,0.5,,1016.3,,Lucknow
2/1/2025,19.8,13.1,27.7,0,,1014.2,,Lucknow
3/1/2025,24.8,17.1,33.1,,,1010.4,,Lucknow
4/1/2025,30,23.2,37.5,3.1,,1006.4,,Lucknow
5/1/2025,32.1,26.8,38.5,25.1,,1002.3,,Lucknow
6/1/2025,32.5,28.2,38.3,87.5,,999.3,,Lucknow
7/1/2025,29.9,26.8,34.7,247.4,,998.5,,Lucknow
8/1/2025,28.1,25.7,31.6,486.9,,1002,,Lucknow
9/1/2025,29.2,26.4,32.7,138.4,,1004.5,,Lucknow
10/1/2025,25.9,21.6,30.9,52.5,,1010.3,,Lucknow
11/1/2025,19.9,14.2,26.6,0.2,,1014.7,,Lucknow
12/1/2025,15.4,10.1,22.1,0,,1016.5,,Lucknow
1/1/2020,13.8,,,,,1017,,Kanpur
2/1/2020,17.5,11.5,24.6,,,1016.4,,Kanpur
3/1/2020,22.4,16.9,,,,1012.3,,Kanpur
4/1/2020,28.5,,,,,1008.6,,Kanpur
5/1/2020,30.4,,38.2,,,1003.7,,Kanpur
6/1/2020,30.2,26.5,35.8,,,1000.7,,Kanpur
7/1/2020,29.8,26.8,34.6,,,1000.3,,Kanpur
8/1/2020,29.6,26.7,34.5,,,999.6,,Kanpur
9/1/2020,30.1,26.8,35.3,,,1003.4,,Kanpur
10/1/2020,27.1,21.5,34.3,,,1007.7,,Kanpur
11/1/2020,20,14,28,,,1015.7,,Kanpur
12/1/2020,15.5,10.2,23.1,,,1016,,Kanpur
1/1/2021,15.2,9.8,21.9,,,1015.3,,Kanpur
2/1/2021,19,12.2,26.8,2.7,,1014.4,,Kanpur
3/1/2021,25.8,18.5,33.7,0.2,,1010.2,,Kanpur
4/1/2021,30.4,22.3,38.4,0,,1007.3,,Kanpur
5/1/2021,30.4,25.2,36.4,43.8,,1004,,Kanpur
6/1/2021,30.6,26.6,35.7,93.3,,1000.1,,Kanpur
7/1/2021,30.2,27.2,34.4,268.2,,999,,Kanpur
8/1/2021,28.7,26.2,32.1,199.9,,1001.4,,Kanpur
9/1/2021,28,25.5,31.6,314.6,,1004.1,,Kanpur
10/1/2021,26,21.7,31.2,69.1,,1008.7,,Kanpur
11/1/2021,20,14.4,26.7,17.4,,1013.4,,Kanpur
12/1/2021,16.1,10.8,22.7,19.5,,1017.4,,Kanpur
1/1/2022,13.5,8.8,19.2,36.7,,1016.1,,Kanpur
2/1/2022,16.9,10.7,23.8,15.1,,1013.1,,Kanpur
3/1/2022,25.4,18.1,33.7,0,,1009,,Kanpur
4/1/2022,32.5,23.9,41.2,0,,1004.4,,Kanpur
5/1/2022,32.8,26.9,39.9,,,1000.5,,Kanpur
6/1/2022,34.3,28.4,40.3,93.8,,998.8,,Kanpur
7/1/2022,30.4,26.8,34.7,227.8,,1000.2,,Kanpur
8/1/2022,28.5,25.9,32.2,260.6,,1001.1,,Kanpur
9/1/2022,27.7,24.9,31.5,307.6,,1004,,Kanpur
10/1/2022,24.7,20.4,30,165.4,,1010.7,,Kanpur
11/1/2022,20.4,14.9,27,0.7,,1014.2,,Kanpur
12/1/2022,16.3,10.5,23.6,1.8,,1015.1,,Kanpur
1/1/2023,13.5,8.3,20.2,6.8,,1017.4,,Kanpur
2/1/2023,19.1,12.7,26.6,0,,1014,,Kanpur
3/1/2023,23.3,17.2,30.4,34.6,,1012.3,,Kanpur
4/1/2023,28.4,21.3,35.8,8.6,,1008.1,,Kanpur
5/1/2023,30.7,23.8,38,50,,1005.3,,Kanpur
6/1/2023,32.6,27.8,37.7,146.2,,1000.1,,Kanpur
7/1/2023,29.4,26.4,33.6,298.8,,1000.5,,Kanpur
8/1/2023,29.1,26.4,32.8,207.5,,1001.5,,Kanpur
9/1/2023,28.7,25.4,32.7,180.4,,1003.8,,Kanpur
10/1/2023,25.8,20.4,32.2,16.5,,1011,,Kanpur
11/1/2023,21.4,16,27.9,29.6,,1015.4,,Kanpur
12/1/2023,16.5,11.4,22.9,12.2,,1017,,Kanpur
1/1/2024,12.7,7.5,19.4,2.2,,1017.7,,Kanpur
2/1/2024,17.1,11.5,23.8,18.4,,1016.4,,Kanpur
3/1/2024,22.7,15.7,30,19.8,,1012.5,,Kanpur
4/1/2024,31.1,23.6,38.4,0,,1006.6,,Kanpur
5/1/2024,34.4,27.7,41.5,2.8,,1002,,Kanpur
6/1/2024,35.9,30.4,41.8,121.5,,998.7,,Kanpur
7/1/2024,29.7,26.8,34,398.1,,997.7,,Kanpur
8/1/2024,29,26.3,33.7,,,1002.5,,Kanpur
9/1/2024,28.6,25.8,33.5,,,1003.5,,Kanpur
10/1/2024,27,22.4,32.6,3.8,,1009.5,,Kanpur
11/1/2024,22.5,16.9,28.7,0.2,,1014.2,,Kanpur
12/1/2024,16.8,11.6,23.2,,,1016,,Kanpur
1/1/2025,15,9.6,21.7,2.1,,1016.1,,Kanpur
2/1/2025,20.7,14.1,27.6,0.7,,1014.2,,Kanpur
3/1/2025,24.8,17.1,33.1,,,1010.4,,Kanpur
4/1/2025,31.2,23.9,38.9,3.1,,1006,,Kanpur
5/1/2025,33.5,27.5,40,2.2,,1002.1,,Kanpur
6/1/2025,32.7,27.9,38.2,133,,999.2,,Kanpur
7/1/2025,29.2,26.1,33.1,280.5,,998.4,,Kanpur
8/1/2025,28.4,25.9,31.7,282.6,,1001.9,,Kanpur
9/1/2025,28.7,25.6,32.7,155,,1004.3,,Kanpur
10/1/2025,25.4,21.1,30.3,74.7,,1010.3,,Kanpur
11/1/2025,19.5,13.8,26.4,0,,1014.9,,Kanpur
12/1/2025,15.6,10.3,22.4,0,,1016.6,,Kanpur
1/1/2020,19.9,12.7,27,66,,1016,11460,Nagpur
2/1/2020,22,14,30,12,,1015.7,13860,Nagpur
3/1/2020,26.7,18.7,34.8,29,,1011.1,14160,Nagpur
4/1/2020,31.1,22.1,40.2,12,,1007.9,16740,Nagpur
5/1/2020,34.3,25.3,43.3,23,,1003.3,18900,Nagpur
6/1/2020,29.3,24.1,34.6,279,,1001.9,7680,Nagpur
7/1/2020,28.7,24.1,33.2,376,,1002.1,8520,Nagpur
8/1/2020,26.9,23.6,30.1,440,,1001.3,4200,Nagpur
9/1/2020,28.9,24.1,33.7,214,,1004.3,9240,Nagpur
10/1/2020,28,22.3,33.7,93,,1007.5,12060,Nagpur
11/1/2020,23.9,16.1,31.6,11,,1014.9,15420,Nagpur
12/1/2020,21.8,13.7,29.9,1,,1015.3,14160,Nagpur
1/1/2021,22.7,15.3,30.2,3,,1013.6,11760,Nagpur
2/1/2021,23.3,14.4,32.2,3,,1013.9,14100,Nagpur
3/1/2021,27.9,19.2,36.7,33,,1010.3,15900,Nagpur
4/1/2021,31.3,22.4,40.2,2,,1007.2,14700,Nagpur
5/1/2021,32.9,25.8,40,48,,1003.5,15360,Nagpur
6/1/2021,29.8,24.5,35.1,198,,1002.3,8280,Nagpur
7/1/2021,28.4,24.6,32.2,420,,1001.1,6840,Nagpur
8/1/2021,28.1,24.1,32,191,,1003.5,6660,Nagpur
9/1/2021,27.6,23.9,31.3,356,,1003.7,6420,Nagpur
10/1/2021,27,20.9,33.1,6,,1009.2,13320,Nagpur
11/1/2021,24.6,17.9,31.3,4,,1012.3,12000,Nagpur
12/1/2021,21.1,14.2,28.1,2,,1016.1,11700,Nagpur
1/1/2022,19.9,13.1,26.8,33,,1014.6,12000,Nagpur
2/1/2022,22.5,14.4,30.7,21,,1012.4,14100,Nagpur
3/1/2022,28.9,20.1,37.8,1,,1008.7,15720,Nagpur
4/1/2022,33.5,25.1,41.9,0.5,,1005.8,,Nagpur
5/1/2022,35.1,27.8,42.4,6,,1000.7,15180,Nagpur
6/1/2022,32.9,27.2,38.5,120,,1000.9,8160,Nagpur
7/1/2022,27.1,24.1,30.1,631,,1001,2520,Nagpur
8/1/2022,28.3,24.6,31.9,360,,1001.9,7980,Nagpur
9/1/2022,27.7,23.6,31.9,358,,1004.9,7140,Nagpur
10/1/2022,26.3,20.7,31.9,139,,1010.5,13500,Nagpur
11/1/2022,22.5,14.2,30.8,0,,1014.3,15360,Nagpur
12/1/2022,22.7,15.2,30.3,5,,1014.1,12660,Nagpur
1/1/2023,21.5,13.9,29.1,0,,1015.3,13020,Nagpur
2/1/2023,23.9,14,33.8,0,,1013.7,16020,Nagpur
3/1/2023,26.9,19.2,34.6,0,,1011.3,13680,Nagpur
4/1/2023,29.3,21.9,36.7,81,,1008.4,12780,Nagpur
5/1/2023,31.9,24,39.9,48,,1005.5,16740,Nagpur
6/1/2023,32.6,26.3,38.9,152,,1001.5,11400,Nagpur
7/1/2023,28.3,24.3,32.2,516,,1001.1,4200,Nagpur
8/1/2023,27.6,23.1,32.1,161,,1004.7,7980,Nagpur
9/1/2023,27.5,23.3,31.6,403,,1004.1,5940,Nagpur
10/1/2023,26.7,19.5,33.8,3,,1011.7,15180,Nagpur
11/1/2023,23.9,16.8,30.9,47,,1014.9,11580,Nagpur
12/1/2023,21.5,14.9,28,11,,1016.1,10260,Nagpur
1/1/2024,22,15.4,28.6,1,,1015.6,8940,Nagpur
2/1/2024,25.1,18.1,32,1,,1014.4,12060,Nagpur
3/1/2024,28.5,20.4,36.6,20,,1010.7,14100,Nagpur
4/1/2024,30.5,23.3,37.7,89,,1007.5,12660,Nagpur
5/1/2024,32.8,25.4,40.2,55,,1002.5,14640,Nagpur
6/1/2024,32.3,26.1,38.6,78,,1000.9,8940,Nagpur
7/1/2024,28.1,24.9,31.2,579,,999.3,2700,Nagpur
8/1/2024,27.9,24.3,31.5,213,,1003.8,5340,Nagpur
9/1/2024,28.4,24.4,32.4,184,,1003.7,8040,Nagpur
10/1/2024,28.5,23,34,23,,1009.5,12540,Nagpur
11/1/2024,23.7,16,31.3,0,,1013.7,10620,Nagpur
12/1/2024,22.4,15,29.8,3,,1014.1,8580,Nagpur
1/1/2025,21.7,13.1,30.4,1,,1014.3,12240,Nagpur
2/1/2025,25.7,16.7,34.6,1,,1012.8,14760,Nagpur
3/1/2025,29,19.5,38.5,0,,1009.5,15300,Nagpur
4/1/2025,32.3,23.7,41,14,,1005.5,14280,Nagpur
5/1/2025,32.2,25.7,38.7,71,,1002.5,11760,Nagpur
6/1/2025,31.5,26.3,36.8,78,,1000.3,9120,Nagpur
7/1/2025,27.5,24.6,30.5,565,,1000.3,3180,Nagpur
8/1/2025,26.7,24.1,30.6,223,,1003.8,6180,Nagpur
9/1/2025,27.3,24.2,32,273,,1005.1,7020,Nagpur
10/1/2025,26.6,22.9,31,111.4,,1009.6,11340,Nagpur
11/1/2025,22.7,17.2,28.6,1.7,,1014.5,14340,Nagpur
12/1/2025,20.4,13.9,27.6,0,,1015.8,17160,Nagpur
1/1/2020,14.7,10.7,20,,,1016,,Patna
2/1/2020,18,12.3,24.8,,,1015.5,,Patna
3/1/2020,23.6,18,29.6,,,1011.2,,Patna
4/1/2020,27.8,21.7,33.8,,,1007.9,,Patna
5/1/2020,29.6,,,,,,,Patna
6/1/2020,28.6,25.8,32.4,,,1000.2,,Patna
7/1/2020,28.6,25.9,32.5,,,1000.2,,Patna
8/1/2020,28.8,25.8,32.9,,,999,,Patna
9/1/2020,28,25.1,32.8,,,1002.8,,Patna
10/1/2020,27.1,,,,,1006.6,,Patna
11/1/2020,20.1,14.3,27.8,,,1014.4,,Patna
12/1/2020,15.4,10.4,22.6,,,1014.9,,Patna
1/1/2021,13.8,9.4,20.3,,,1014.5,,Patna
2/1/2021,18.3,12,26.6,1.4,,1013.3,,Patna
3/1/2021,25,18.3,33.2,0.5,,1009.1,,Patna
4/1/2021,28.4,20.8,37.5,5.7,,1006.4,,Patna
5/1/2021,26.9,22.7,33.6,240,,1003.7,,Patna
6/1/2021,27.1,24.2,32.7,467,,999.7,,Patna
7/1/2021,27.8,25.1,33,173.7,,999.2,,Patna
8/1/2021,27.5,25,32.7,246.2,,1001.5,,Patna
9/1/2021,27.5,24.6,32.8,147.8,,1004,,Patna
10/1/2021,25.5,21.8,31.4,93.1,,1007.6,,Patna
11/1/2021,19.8,14,28.1,0,,1012.4,,Patna
12/1/2021,16.3,10.8,24.4,33.1,,1016.2,,Patna
1/1/2022,13.9,9.9,19.8,18.3,,1015.3,,Patna
2/1/2022,16.8,11.6,24.2,57.8,,1012.6,,Patna
3/1/2022,26.1,19.5,33.6,0,,1008,,Patna
4/1/2022,31.1,24.7,38.3,5.8,,1003.9,,Patna
5/1/2022,30.5,25.5,36.4,,,1000.8,,Patna
6/1/2022,31.7,27.7,37,208.7,,999,,Patna
7/1/2022,30.9,26.9,35.1,174.8,,1000.4,,Patna
8/1/2022,30.2,27,33.8,182.4,,1000.4,,Patna
9/1/2022,29,26.2,32.7,197.6,,1003.9,,Patna
10/1/2022,27.2,23.1,32,68.3,,1009.5,,Patna
11/1/2022,22.1,16.8,28.9,0,,1012.7,,Patna
12/1/2022,17.6,12.6,24.3,1.2,,1013.8,,Patna
1/1/2023,15.3,10.7,20.8,0.3,,1016.5,,Patna
2/1/2023,21.4,14.5,28.3,0,,1013.1,,Patna
3/1/2023,26.3,19.3,32.5,23.1,,1011.3,,Patna
4/1/2023,31.4,23.3,37.9,5.6,,1006.9,,Patna
5/1/2023,32,25.2,37.7,32.4,,1004.8,,Patna
6/1/2023,34.7,28.9,39.8,203.6,,999.1,,Patna
7/1/2023,31.9,27.8,35.6,159.5,,1000.7,,Patna
8/1/2023,30.9,27,33.8,300.7,,1000.9,,Patna
9/1/2023,30.7,26.6,34.1,259.9,,1003.3,,Patna
10/1/2023,28.1,22.9,33,54.2,,1010.2,,Patna
11/1/2023,24.2,18.4,30.5,1.2,,1014.6,,Patna
12/1/2023,19.3,13.9,25.1,7.4,,1016.3,,Patna
1/1/2024,14.8,10.3,19.7,0.5,,1017.5,,Patna
2/1/2024,20.2,14.1,26.1,21.6,,1015.7,,Patna
3/1/2024,25.3,19.4,31.4,46.3,,1011.9,,Patna
4/1/2024,33.7,27.1,39.9,0,,1005,,Patna
5/1/2024,33.2,27.9,38.2,33.9,,1002.6,,Patna
6/1/2024,34.5,29.3,39.8,66.3,,999,,Patna
7/1/2024,32.2,28.5,35.2,254.5,,997.9,,Patna
8/1/2024,31.2,27.4,34.4,,,,,Patna
9/1/2024,30.9,27.4,34.1,,,1003.2,,Patna
10/1/2024,29.5,25.8,33.2,20.4,,1009.1,,Patna
11/1/2024,24.4,20,30.1,0.8,,1013.5,,Patna
12/1/2024,18.8,13.7,25.5,,,1015.2,,Patna
1/1/2025,15.9,12,20.7,1.3,,1015.6,,Patna
2/1/2025,21.1,15.7,27.4,0,,1013.5,,Patna
3/1/2025,26.1,20.2,32.1,,,,,Patna
4/1/2025,30,24.1,35.9,51.7,,1006.4,,Patna
5/1/2025,31.4,26.8,36,122.9,,1002.6,,Patna
6/1/2025,32.2,28.7,36.1,132.9,,999.3,,Patna
7/1/2025,30.4,27.3,33.7,234.3,,998.2,,Patna
8/1/2025,29.5,27,32.4,403.6,,1002.4,,Patna
9/1/2025,29.6,27.2,32.6,211.7,,1004.2,,Patna
10/1/2025,27,23.7,30.6,122.2,,1009.7,,Patna
11/1/2025,21.4,17,27.4,0.3,,1014,,Patna
12/1/2025,15.9,11.9,20.8,0,,1016.3,,Patna
1/1/2020,17.8,11.7,23.9,0,,1015.1,14580,Indore
2/1/2020,20.9,13.7,28,0,,1014.3,17220,Indore
3/1/2020,24.2,16.9,31.5,17,,1010.1,16020,Indore
4/1/2020,30.2,22.7,37.7,0,,1006.7,17460,Indore
5/1/2020,33.3,26,40.7,7,,1002.5,20460,Indore
6/1/2020,28.4,23.3,33.5,125,,1000.8,8760,Indore
7/1/2020,27.5,23.4,31.5,192,,1000.5,10140,Indore
8/1/2020,25.3,22.7,28,602,,999.7,3240,Indore
9/1/2020,27.1,22.2,31.9,285,,1003.7,9780,Indore
10/1/2020,26.5,20.3,32.8,42,,1006.7,15540,Indore
11/1/2020,22.3,15.4,29.3,0,,1013.7,16380,Indore
12/1/2020,19.3,12.7,26,11,,1014.5,13500,Indore
1/1/2021,19.6,13.1,26.1,0,,1012.7,14220,Indore
2/1/2021,21.9,13.9,29.9,0,,1013,16380,Indore
3/1/2021,27.1,18.9,35.4,4,,1009.1,16620,Indore
4/1/2021,30.3,22.5,38.2,0,,1006.3,16440,Indore
5/1/2021,31.5,24.7,38.2,30,,1002.3,16320,Indore
6/1/2021,29.5,23.8,35.1,76,,1000.9,11280,Indore
7/1/2021,27.1,23.6,30.6,175,,999.9,7080,Indore
8/1/2021,24.9,22,27.9,155,,1003.2,3840,Indore
9/1/2021,26.1,22.3,29.8,149,,1002.5,5940,Indore
10/1/2021,25.6,19.9,31.3,55,,1008.6,14880,Indore
11/1/2021,22.3,15.5,29,0,,1011.7,14700,Indore
12/1/2021,18.7,13.1,24.3,19,,1015.7,7200,Indore
1/1/2022,16.7,10.7,22.8,28,,1014.5,14040,Indore
2/1/2022,20.6,13.2,27.9,0,,1011.4,16980,Indore
3/1/2022,27.1,19.4,34.8,6,,1008.5,17220,Indore
4/1/2022,31.8,23,39.8,0,,1005.4,,Indore
5/1/2022,33,25.7,40.3,0,,1000.8,17580,Indore
6/1/2022,30.7,25,36.5,116,,1000.1,12960,Indore
7/1/2022,25.7,22.7,28.6,360,,1000.5,3480,Indore
8/1/2022,25.5,22.2,28.8,433,,1001.4,3660,Indore
9/1/2022,26.2,22.2,30.2,313,,1004.3,8760,Indore
10/1/2022,25.1,19.3,30.8,45,,1009.7,12960,Indore
11/1/2022,22.1,14.9,29.2,0,,1013.4,16680,Indore
12/1/2022,20.6,14.2,26.9,3,,1013.5,13260,Indore
1/1/2023,17.7,11.3,24,0,,1015.4,14040,Indore
2/1/2023,22.1,13.7,30.5,0,,1013.6,17640,Indore
3/1/2023,25.5,18.2,32.7,2,,1010.4,15720,Indore
4/1/2023,28.8,21.4,36.2,22,,1007.3,14880,Indore
5/1/2023,30.5,23.2,37.9,77,,1005.3,19080,Indore
6/1/2023,29.7,24.5,34.8,105,,1001.8,12300,Indore
7/1/2023,26.7,23.3,30.1,455,,1000.9,4980,Indore
8/1/2023,25.1,22.2,28.1,69,,1004.6,5760,Indore
9/1/2023,26.1,22.3,29.9,516,,1003.8,7680,Indore
10/1/2023,26.5,19.8,33.2,0,,1011,16380,Indore
11/1/2023,23.1,17.1,29,52,,1013.9,12960,Indore
12/1/2023,20.5,15,26,2,,1015.1,11880,Indore
1/1/2024,18.9,13,24.9,8,,1015.3,12180,Indore
2/1/2024,21.8,15,28.6,0,,1014.1,15240,Indore
3/1/2024,26,18,34,2,,1010.4,17460,Indore
4/1/2024,30.2,23.1,37.3,0,,1006.1,16380,Indore
5/1/2024,33.5,26.4,40.7,21,,1001.8,17520,Indore
6/1/2024,30.7,25,36.3,100,,1000.5,11700,Indore
7/1/2024,26.4,23.6,29.2,256,,998.5,3180,Indore
8/1/2024,25.7,22.6,28.7,388,,1002.7,5700,Indore
9/1/2024,26.3,22.4,30.2,159,,1004.2,6780,Indore
10/1/2024,26.9,21.2,32.5,24,,1009.1,13680,Indore
11/1/2024,22.7,15.8,29.7,0,,1013.3,15780,Indore
12/1/2024,19.9,13.4,26.5,2,,1014,12600,Indore
1/1/2025,19.5,12.4,26.5,0,,1014.3,14640,Indore
2/1/2025,22.6,15.3,29.9,0,,1013.1,15660,Indore
3/1/2025,26.9,19,34.7,0,,1009.5,17880,Indore
4/1/2025,31.8,23.8,39.8,0,,1004.6,17880,Indore
5/1/2025,29.9,23.9,35.9,208,,1002.2,12900,Indore
6/1/2025,28.6,24,33.2,134,,999.8,8820,Indore
7/1/2025,26,23.3,28.7,156,,1000.1,2520,Indore
8/1/2025,25.9,22.5,29.3,331,,1002.1,4620,Indore
9/1/2025,26.5,22.8,30.1,337,,1004.7,6900,Indore
10/1/2025,25,19.7,30.3,131,,1009.3,,Indore
11/1/2025,19.9,11.7,28.2,1,,1014.7,13560,Indore
12/1/2025,16.7,6.8,26.6,3,,1016.4,13200,Indore
1/1/2020,24.9,19.2,29.9,0,,1013.4,13800,Thane
2/1/2020,27.3,21,32.6,0,,1012.7,11220,Thane
3/1/2020,27.7,22.6,31.9,0,,1011.2,12900,Thane
4/1/2020,30.2,26.4,33.9,0,,1009.6,14220,Thane
5/1/2020,31.1,28.6,34,0,,1007.3,15960,Thane
6/1/2020,29.2,26,32.3,525,,1003.7,8340,Thane
7/1/2020,28.1,25.4,30.5,1501.9,,1003.2,4620,Thane
8/1/2020,27.6,25,29.6,826.5,,1003.3,2760,Thane
9/1/2020,28.4,25.3,31.4,320,,1005.6,7080,Thane
10/1/2020,29.2,25.6,32.7,224,,1007.3,7920,Thane
11/1/2020,28.7,23.1,33.9,0,,1011.8,12720,Thane
12/1/2020,26.6,20.8,32.3,25,,1012,11400,Thane
1/1/2021,25.9,20.5,30.9,1,,1011.1,11100,Thane
2/1/2021,27.3,21.4,32.9,0,,1012.1,11280,Thane
3/1/2021,29.7,23.9,35,0,,1010,13200,Thane
4/1/2021,30,26.2,33.6,0,,1009.1,13620,Thane
5/1/2021,30.7,27.8,33.8,154.4,,1005.5,12000,Thane
6/1/2021,28.6,25.5,31.5,317,,1005.3,6360,Thane
7/1/2021,28.6,25.7,30.8,773.9,,1003.8,4800,Thane
8/1/2021,27.8,25.1,30,295.1,,1006.3,5520,Thane
9/1/2021,27.7,24.8,30.1,436.9,,1005.1,5820,Thane
10/1/2021,29.4,25.2,33.5,31.8,,1008.6,13620,Thane
11/1/2021,29.5,25,34.1,50.1,,1009.2,12720,Thane
12/1/2021,25.8,21,30.6,103.3,,1013.3,10080,Thane
1/1/2022,24.5,19.3,29.3,9.6,,1012.9,11940,Thane
2/1/2022,25.3,19.3,30.5,0,,1011.3,14220,Thane
3/1/2022,30,24.7,34.9,0.1,,1008.9,9240,Thane
4/1/2022,30.6,26.8,34.5,0,,1008,12120,Thane
5/1/2022,30.9,28.8,34,7,,1005.7,13080,Thane
6/1/2022,29.3,26.6,32.9,298.3,,1004.4,7860,Thane
7/1/2022,27.8,25.3,29.8,1185.2,,1004,3060,Thane
8/1/2022,27.7,25.1,30.3,550.9,,1004.2,5160,Thane
9/1/2022,27.5,24.7,30.2,528.4,,1006.6,5700,Thane
10/1/2022,28.4,24.5,32.4,165.5,,1009.8,11700,Thane
11/1/2022,27.9,21.9,33.6,0,,1011.7,12180,Thane
12/1/2022,27.3,21.8,32.5,6.2,,1011.4,10680,Thane
1/1/2023,24.4,18.7,29.5,0,,1013.4,11520,Thane
2/1/2023,28.1,20.6,34.2,0,,1012.4,13980,Thane
3/1/2023,28.9,23.6,33.5,21,,1011.2,12120,Thane
4/1/2023,30,25.8,33.8,15.3,,1009,14220,Thane
5/1/2023,30.8,28.3,33.6,0.6,,1008.8,17220,Thane
6/1/2023,30.4,27.8,33.7,561.1,,1005.7,11460,Thane
7/1/2023,27.8,25.3,29.4,1768.9,,1004.7,1680,Thane
8/1/2023,28.6,26.3,30.8,187.3,,1007.9,7140,Thane
9/1/2023,28.2,25.2,31,483.8,,1006.6,6660,Thane
10/1/2023,30.2,25.8,34.5,13,,1011,10200,Thane
11/1/2023,29.4,24.3,34.4,7.1,,1011.7,11040,Thane
12/1/2023,27.9,22.8,32.9,0,,1012.3,10140,Thane
1/1/2024,26.3,19.9,31.3,1.1,,1013.2,12240,Thane
2/1/2024,27.1,20.6,32.6,0,,1013.5,14700,Thane
3/1/2024,28.3,23.2,32.8,0.1,,1011.9,14340,Thane
4/1/2024,30.7,26.6,34.7,0,,1008.2,14340,Thane
5/1/2024,31.1,28.6,34.2,1.4,,1005.9,,Thane
6/1/2024,29.7,27.2,33.2,351.3,,1004,6780,Thane
7/1/2024,27.5,25.3,29.8,1663.8,,1002.1,1020,Thane
8/1/2024,28.2,26.3,30.9,390.5,,1005.7,5700,Thane
9/1/2024,27.7,25.2,30.6,659.3,,1006.5,8040,Thane
10/1/2024,29.3,25.6,33.3,112,,1008.8,11040,Thane
11/1/2024,28.4,22.6,34.1,0.5,,1011.2,10560,Thane
12/1/2024,26.2,20.6,32,0,,1011.7,8040,Thane
1/1/2025,26.2,20,32.2,0,,1011.9,11100,Thane
2/1/2025,28,21.2,34,0,,1012.2,13560,Thane
3/1/2025,29.3,24.2,34.4,0,,1010,13680,Thane
4/1/2025,30.2,26.7,34.1,0,,1008.2,13800,Thane
5/1/2025,29.5,25.8,32.9,237,,1005,10140,Thane
6/1/2025,28.6,26.2,31.4,510.9,,1003.6,5460,Thane
7/1/2025,28.1,26,30,801.7,,1003.5,2760,Thane
8/1/2025,27.4,25.5,29.5,1098,,1005.7,4500,Thane
9/1/2025,27,25.4,29,480.7,,1007.2,4020,Thane
10/1/2025,29.1,26.3,32.8,170.2,,1008,10800,Thane
11/1/2025,27.8,24.3,32,9.2,,1012.5,11880,Thane
12/1/2025,27,22.8,32.1,0,,1012.9,11700,Thane
1/1/2020,,,,,,,,Bhopal
2/1/2020,,,,,,,,Bhopal
3/1/2020,,,,,,,,Bhopal
4/1/2020,,,,,,,,Bhopal
5/1/2020,,,,,,,,Bhopal
6/1/2020,28.7,,,,,,,Bhopal
7/1/2020,,,,,,,,Bhopal
8/1/2020,26,,,,,,,Bhopal
9/1/2020,,,,,,,,Bhopal
10/1/2020,,,,,,,,Bhopal
11/1/2020,,,,,,,,Bhopal
12/1/2020,,,,,,,,Bhopal
1/1/2021,18,12.1,25.1,,,1014.9,,Bhopal
2/1/2021,21.2,13.4,29.6,0,,1015.2,,Bhopal
3/1/2021,26.4,18,34.8,21.6,,1011.8,,Bhopal
4/1/2021,30.5,22,38.7,0,,1008.8,,Bhopal
5/1/2021,31.6,24.7,38.5,11.9,,1005.1,,Bhopal
6/1/2021,29,23.6,35,274.5,,1003.4,,Bhopal
7/1/2021,27.5,24.4,31,244.1,,1002,,Bhopal
8/1/2021,25.4,23,28.6,250,,1004.8,,Bhopal
9/1/2021,26.1,23.2,30.4,256.7,,1004.8,,Bhopal
10/1/2021,25.1,19.5,31.5,69.4,,1010.7,,Bhopal
11/1/2021,21.2,14.5,28.3,0,,1014,,Bhopal
12/1/2021,17.5,12.1,23.8,8.2,,1017.4,,Bhopal
1/1/2022,15.4,9.7,22,53.8,,1016,,Bhopal
2/1/2022,19.7,12.7,27.8,0,,1013.4,,Bhopal
3/1/2022,26.8,18.4,35.1,0.3,,1010.9,,Bhopal
4/1/2022,32.3,23.8,40.3,0,,1007.5,,Bhopal
5/1/2022,34.1,27.2,41.1,6.9,,1002.8,,Bhopal
6/1/2022,31.5,26.1,37.9,109.3,,1002.5,,Bhopal
7/1/2022,26,23.2,30.2,718.2,,1002.3,,Bhopal
8/1/2022,25.6,22.9,29.2,793.7,,1003.2,,Bhopal
9/1/2022,26.1,22.6,30.6,221.6,,1006.2,,Bhopal
10/1/2022,24.5,18.8,30.8,152.8,,1012,,Bhopal
11/1/2022,21.2,14.2,29,0,,1015.3,,Bhopal
12/1/2022,19,13.2,26,9.9,,1015.3,,Bhopal
1/1/2023,16.2,10.4,23,22.4,,1016.9,,Bhopal
2/1/2023,20.9,13,29.4,0,,1015.4,,Bhopal
3/1/2023,24.6,17.7,31.9,331.5,,1012.9,,Bhopal
4/1/2023,28.3,21.1,35.2,26.8,,1010,,Bhopal
5/1/2023,30.9,23.9,37.6,55.2,,1007.7,,Bhopal
6/1/2023,30.6,25.8,36.6,58.1,,1003.8,,Bhopal
7/1/2023,26.9,23.8,30.6,293.9,,1002.7,,Bhopal
8/1/2023,25.5,22.8,28.7,120.9,,1006,,Bhopal
9/1/2023,26.2,22.8,30.5,349.6,,1005.5,,Bhopal
10/1/2023,25.7,19.3,32.8,0.2,,1012.9,,Bhopal
11/1/2023,22.1,16.3,29,17.3,,1015.6,,Bhopal
12/1/2023,18.6,13.3,25.4,11.4,,1016.9,,Bhopal
1/1/2024,17.1,11.8,23.7,11,,1016.9,,Bhopal
2/1/2024,20.5,14.1,27.5,9.1,,1016.2,,Bhopal
3/1/2024,25.6,18.2,33,4.1,,1012.9,,Bhopal
4/1/2024,29.6,22.7,36.3,53.9,,1009.2,,Bhopal
5/1/2024,33.9,27.1,40.9,5,,1004.2,,Bhopal
6/1/2024,31.1,26,37.7,285.8,,1002.2,,Bhopal
7/1/2024,26.7,24.1,30.2,500.9,,999.7,,Bhopal
8/1/2024,26,24.6,30.4,382,,,,Bhopal
9/1/2024,26.2,23,32,276.4,,1005,,Bhopal
10/1/2024,26.2,20.9,32.2,78.8,,1010.7,,Bhopal
11/1/2024,21.6,15.1,28.4,0,,1014.8,,Bhopal
12/1/2024,17.5,11,24.7,,,1015.5,,Bhopal
1/1/2025,17.3,10.5,24.9,1.3,,1015.8,,Bhopal
2/1/2025,21.8,14.4,29.4,0,,1014.5,,Bhopal
3/1/2025,,,,,,,,Bhopal
4/1/2025,31.7,23.8,39.1,2.3,,1007.2,,Bhopal
5/1/2025,29.8,24.5,36.5,22.2,,1004.7,,Bhopal
6/1/2025,28.7,24.6,33.7,232.2,,1002.2,,Bhopal
7/1/2025,25,22.8,28.4,549.1,,1001.8,,Bhopal
8/1/2025,25.8,23.1,29.4,262.5,,1004.9,,Bhopal
9/1/2025,25.5,22.7,29.6,161.6,,1007.6,,Bhopal
10/1/2025,23.9,19.9,28.6,48.6,,1012.3,,Bhopal
11/1/2025,19.8,13.8,26.2,0.2,,1016.8,,Bhopal
12/1/2025,16.8,9.6,24.5,0,,1017.9,,Bhopal
1/1/2020,23.8,21.5,28.4,34,,1015.8,13800,Visakhapatnam
2/1/2020,25.1,22.7,29.8,77,,1014.8,13860,Visakhapatnam
3/1/2020,28.7,25.2,32.2,25,,1012.7,15180,Visakhapatnam
4/1/2020,30.2,27,33.5,167,,1010.7,15540,Visakhapatnam
5/1/2020,30.6,28.5,34.2,36,,1006.6,13320,Visakhapatnam
6/1/2020,30,27.9,33.3,160,,1002.7,,Visakhapatnam
7/1/2020,29,26.3,32.4,132,,1003.2,10380,Visakhapatnam
8/1/2020,28.7,26.1,31.9,125,,1001.7,5340,Visakhapatnam
9/1/2020,29.1,26.3,32.4,135,,1004.2,11580,Visakhapatnam
10/1/2020,29,26,32.1,370,,1006.9,9120,Visakhapatnam
11/1/2020,26.5,23,30.2,109,,1013.1,12600,Visakhapatnam
12/1/2020,23.4,18.4,29.1,0,,1014,15480,Visakhapatnam
1/1/2021,24.2,19.6,29.6,0,,1012.9,12060,Visakhapatnam
2/1/2021,24.6,19.1,30.6,0.7,,1013.4,14040,Visakhapatnam
3/1/2021,28,22.7,34.4,0,,1010.6,12420,Visakhapatnam
4/1/2021,29.6,25.6,34.2,5.7,,1008.9,13980,Visakhapatnam
5/1/2021,30.8,26.9,35.7,28.2,,1005.1,14880,Visakhapatnam
6/1/2021,30.4,27.2,34.4,125.9,,1003,8820,Visakhapatnam
7/1/2021,28.8,26.2,32.4,131.7,,1001.8,7920,Visakhapatnam
8/1/2021,29.4,26.5,33.6,202.9,,1003.7,9540,Visakhapatnam
9/1/2021,28.3,25.7,31.8,315.3,,1003.7,7860,Visakhapatnam
10/1/2021,28.9,26,32.6,180.3,,1007.7,11040,Visakhapatnam
11/1/2021,26.6,24,29.7,190.3,,1010.9,8580,Visakhapatnam
12/1/2021,24.2,20.6,28.4,41.8,,1014.5,11700,Visakhapatnam
1/1/2022,23.6,19.7,28.3,27,,1013.7,14460,Visakhapatnam
2/1/2022,24.7,20,30,2.5,,1012.5,15660,Visakhapatnam
3/1/2022,28,23.1,33.8,0.6,,1009.4,13920,Visakhapatnam
4/1/2022,30.4,26.3,35.5,0.6,,1007.9,12960,Visakhapatnam
5/1/2022,30.4,26.9,34.7,173,,1003.2,11700,Visakhapatnam
6/1/2022,29.8,26.7,33.5,71.2,,1002.7,6900,Visakhapatnam
7/1/2022,28.7,26.2,32,288.8,,1001.3,7020,Visakhapatnam
8/1/2022,28.9,26,32.5,175.2,,1002.4,7980,Visakhapatnam
9/1/2022,28.3,25.5,32.3,261.1,,1004.9,9240,Visakhapatnam
10/1/2022,27.3,24.3,31,227.2,,1009.2,11100,Visakhapatnam
11/1/2022,26,22.1,30.2,8.9,,1012.4,11940,Visakhapatnam
12/1/2022,25,21.1,29.4,63.4,,1012.8,12300,Visakhapatnam
1/1/2023,23.6,18.7,29.5,6.2,,1014.8,13980,Visakhapatnam
2/1/2023,25.6,20.8,31.7,0,,1013.3,14280,Visakhapatnam
3/1/2023,26.9,21.6,33.4,82.3,,1012,13800,Visakhapatnam
4/1/2023,30.3,25.6,36.4,42.4,,1008.8,14340,Visakhapatnam
5/1/2023,30.4,26.4,35.2,67.2,,1006.8,12240,Visakhapatnam
6/1/2023,32.1,28,37.4,57.8,,1002.2,10320,Visakhapatnam
7/1/2023,29.4,26.4,33.6,335.1,,1001.4,7440,Visakhapatnam
8/1/2023,29.4,26.2,34.4,102.8,,1004.5,8700,Visakhapatnam
9/1/2023,28.8,25.8,32.9,302,,1004,6120,Visakhapatnam
10/1/2023,28.9,24.9,33.5,16.5,,1010.4,11940,Visakhapatnam
11/1/2023,27.2,23.3,31.6,96.8,,1013.4,11340,Visakhapatnam
12/1/2023,24.1,20.5,28.1,157.6,,1014.6,12120,Visakhapatnam
1/1/2024,23.7,19.9,28.4,11,,1015.4,10860,Visakhapatnam
2/1/2024,25.8,21.4,30.9,10.9,,1015,13560,Visakhapatnam
3/1/2024,28.2,23.9,33.2,8.1,,1012.3,13440,Visakhapatnam
4/1/2024,30.7,26.2,36.5,5,,1008.1,13920,Visakhapatnam
5/1/2024,31.3,27.7,35.2,87.1,,1004.7,11820,Visakhapatnam
6/1/2024,30.4,27.1,34.4,108.4,,1002.7,8100,Visakhapatnam
7/1/2024,28.8,26.5,31.8,392.9,,1000.2,2880,Visakhapatnam
8/1/2024,29.4,26.5,32.7,218,,1004.5,5520,Visakhapatnam
9/1/2024,28.8,26,32.4,353,,1003.6,9240,Visakhapatnam
10/1/2024,29,25.5,32.7,84.8,,1008.7,13080,Visakhapatnam
11/1/2024,27,23,31.2,30.5,,1012.1,12480,Visakhapatnam
12/1/2024,24.5,21.3,28.1,107,,1013.7,8700,Visakhapatnam
1/1/2025,23.1,18.6,28.4,0.2,,1014,13680,Visakhapatnam
2/1/2025,26.6,22.3,31.9,0.8,,1013.2,13320,Visakhapatnam
3/1/2025,28.6,25.5,33.1,0,,1011.3,15120,Visakhapatnam
4/1/2025,30,26.1,34.4,21.4,,1008.3,14580,Visakhapatnam
5/1/2025,29.9,26.5,34,175.6,,1004,10500,Visakhapatnam
6/1/2025,29.8,27.2,33.2,149.3,,1002,5940,Visakhapatnam
7/1/2025,29.7,26.8,33.2,214.5,,1000.6,8880,Visakhapatnam
8/1/2025,29.2,26.6,32.7,318.6,,1003.3,8820,Visakhapatnam
9/1/2025,28.4,25.9,32.1,233.5,,1004.1,8280,Visakhapatnam
10/1/2025,27.8,25.1,31.2,275.2,,1008.2,10440,Visakhapatnam
11/1/2025,26.1,22.4,30.1,20,,1012.8,15060,Visakhapatnam
12/1/2025,22.6,18.4,27.8,30.9,,1014.4,12780,Visakhapatnam
1/1/2020,19.2,12.3,26.1,0,,1015.5,14100,Vadodara
2/1/2020,23.1,15.3,30.8,0,,1014.6,17220,Vadodara
3/1/2020,26.5,19.2,33.7,13,,1011.2,17640,Vadodara
4/1/2020,32.9,25.5,40.4,0,,1008.7,,Vadodara
5/1/2020,35.3,28,42.6,0,,1005,21360,Vadodara
6/1/2020,32,26.9,37.4,216,,1002,,Vadodara
7/1/2020,31.1,26.8,35.5,210,,1000.7,11220,Vadodara
8/1/2020,28.5,25.7,32.1,425,,1000.4,,Vadodara
9/1/2020,30.3,26.2,34.3,119,,1004.6,12060,Vadodara
10/1/2020,29.9,23.6,36.2,1,,1007.6,17340,Vadodara
11/1/2020,24.9,17.1,32.6,0,,1014,16500,Vadodara
12/1/2020,22.3,14.9,29.7,1,,1014.3,15420,Vadodara
1/1/2021,21.2,14.7,28.6,0,,1012.4,14940,Vadodara
2/1/2021,23.9,15.8,33.1,0,,1013,,Vadodara
3/1/2021,28.8,20.5,37.4,0,,1010.1,18420,Vadodara
4/1/2021,32.1,24.3,40.1,0,,1008.1,18540,Vadodara
5/1/2021,32.3,26.7,38.2,91.9,,1004.3,17580,Vadodara
6/1/2021,30.6,26.6,35.6,108,,1003.2,13740,Vadodara
7/1/2021,29.6,25.8,33.6,201.7,,1001.4,8340,Vadodara
8/1/2021,28.8,25.6,32.6,100.3,,1004.3,7560,Vadodara
9/1/2021,27.6,24.9,31.4,296.4,,1003.3,5340,Vadodara
10/1/2021,28,22.5,33.8,38.1,,1009.2,15840,Vadodara
11/1/2021,25.2,18.4,32.7,8.8,,1011.4,14460,Vadodara
12/1/2021,21.2,15.2,27.7,21.1,,1015.3,13560,Vadodara
1/1/2022,19.9,13.1,27.1,5.8,,1014.3,16020,Vadodara
2/1/2022,23.2,15.4,31.7,0,,1011.8,16740,Vadodara
3/1/2022,29.5,21.4,37.4,0,,1009.5,17460,Vadodara
4/1/2022,32.5,24.7,40.9,0,,1007.1,18420,Vadodara
5/1/2022,33.3,27.7,40.2,0,,1003.5,18360,Vadodara
6/1/2022,31.8,27.1,37.4,38.8,,1002.7,14940,Vadodara
7/1/2022,27.9,25,31.7,532.2,,1002.1,6120,Vadodara
8/1/2022,28.1,24.9,32,226.3,,1002.4,6780,Vadodara
9/1/2022,28.9,24.8,33.5,198.6,,1005.8,12480,Vadodara
10/1/2022,27.7,21.7,34.3,47.6,,1010.3,16860,Vadodara
11/1/2022,24.7,17.2,32.9,0,,1013.2,16980,Vadodara
12/1/2022,23.1,16.7,30.2,3.9,,1013,15420,Vadodara
1/1/2023,20.1,13.4,27.7,2.7,,1015.1,16380,Vadodara
2/1/2023,24.5,15.7,33.8,0,,1013.8,19080,Vadodara
3/1/2023,27.5,20.5,34.9,9.9,,1011.5,16560,Vadodara
4/1/2023,31.1,24.4,38,2.3,,1008.7,17520,Vadodara
5/1/2023,32.8,26.7,39.2,9.3,,1007.4,19860,Vadodara
6/1/2023,31.3,27.4,36.1,214.7,,1003.7,11280,Vadodara
7/1/2023,28.4,25.5,32.2,389.9,,1002.4,4920,Vadodara
8/1/2023,28.8,25.6,32.7,31.7,,1005.7,5280,Vadodara
9/1/2023,28.8,25.2,33.1,367.7,,1005.4,9600,Vadodara
10/1/2023,28.8,22.1,35.5,0.6,,1011.6,17160,Vadodara
11/1/2023,25.3,19,32.8,25,,1013.2,13080,Vadodara
12/1/2023,22.8,17.4,29.6,12.2,,1014.3,13020,Vadodara
1/1/2024,21.1,14.5,28.7,3.3,,1014.9,14640,Vadodara
2/1/2024,24.5,17.7,31.7,0.3,,1014.4,15360,Vadodara
3/1/2024,27.5,19.2,35.3,1.2,,1011.9,18420,Vadodara
4/1/2024,32.2,24.6,38.8,0.2,,1007.9,16260,Vadodara
5/1/2024,34.3,28.2,41.1,0,,1004.2,18900,Vadodara
6/1/2024,32.2,28.1,37.4,113.9,,1001.9,14100,Vadodara
7/1/2024,28.4,26,31.7,347.6,,999.2,4560,Vadodara
8/1/2024,29.1,26,32.1,471,,1002.7,4500,Vadodara
9/1/2024,29.5,25.9,33.2,190,,1005,9180,Vadodara
10/1/2024,28.4,23.9,33.9,94.2,,1009.1,,Vadodara
11/1/2024,24.6,17.7,32.4,0,,1012.6,,Vadodara
12/1/2024,21.4,14.8,28.6,0,,1013.2,,Vadodara
1/1/2025,21.6,14.1,29.1,0,,1013.4,15900,Vadodara
2/1/2025,24.7,16.4,32.2,0,,1013.2,16380,Vadodara
3/1/2025,29.1,20.9,37.4,0,,1010.7,19200,Vadodara
4/1/2025,32.8,25,40.9,0,,1006.8,19320,Vadodara
5/1/2025,31.6,26.7,36.8,61.7,,1003.4,16020,Vadodara
6/1/2025,30.4,27,34.7,222.5,,1000.9,8880,Vadodara
7/1/2025,28.7,25.7,32.2,239.6,,1000.9,3180,Vadodara
8/1/2025,27.5,25.1,31.1,261.4,,1003.9,6720,Vadodara
9/1/2025,28.3,24.7,32.3,275.7,,1005.4,9780,Vadodara
10/1/2025,26.9,22.7,31.9,135.7,,1009.2,12720,Vadodara
11/1/2025,23.5,18.1,30.2,19.8,,1014,13980,Vadodara
12/1/2025,22.5,16.6,29.9,0,,1014.9,15420,Vadodara
1/1/2020,12.2,7.7,18.4,,,1017.6,,Firozabad
2/1/2020,17,10.2,24.5,,,1016.8,,Firozabad
3/1/2020,22.5,16.2,28.6,,,1012.6,,Firozabad
4/1/2020,29.4,21.7,36.1,,,1008.6,,Firozabad
5/1/2020,32.9,25.8,39.1,,,1003.4,,Firozabad
6/1/2020,33,28,37.9,,,999.9,,Firozabad
7/1/2020,31.6,28,36,,,999.7,,Firozabad
8/1/2020,29.6,26.7,33.3,,,999.1,,Firozabad
9/1/2020,30.5,26,35.7,,,1003.5,,Firozabad
10/1/2020,26.2,18.5,34.3,,,1008.2,,Firozabad
11/1/2020,18.4,11.8,26.9,,,1016.3,,Firozabad
12/1/2020,14.3,8.8,22.5,,,1016.8,,Firozabad
1/1/2021,12.7,7.8,19.8,,,1016.3,,Firozabad
2/1/2021,18.6,11,27.5,,,1014.6,,Firozabad
3/1/2021,26.1,17.7,33.9,,,1010.3,,Firozabad
4/1/2021,30.3,20.8,38.1,,,1007.4,,Firozabad
5/1/2021,31.2,25.3,36.8,,,1003.3,,Firozabad
6/1/2021,33.3,28.3,38.4,,,999.6,,Firozabad
7/1/2021,32,28.6,35.3,,,998.6,,Firozabad
8/1/2021,30.4,26.9,34.4,,,1001.2,,Firozabad
9/1/2021,29.1,26.2,33,,,1003.9,,Firozabad
10/1/2021,26.3,20.6,32.7,,,1009,,Firozabad
11/1/2021,18.8,13,27.6,,,1013.9,,Firozabad
12/1/2021,14.1,9.1,21.4,,,1018.5,,Firozabad
1/1/2022,11.8,7.1,17.9,,,1017.2,,Firozabad
2/1/2022,16.6,9.9,24.5,,,1013.5,,Firozabad
3/1/2022,26.6,17.3,34.6,,,1009.2,,Firozabad
4/1/2022,33.7,23.5,41.8,,,1004.2,,Firozabad
5/1/2022,34.4,27.7,40.9,,,999.4,,Firozabad
6/1/2022,34.4,28.9,40,24.1,,998.8,,Firozabad
7/1/2022,30.9,27.6,34.1,227.5,,1000,,Firozabad
8/1/2022,29.9,26.6,33.3,151.1,,1000.9,,Firozabad
9/1/2022,29.4,25.5,33.5,145.6,,1004,,Firozabad
10/1/2022,25.1,19.7,31.7,107.5,,1011,,Firozabad
11/1/2022,19.6,13.4,28.5,0.8,,1014.6,,Firozabad
12/1/2022,14.3,8.1,23.4,0,,1015.9,,Firozabad
1/1/2023,12.1,6.8,19.1,28.6,,1018.5,,Firozabad
2/1/2023,19.4,11.5,28.4,0,,1014.4,,Firozabad
3/1/2023,23.7,17,30.3,28.2,,1012.4,,Firozabad
4/1/2023,28.6,20.6,35.7,7.9,,1008.3,,Firozabad
5/1/2023,31,23.7,37.8,15.3,,1005.1,,Firozabad
6/1/2023,32.2,27.1,36.9,156.8,,1000.4,,Firozabad
7/1/2023,30.7,27.7,33.7,253.6,,1000.1,,Firozabad
8/1/2023,30.8,26.7,34.6,193,,1001.4,,Firozabad
9/1/2023,30,26.5,34.5,77.6,,1003.5,,Firozabad
10/1/2023,26,20.2,33.7,3.4,,1011,,Firozabad
11/1/2023,20.4,15.1,28.3,4.1,,1015.4,,Firozabad
12/1/2023,15.9,11,23.2,17.2,,1017.5,,Firozabad
1/1/2024,12.2,7.9,18.4,1.2,,1018.2,,Firozabad
2/1/2024,17.5,11.4,24.9,12.4,,1016.5,,Firozabad
3/1/2024,23.3,16.8,30.9,23.4,,1012.3,,Firozabad
4/1/2024,29.9,23.8,36.6,0,,1006.4,,Firozabad
5/1/2024,34.3,28.2,41,0,,1000.8,,Firozabad
6/1/2024,35.3,30.5,40.8,150,,998.2,,Firozabad
7/1/2024,31.3,28.8,34.7,186.1,,996.7,,Firozabad
8/1/2024,29.3,27.1,32.5,,,1001.4,,Firozabad
9/1/2024,29,26.3,32.9,,,1003,,Firozabad
10/1/2024,27.6,22.3,34.9,0,,1009.1,,Firozabad
11/1/2024,20.7,14.7,29.6,0,,1014.4,,Firozabad
12/1/2024,14.3,8.7,22.7,,,1016.8,,Firozabad
1/1/2025,13.7,8.2,20,26.3,,1016.9,,Firozabad
2/1/2025,19.2,12.3,25.5,12.4,,1014.8,,Firozabad
3/1/2025,24.5,16.8,31.4,,,1010.7,,Firozabad
4/1/2025,31.1,23.4,38.2,,,1005.3,,Firozabad
5/1/2025,32.8,27.5,38.1,6.5,,1001.3,,Firozabad
6/1/2025,32.5,28.1,36.9,139.5,,998.7,,Firozabad
7/1/2025,30.2,27.1,33.3,197,,997.9,,Firozabad
8/1/2025,28.4,25.9,31.9,219.8,,1001.8,,Firozabad
9/1/2025,29.8,25.6,33.7,119.2,,1004,,Firozabad
10/1/2025,24.5,19.9,29.8,70.8,,1010.7,,Firozabad
11/1/2025,18.4,12.8,25.5,1.5,,1015.4,,Firozabad
12/1/2025,14.9,9.8,21.7,0,,1017,,Firozabad
1/1/2020,,,,,,,,Ludhiana
2/1/2020,,,,,,,,Ludhiana
3/1/2020,,,,,,,,Ludhiana
4/1/2020,,,,,,,,Ludhiana
5/1/2020,,,,,,,,Ludhiana
6/1/2020,,,,,,,,Ludhiana
7/1/2020,,,,,,,,Ludhiana
8/1/2020,,,,,,,,Ludhiana
9/1/2020,,,,,,,,Ludhiana
10/1/2020,,,,,,,,Ludhiana
11/1/2020,,,,,,,,Ludhiana
12/1/2020,,,,,,,,Ludhiana
1/1/2021,11.7,6.8,18,,,1016.1,,Ludhiana
2/1/2021,16.5,10.1,24.6,8.9,,1015,,Ludhiana
3/1/2021,22.1,14.6,30.4,4.2,,1011,,Ludhiana
4/1/2021,25.8,17.2,34.7,18.5,,1008.9,,Ludhiana
5/1/2021,30.8,22.3,37.2,28.7,,1004,,Ludhiana
6/1/2021,31.7,24.6,37.4,112.4,,1000,,Ludhiana
7/1/2021,30.8,26.3,35.2,324.1,,998.8,,Ludhiana
8/1/2021,30.1,25.8,33.7,113.8,,1001.4,,Ludhiana
9/1/2021,28.7,24.6,32.8,139.9,,1005.3,,Ludhiana
10/1/2021,25.1,19.1,32,67.6,,1009,,Ludhiana
11/1/2021,17.3,11,26.6,0.5,,1013.9,,Ludhiana
12/1/2021,12.7,6.9,20.6,0.7,,1018.6,,Ludhiana
1/1/2022,11.7,7.6,17,107.2,,1016.4,,Ludhiana
2/1/2022,14.1,7.9,21.7,58,,1013.6,,Ludhiana
3/1/2022,22.9,15.4,31.2,2.8,,1009.8,,Ludhiana
4/1/2022,29.8,20.8,39.1,0.1,,1004.9,,Ludhiana
5/1/2022,32.5,24.6,39.7,22,,1000,,Ludhiana
6/1/2022,32.3,25.4,39.5,61.6,,998.6,,Ludhiana
7/1/2022,30.7,26.5,34.5,357.2,,1001,,Ludhiana
8/1/2022,29.6,25.8,34,168,,1001.6,,Ludhiana
9/1/2022,28.8,24.1,32.9,250.8,,1004.6,,Ludhiana
10/1/2022,23.6,17.9,30.6,46,,1011.2,,Ludhiana
11/1/2022,18.3,12.5,26.7,7.1,,1014.8,,Ludhiana
12/1/2022,13,7.8,21.2,2.3,,1016.1,,Ludhiana
1/1/2023,11.5,6.4,18,19.5,,1018.5,,Ludhiana
2/1/2023,16.9,9.9,25.4,3.8,,1014.7,,Ludhiana
3/1/2023,21.1,14.2,28.4,64.1,,1013.2,,Ludhiana
4/1/2023,25.6,17.1,33.6,49.1,,1009.1,,Ludhiana
5/1/2023,29,20.7,36.6,90.7,,1005.9,,Ludhiana
6/1/2023,30.9,24.9,36.5,79.4,,1000.9,,Ludhiana
7/1/2023,29.4,25.6,33.5,376.8,,1001,,Ludhiana
8/1/2023,30.5,26.1,34.3,133.1,,1000.9,,Ludhiana
9/1/2023,28.4,24.1,33.7,56.4,,1004.6,,Ludhiana
10/1/2023,23.7,17.6,31,25.3,,1011.7,,Ludhiana
11/1/2023,19.1,13.4,26.7,7.9,,1016.2,,Ludhiana
12/1/2023,13.7,8.3,21.4,9.2,,1018,,Ludhiana
1/1/2024,9.1,5.2,15.9,3,,1018.8,,Ludhiana
2/1/2024,14.3,8,21.9,40.9,,1017.2,,Ludhiana
3/1/2024,20,12.7,27.4,57.6,,1013.3,,Ludhiana
4/1/2024,26,18,34,24.7,,1008,,Ludhiana
5/1/2024,32.8,24.4,40.6,2.5,,1002.1,,Ludhiana
6/1/2024,35,27.4,41.8,38.9,,998.7,,Ludhiana
7/1/2024,31,26.7,35.4,194,,997.5,,Ludhiana
8/1/2024,30.1,25.8,34.2,254.3,,,,Ludhiana
9/1/2024,28.3,24.2,33.8,,,,,Ludhiana
10/1/2024,26.3,19.8,33.5,1.5,,1009.6,,Ludhiana
11/1/2024,19.7,14.5,27.4,0.5,,1014.5,,Ludhiana
12/1/2024,12.8,7.5,20.8,,,1017,,Ludhiana
1/1/2025,12.6,7.9,19.5,20.6,,1016.8,,Ludhiana
2/1/2025,16.5,10.5,23.7,68.7,,1015.3,,Ludhiana
3/1/2025,,,,,,,,Ludhiana
4/1/2025,29.3,21.6,37.7,6.4,,1006,,Ludhiana
5/1/2025,32.1,24.4,38.7,40.3,,1002.2,,Ludhiana
6/1/2025,32.4,26.4,38,269.6,,999,,Ludhiana
7/1/2025,29.8,26.1,33.4,212.2,,998.6,,Ludhiana
8/1/2025,29.3,25.5,32.6,301.7,,1002.1,,Ludhiana
9/1/2025,28.4,24.4,32.9,208.8,,1004.8,,Ludhiana
10/1/2025,24.1,18.6,30.6,77.5,,1010.9,,Ludhiana
11/1/2025,18,12,25.5,5.2,,1015.5,,Ludhiana
12/1/2025,14.2,9.1,20.8,0,,1017,,Ludhiana
1/1/2020,,,,,,,,Rajkot
2/1/2020,,,,,,,,Rajkot
3/1/2020,,,,,,,,Rajkot
4/1/2020,,,,,,,,Rajkot
5/1/2020,,,,,,,,Rajkot
6/1/2020,,,,,,,,Rajkot
7/1/2020,,,,,,,,Rajkot
8/1/2020,,,,,,,,Rajkot
9/1/2020,,,,,,,,Rajkot
10/1/2020,,,,,,,,Rajkot
11/1/2020,,,,,,,,Rajkot
12/1/2020,,,,,,,,Rajkot
1/1/2021,19.4,12.3,28.1,,,1013.8,,Rajkot
2/1/2021,24.1,16.7,32.5,0,,1013.9,,Rajkot
3/1/2021,28.7,20.4,37.8,0,,1011.1,,Rajkot
4/1/2021,31.5,23.3,40.4,0.5,,1009,,Rajkot
5/1/2021,31.7,25.4,39.4,45.6,,1004.8,,Rajkot
6/1/2021,30.9,26.2,36.8,61.5,,1003.3,,Rajkot
7/1/2021,29.4,26,33.4,297.7,,1001.6,,Rajkot
8/1/2021,28.7,24.9,32.9,17.4,,1004.7,,Rajkot
9/1/2021,27.1,24.3,30.2,807.3,,1003.5,,Rajkot
10/1/2021,27.6,22,34.3,28.9,,1009.7,,Rajkot
11/1/2021,25.6,19.4,33,2,,1011.5,,Rajkot
12/1/2021,21.1,15.5,28.1,2.2,,1015.8,,Rajkot
1/1/2022,19.5,13.3,27,3.6,,1014.8,,Rajkot
2/1/2022,22.9,15.5,31.4,0,,1012.5,,Rajkot
3/1/2022,29,20.9,38.3,0,,1010.3,,Rajkot
4/1/2022,31.9,23.2,41.3,0.5,,1007.8,,Rajkot
5/1/2022,32.6,25.4,40.9,,,1004,,Rajkot
6/1/2022,31.5,26,38.3,88.3,,1002.6,,Rajkot
7/1/2022,27.4,24.9,30.8,501.5,,1001.8,,Rajkot
8/1/2022,28,24.7,31.6,109.5,,1002.2,,Rajkot
9/1/2022,27.8,23.3,32.9,287.3,,1006.4,,Rajkot
10/1/2022,28.9,22.6,35.6,4.1,,1010.7,,Rajkot
11/1/2022,25.9,19,33.9,0,,1013.6,,Rajkot
12/1/2022,22.9,16.4,31,0,,1013.8,,Rajkot
1/1/2023,19.6,12.8,27.7,3.5,,1015.9,,Rajkot
2/1/2023,24.2,15.7,34.7,0,,1014.6,,Rajkot
3/1/2023,27.5,20.4,35.3,3.9,,1011.9,,Rajkot
4/1/2023,29.7,22.4,37.8,4.1,,1009.6,,Rajkot
5/1/2023,31.9,25.3,39.9,7.7,,1008,,Rajkot
6/1/2023,30.6,25.9,36,273.7,,1003.3,,Rajkot
7/1/2023,28.6,25.5,32,244.9,,1002.6,,Rajkot
8/1/2023,28.3,25,32.3,9.5,,1005.8,,Rajkot
9/1/2023,28.7,24.7,34.1,97.7,,1006,,Rajkot
10/1/2023,28.3,22,36.3,1,,1012,,Rajkot
11/1/2023,26,19.7,33.4,18,,1013.6,,Rajkot
12/1/2023,22.1,16.3,29.8,0.6,,1015,,Rajkot
1/1/2024,21,14.1,29.4,0.3,,1015.8,,Rajkot
2/1/2024,24.2,17.2,32.2,0,,1015.2,,Rajkot
3/1/2024,26.8,19,35.6,0.1,,1012.8,,Rajkot
4/1/2024,30.7,23.2,38.9,0,,1008.8,,Rajkot
5/1/2024,33,25.9,41.4,0.5,,1005.2,,Rajkot
6/1/2024,32.1,27.3,38.9,62.3,,1002.2,,Rajkot
7/1/2024,28.7,25.7,32.5,578.9,,999.2,,Rajkot
8/1/2024,27.4,24.7,,854.3,,,,Rajkot
9/1/2024,27.7,23.7,,,,1006.1,,Rajkot
10/1/2024,28.1,23.4,35.1,82.2,,1010,,Rajkot
11/1/2024,25.8,19.4,34.6,0,,1013.5,,Rajkot
12/1/2024,20.3,13.5,28.9,,,1014.5,,Rajkot
1/1/2025,21,14.1,29.6,0,,1014.7,,Rajkot
2/1/2025,24.5,17.6,33,0,,1014.3,,Rajkot
3/1/2025,,,,,,,,Rajkot
4/1/2025,32,23.1,42.4,0,,1008,,Rajkot
5/1/2025,31.4,25.5,39,75.7,,1004,,Rajkot
6/1/2025,30.1,25.9,35.5,240.1,,1001.5,,Rajkot
7/1/2025,28.3,24.7,32.2,238.8,,1001.3,,Rajkot
8/1/2025,27.5,24.3,31.4,163.3,,1004.1,,Rajkot
9/1/2025,27.1,24,31.4,96.3,,1006.3,,Rajkot
10/1/2025,26.8,22.6,32,129.2,,1009.3,,Rajkot
11/1/2025,23.6,18.1,30.2,19.4,,1014.3,,Rajkot
12/1/2025,23,17.1,30.4,0.2,,1015.1,,Rajkot
1/1/2020,12.2,7.7,18.4,,,1017.6,,Agra
2/1/2020,17,10.2,24.5,,,1016.8,,Agra
3/1/2020,22.5,16.2,28.6,,,1012.6,,Agra
4/1/2020,29.4,21.7,36.1,,,1008.6,,Agra
5/1/2020,32.9,25.8,39.1,,,1003.4,,Agra
6/1/2020,33,28,37.9,,,999.9,,Agra
7/1/2020,31.6,28,36,,,999.7,,Agra
8/1/2020,29.6,26.7,33.3,,,999.1,,Agra
9/1/2020,30.5,26,35.7,,,1003.5,,Agra
10/1/2020,26.2,18.5,34.3,,,1008.2,,Agra
11/1/2020,18.4,11.8,26.9,,,1016.3,,Agra
12/1/2020,14.3,8.8,22.5,,,1016.8,,Agra
1/1/2021,12.7,7.8,19.8,,,1016.3,,Agra
2/1/2021,18.6,11,27.5,23.6,,1014.6,,Agra
3/1/2021,26.1,17.7,33.9,1.9,,1010.3,,Agra
4/1/2021,30.3,20.8,38.1,0,,1007.4,,Agra
5/1/2021,31.2,25.3,36.8,93,,1003.3,,Agra
6/1/2021,33.3,28.3,38.4,16.4,,999.6,,Agra
7/1/2021,32,28.6,35.3,367.6,,998.6,,Agra
8/1/2021,30.4,26.9,34.4,199.6,,1001.2,,Agra
9/1/2021,29.1,26.2,33,188.8,,1003.9,,Agra
10/1/2021,26.3,20.6,32.7,65,,1009,,Agra
11/1/2021,18.8,13,27.6,1.1,,1013.9,,Agra
12/1/2021,14.1,9.1,21.4,11.4,,1018.5,,Agra
1/1/2022,11.8,7.1,17.9,50.5,,1017.2,,Agra
2/1/2022,16.6,9.9,24.5,38.5,,1013.5,,Agra
3/1/2022,26.6,17.3,34.6,0.8,,1009.2,,Agra
4/1/2022,33.7,23.5,41.8,0,,1004.2,,Agra
5/1/2022,34.4,27.7,40.9,,,999.4,,Agra
6/1/2022,34.4,28.9,40,24.1,,998.8,,Agra
7/1/2022,30.9,27.6,34.1,227.5,,1000,,Agra
8/1/2022,29.9,26.6,33.3,151.1,,1000.9,,Agra
9/1/2022,29.4,25.5,33.5,145.6,,1004,,Agra
10/1/2022,25.1,19.7,31.7,107.5,,1011,,Agra
11/1/2022,19.6,13.4,28.5,0.8,,1014.6,,Agra
12/1/2022,14.3,8.1,23.4,0,,1015.9,,Agra
1/1/2023,12.1,6.8,19.1,28.6,,1018.5,,Agra
2/1/2023,19.4,11.5,28.4,0,,1014.4,,Agra
3/1/2023,23.7,17,30.3,28.2,,1012.4,,Agra
4/1/2023,28.6,20.6,35.7,7.9,,1008.3,,Agra
5/1/2023,31,23.7,37.8,15.3,,1005.1,,Agra
6/1/2023,32.2,27.1,36.9,156.8,,1000.4,,Agra
7/1/2023,30.7,27.7,33.7,253.6,,1000.1,,Agra
8/1/2023,30.8,26.7,34.6,193,,1001.4,,Agra
9/1/2023,30,26.5,34.5,77.6,,1003.5,,Agra
10/1/2023,26,20.2,33.7,3.4,,1011,,Agra
11/1/2023,20.4,15.1,28.3,4.1,,1015.4,,Agra
12/1/2023,15.9,11,23.2,17.2,,1017.5,,Agra
1/1/2024,12.2,7.9,18.4,1.2,,1018.2,,Agra
2/1/2024,17.5,11.4,24.9,12.4,,1016.5,,Agra
3/1/2024,23.3,16.8,30.9,23.4,,1012.3,,Agra
4/1/2024,29.9,23.8,36.6,0,,1006.4,,Agra
5/1/2024,34.3,28.2,41,0,,1000.8,,Agra
6/1/2024,35.3,30.5,40.8,150,,998.2,,Agra
7/1/2024,31.3,28.8,34.7,186.1,,996.7,,Agra
8/1/2024,29.3,27.1,32.5,,,1001.4,,Agra
9/1/2024,29,26.3,32.9,,,1003,,Agra
10/1/2024,27.6,22.3,34.9,0,,1009.1,,Agra
11/1/2024,20.7,14.7,29.6,0,,1014.4,,Agra
12/1/2024,14.3,8.7,22.7,,,1016.8,,Agra
1/1/2025,13.7,8.2,20,26.3,,1016.9,,Agra
2/1/2025,19.2,12.3,25.5,12.4,,1014.8,,Agra
3/1/2025,24.5,16.8,31.4,,,1010.7,,Agra
4/1/2025,31.1,23.4,38.2,5.9,,1005.3,,Agra
5/1/2025,32.8,27.5,38.1,6.5,,1001.3,,Agra
6/1/2025,32.5,28.1,36.9,139.5,,998.7,,Agra
7/1/2025,30.2,27.1,33.3,197,,997.9,,Agra
8/1/2025,28.4,25.9,31.9,219.8,,1001.8,,Agra
9/1/2025,29.8,25.6,33.7,119.2,,1004,,Agra
10/1/2025,24.5,19.9,29.8,70.8,,1010.7,,Agra
11/1/2025,18.4,12.8,25.5,1.5,,1015.4,,Agra
12/1/2025,14.9,9.8,21.7,0,,1017,,Agra
1/1/2020,,,,,,,,Siliguri
2/1/2020,,,,,,,,Siliguri
3/1/2020,,,,,,,,Siliguri
4/1/2020,,,,,,,,Siliguri
5/1/2020,,,,,,,,Siliguri
6/1/2020,29.3,25.2,31.9,723,,,,Siliguri
7/1/2020,28.6,25.4,31,,,,,Siliguri
8/1/2020,,,,,,,,Siliguri
9/1/2020,28.4,,30.8,,,,,Siliguri
10/1/2020,,,,,,,,Siliguri
11/1/2020,,,,,,,,Siliguri
12/1/2020,,,,,,,,Siliguri
1/1/2021,16.9,12.8,21.8,,,1014.1,,Siliguri
2/1/2021,19.8,14.9,25.2,5.4,,1013.7,,Siliguri
3/1/2021,22.9,17.8,28.6,17.1,,1010.1,,Siliguri
4/1/2021,25.7,20.5,31.7,22.9,,1008.4,,Siliguri
5/1/2021,25.5,22.5,29.4,324.2,,1005.9,,Siliguri
6/1/2021,26.9,24.5,30.1,499.1,,1002.2,,Siliguri
7/1/2021,27.3,25.2,30.4,606.9,,1001.7,,Siliguri
8/1/2021,26.9,25,29.8,830.1,,1003.6,,Siliguri
9/1/2021,27.5,24.8,31.2,373,,1006.4,,Siliguri
10/1/2021,26.1,23.1,29.7,382.4,,1008.7,,Siliguri
11/1/2021,21.7,17.7,26.5,0.7,,1012.8,,Siliguri
12/1/2021,18.6,14.1,23.7,14.4,,1016.3,,Siliguri
1/1/2022,16,11.7,21.3,12.7,,1014.9,,Siliguri
2/1/2022,16.4,11.7,21.8,92.8,,1013.3,,Siliguri
3/1/2022,24.9,19.4,31.4,6.8,,1008.6,,Siliguri
4/1/2022,25.4,21.8,29.9,75.1,,1007.1,,Siliguri
5/1/2022,26,22.3,30.4,304.5,,1003.9,,Siliguri
6/1/2022,26.2,23.8,29.8,687.2,,1002,,Siliguri
7/1/2022,27.8,24.9,31.5,595.3,,1002.9,,Siliguri
8/1/2022,27.8,24.9,31.5,576.6,,1003.1,,Siliguri
9/1/2022,26.8,24,31.4,491.5,,1006,,Siliguri
10/1/2022,25.1,21,30.6,189,,1010.6,,Siliguri
11/1/2022,21.6,16.1,28.1,0,,1012.9,,Siliguri
12/1/2022,18.5,13.1,25.4,0,,1013.4,,Siliguri
1/1/2023,15.8,10.2,22.5,0,,1015.6,,Siliguri
2/1/2023,19.7,14,26.1,2.7,,1012.8,,Siliguri
3/1/2023,22.4,17,28.7,48.3,,1011.8,,Siliguri
4/1/2023,26.4,20.3,32.8,22.5,,1007.5,,Siliguri
5/1/2023,27.8,22.2,33.6,137,,1006.2,,Siliguri
6/1/2023,28.9,25.3,33.5,401.3,,1001.5,,Siliguri
7/1/2023,27.7,25,31.3,637.8,,1003.2,,Siliguri
8/1/2023,27.3,24.9,30.9,631.6,,1002.2,,Siliguri
9/1/2023,27.9,25.1,31.4,552.8,,1005.2,,Siliguri
10/1/2023,25.4,21.8,29.4,206.9,,1011,,Siliguri
11/1/2023,23.1,18.7,28.3,1.7,,1014.7,,Siliguri
12/1/2023,19.5,15.4,24.8,5.1,,1015.7,,Siliguri
1/1/2024,15.9,11.4,21.9,0.9,,1016.4,,Siliguri
2/1/2024,18.3,13.1,24.3,1.3,,1015.3,,Siliguri
3/1/2024,22.3,16.9,28.5,39.9,,1012,,Siliguri
4/1/2024,27.1,21.4,33.6,1.8,,1005.6,,Siliguri
5/1/2024,28.1,23.4,33.5,179,,1004.7,,Siliguri
6/1/2024,27.2,24.4,30.8,548.7,,1001.9,,Siliguri
7/1/2024,27.8,25.3,31.3,946.7,,1000.4,,Siliguri
8/1/2024,,,,,,,,Siliguri
9/1/2024,28.7,25.1,,502,,,,Siliguri
10/1/2024,25,21.9,28.9,115.2,,1010,,Siliguri
11/1/2024,22.9,19.2,27.8,2.5,,1013.5,,Siliguri
12/1/2024,18.6,14.4,24.3,,,1014.8,,Siliguri
1/1/2025,17.6,13.4,23.7,1.3,,1014.6,,Siliguri
2/1/2025,19.2,14.6,25,2.8,,1013.5,,Siliguri
3/1/2025,,,,,,,,Siliguri
4/1/2025,25.9,21,31.5,84.8,,1008.1,,Siliguri
5/1/2025,26.4,22.7,30.9,203.4,,1004.9,,Siliguri
6/1/2025,27.9,24.5,32.2,533.2,,1001.7,,Siliguri
7/1/2025,28.1,25,32.2,571.1,,1000.4,,Siliguri
8/1/2025,27.1,24.5,31,802.6,,1004.4,,Siliguri
9/1/2025,27.6,24.8,31.7,351.7,,1005.5,,Siliguri
10/1/2025,25.9,22.5,30.1,352.9,,1010.3,,Siliguri
11/1/2025,22.2,18,27.7,5.1,,1013.3,,Siliguri
12/1/2025,18.1,13.5,24.5,0,,1015.1,,Siliguri
1/1/2020,,,,,,,,Nashik
2/1/2020,,,,,,,,Nashik
3/1/2020,,,,,,,,Nashik
4/1/2020,,,,,,,,Nashik
5/1/2020,,,,,,,,Nashik
6/1/2020,,,,,,,,Nashik
7/1/2020,,,,,,,,Nashik
8/1/2020,,,,,,,,Nashik
9/1/2020,,,,,,,,Nashik
10/1/2020,,,,,,,,Nashik
11/1/2020,,,,,,,,Nashik
12/1/2020,,,,,,,,Nashik
1/1/2021,21.6,15.7,29.6,,,1012.9,,Nashik
2/1/2021,22,14.6,30.3,0.9,,1014.2,,Nashik
3/1/2021,26.6,18.2,35.1,0,,1011.6,,Nashik
4/1/2021,28.8,20.9,37,1.3,,1009.9,,Nashik
5/1/2021,28,22.5,34.5,41.2,,1006.8,,Nashik
6/1/2021,25.2,22.4,30.1,119.2,,1006.5,,Nashik
7/1/2021,24.7,22.5,28.5,298.7,,1004.7,,Nashik
8/1/2021,23.7,21.5,27.2,164.7,,1007.2,,Nashik
9/1/2021,23.6,21.6,27.1,396.6,,1006.2,,Nashik
10/1/2021,23.7,18.6,30.6,50,,1010.6,,Nashik
11/1/2021,23.1,17.7,29.4,19.3,,1011.8,,Nashik
12/1/2021,19.6,14.4,26.9,96.9,,1015.5,,Nashik
1/1/2022,18.4,12.2,25.9,3.6,,1014.6,,Nashik
2/1/2022,21.7,13.6,30.5,0,,1012.5,,Nashik
3/1/2022,27.4,19.3,35.5,0.7,,1010.4,,Nashik
4/1/2022,30.3,21.9,38.7,0.5,,1008.5,,Nashik
5/1/2022,29,22.8,36.7,,,1005.9,,Nashik
6/1/2022,26.5,22.5,32.5,125.1,,1005.3,,Nashik
7/1/2022,23.5,21.6,26.5,351.4,,1005,,Nashik
8/1/2022,23.8,21.6,27.3,196.2,,1005.1,,Nashik
9/1/2022,23.6,21.1,28.1,263.2,,1007.9,,Nashik
10/1/2022,23,18.5,29,68.4,,1011.8,,Nashik
11/1/2022,21.3,14,29.3,0,,1014.1,,Nashik
12/1/2022,21.6,15.2,29.7,12.4,,1013.6,,Nashik
1/1/2023,19.7,12.7,28.4,0.1,,1015.1,,Nashik
2/1/2023,23.2,13.5,32.6,0,,1013.7,,Nashik
3/1/2023,23.9,16.7,31.6,9.5,,1011.3,,Nashik
4/1/2023,27.6,20.1,35.3,0.1,,1008.6,,Nashik
5/1/2023,28.8,22.2,36,0.9,,1007.8,,Nashik
6/1/2023,27.2,23.1,32.7,125.4,,1005,,Nashik
7/1/2023,24,22.2,27,256.9,,1003.9,,Nashik
8/1/2023,23.9,21.8,27.5,56.8,,1007,,Nashik
9/1/2023,24.2,21.6,28.4,156.4,,1006.3,,Nashik
10/1/2023,24.9,19,31.9,0.7,,1011.4,,Nashik
11/1/2023,23.3,17.3,30,30.7,,1012.5,,Nashik
12/1/2023,21.3,15.9,28.3,0.8,,1013.4,,Nashik
1/1/2024,20.8,14.2,28.8,10.6,,1014.9,,Nashik
2/1/2024,23.1,15.4,31.4,0,,1014.9,,Nashik
3/1/2024,26.2,17.8,34.8,0.1,,1012.7,,Nashik
4/1/2024,30.4,22.5,38.1,0.2,,1009,,Nashik
5/1/2024,30.1,23.8,37.7,29.3,,1006.3,,Nashik
6/1/2024,26.6,23.2,32,124.8,,1005,,Nashik
7/1/2024,24.3,22.4,27.5,305.4,,1002.7,,Nashik
8/1/2024,,,,,,,,Nashik
9/1/2024,23.9,,,,,1007.6,,Nashik
10/1/2024,24.6,20.4,31,99.4,,1010.8,,Nashik
11/1/2024,22.4,15.4,29.5,0,,1013.9,,Nashik
12/1/2024,21.3,14.9,28.5,,,1013.8,,Nashik
1/1/2025,22.2,14.9,30.1,0.2,,1014,,Nashik
2/1/2025,24.9,15.9,33.2,0,,1014,,Nashik
3/1/2025,,,,,,,,Nashik
4/1/2025,30.2,22.4,38.4,7.2,,1008.7,,Nashik
5/1/2025,26.7,22.6,32.8,102.9,,1006.1,,Nashik
6/1/2025,24.9,22.1,29,208.4,,1004.5,,Nashik
7/1/2025,23.9,21.9,27,148.8,,1004.3,,Nashik
8/1/2025,23.7,21.7,27.4,198.9,,1006.6,,Nashik
9/1/2025,23.2,21.1,26.9,279.4,,1008.4,,Nashik
10/1/2025,23.9,20.3,28.8,85.6,,1010.7,,Nashik
11/1/2025,21.7,16.6,27.8,2.5,,1015,,Nashik
12/1/2025,20.1,14.1,27.4,0,,1015.7,,Nashik
1/1/2020,13.7,8,19.5,48,,1017.3,9420,Faridabad
2/1/2020,17,9.9,24.1,2,,1016.5,12120,Faridabad
3/1/2020,21.6,15,28.2,109,,1012.2,12420,Faridabad
4/1/2020,27.7,20.1,35.3,14,,1008.1,15420,Faridabad
5/1/2020,31.9,24.4,39.5,21,,1002.6,16080,Faridabad
6/1/2020,32.6,26.7,38.5,82,,998.9,13260,Faridabad
7/1/2020,31.5,26.8,36.3,237,,998.7,10740,Faridabad
8/1/2020,30.6,26.6,34.6,237,,998.3,9180,Faridabad
9/1/2020,31,25.7,36.2,21,,1002.6,13740,Faridabad
10/1/2020,25.9,17.2,34.5,0,,1008,13320,Faridabad
11/1/2020,19,10.2,27.8,1,,1016.3,6960,Faridabad
12/1/2020,15.2,7.1,23.4,2,,1016.7,8520,Faridabad
1/1/2021,13.1,7,19.2,57,,1016,6540,Faridabad
2/1/2021,18.6,10.6,27.9,2,,1014.2,12120,Faridabad
3/1/2021,25,17,33.2,4,,1010.1,,Faridabad
4/1/2021,28.1,18.7,37.5,3,,1007.1,13800,Faridabad
5/1/2021,30.4,23.3,37.5,144,,1003.1,11580,Faridabad
6/1/2021,32,25.8,38.1,35,,998.9,11700,Faridabad
7/1/2021,31.4,26.4,36.5,507,,998.1,10320,Faridabad
8/1/2021,30.8,26.3,35.2,214,,1000.5,9480,Faridabad
9/1/2021,29.4,25.5,33.2,413,,1003.7,9360,Faridabad
10/1/2021,26.8,20.5,33.1,123,,1008.6,15360,Faridabad
11/1/2021,19.9,11.9,27.8,0,,1013.7,10260,Faridabad
12/1/2021,15.3,8.2,22.4,9,,1018.2,7200,Faridabad
1/1/2022,13.1,8.2,18,88,,1016.3,3600,Faridabad
2/1/2022,17.2,10.2,24.2,29,,1013.3,12660,Faridabad
3/1/2022,25.3,17.6,32.9,0,,1009,14700,Faridabad
4/1/2022,31.2,22.2,40.2,0,,1004.2,13440,Faridabad
5/1/2022,33.1,26,40.1,45,,999.3,7260,Faridabad
6/1/2022,33.7,27.2,40.1,25,,997.9,9780,Faridabad
7/1/2022,31.2,27,35.5,286,,999.4,7980,Faridabad
8/1/2022,30.4,26.4,34.4,41,,1000.2,9660,Faridabad
9/1/2022,29.4,24.7,34.2,165,,1003.6,,Faridabad
10/1/2022,24.9,18.5,31.4,128,,1010.6,10500,Faridabad
11/1/2022,20.5,12.3,28.7,0,,1014.2,9000,Faridabad
12/1/2022,15.5,7.5,23.4,0,,1015.7,9660,Faridabad
1/1/2023,13.2,6.6,19.7,20,,1017.9,5340,Faridabad
2/1/2023,19.5,11.2,27.7,0,,1013.8,13380,Faridabad
3/1/2023,23.6,16.2,30.9,54,,1012,11400,Faridabad
4/1/2023,27.3,19.4,35.3,16,,1007.7,13740,Faridabad
5/1/2023,29.6,22.4,36.8,86,,1004.9,13740,Faridabad
6/1/2023,31.5,25.9,37.1,101,,999,11340,Faridabad
7/1/2023,30.7,26.7,34.8,383,,999.5,6240,Faridabad
8/1/2023,31.1,26.8,35.4,106,,1000.5,9420,Faridabad
9/1/2023,30.4,25.3,35.6,83,,1003.5,11040,Faridabad
10/1/2023,25.5,18.2,33.4,5,,1011.3,,Faridabad
11/1/2023,20.4,13.1,27.8,18,,1015.8,,Faridabad
12/1/2023,16.3,8.6,24.1,0,,1017.6,8520,Faridabad
1/1/2024,12.3,6.6,18.1,0,,1018.3,2460,Faridabad
2/1/2024,16.7,9.3,24.1,32,,1016.7,9840,Faridabad
3/1/2024,22.4,14.2,30.5,4,,1012.6,,Faridabad
4/1/2024,28.9,20.7,37,7,,1006.5,13860,Faridabad
5/1/2024,33.9,26.5,41.4,4,,1001,13860,Faridabad
6/1/2024,34.7,28.8,40.6,244,,997.7,8820,Faridabad
7/1/2024,31.5,27.6,35.9,203,,996.7,,Faridabad
8/1/2024,29.9,25.7,34.2,390,,1001,8040,Faridabad
9/1/2024,29.3,24.7,33.8,193,,1003.3,7140,Faridabad
10/1/2024,28.2,21.4,35.1,0,,1009.1,12780,Faridabad
11/1/2024,22.2,14.7,29.7,0,,1014.3,2520,Faridabad
12/1/2024,15.8,8.4,23.2,54,,1016.8,2520,Faridabad
1/1/2025,14.6,8.5,20.8,7,,1016.6,7560,Faridabad
2/1/2025,19.2,11.6,26.7,1,,1014.7,10800,Faridabad
3/1/2025,23.8,15.5,32,18,,1010.7,15780,Faridabad
4/1/2025,30.4,21.9,38.9,0.5,,1005,13320,Faridabad
5/1/2025,31.4,25.3,37.6,186,,1001.4,10320,Faridabad
6/1/2025,32.3,27.1,37.5,107,,998.3,7980,Faridabad
7/1/2025,30.3,26.1,34.5,259,,997.4,6720,Faridabad
8/1/2025,29.1,25.1,33.2,400,,1001.4,5820,Faridabad
9/1/2025,28.8,24,33.6,136,,1004,12060,Faridabad
10/1/2025,25.8,20.1,31.6,89,,1010.1,9420,Faridabad
11/1/2025,19.6,11.4,27.8,0,,1015.5,8820,Faridabad
12/1/2025,15,8.2,23,0,,1017.1,7380,Faridabad
1/1/2020,,,,,,,,Patiala
2/1/2020,,,,,,,,Patiala
3/1/2020,,,,,,,,Patiala
4/1/2020,,,,,,,,Patiala
5/1/2020,,,,,,,,Patiala
6/1/2020,,,,,,,,Patiala
7/1/2020,,,,,,,,Patiala
8/1/2020,,,,,,,,Patiala
9/1/2020,30,24.6,35.8,,,,,Patiala
10/1/2020,24.7,17.6,34.6,,,,,Patiala
11/1/2020,,,,,,,,Patiala
12/1/2020,,,,,,,,Patiala
1/1/2021,11.9,7.9,19,,,1016.4,,Patiala
2/1/2021,16.7,10.5,25.4,10,,1015.2,,Patiala
3/1/2021,22.8,16,31.4,4.8,,1011.1,,Patiala
4/1/2021,26.5,18.7,36.7,16.8,,1008.8,,Patiala
5/1/2021,29.1,22.4,37.8,53.9,,1004.4,,Patiala
6/1/2021,31,25.1,38.4,37.2,,1000.4,,Patiala
7/1/2021,30.5,26.6,36.1,223.5,,999.3,,Patiala
8/1/2021,29.8,26.2,34.8,74.2,,1001.8,,Patiala
9/1/2021,28.2,24.7,33.5,72,,1005.6,,Patiala
10/1/2021,25,19.6,33,47.7,,1009.4,,Patiala
11/1/2021,18,11.1,28.5,0,,1014.2,,Patiala
12/1/2021,13.2,7.5,22.3,8.3,,1018.9,,Patiala
1/1/2022,11.8,8.5,17.3,109.9,,1016.8,,Patiala
2/1/2022,14.7,8.7,22.6,24.6,,1014,,Patiala
3/1/2022,23.7,16.6,32.1,3,,1010,,Patiala
4/1/2022,30.5,21.3,40.7,0,,1005.1,,Patiala
5/1/2022,31.7,24.9,40,22,,1000.6,,Patiala
6/1/2022,32.7,26.3,40.3,52.4,,999.1,,Patiala
7/1/2022,30,26.6,35.3,304.2,,1001.4,,Patiala
8/1/2022,30.3,26.4,35.6,63.6,,1002,,Patiala
9/1/2022,28.6,24.8,34.3,124.6,,1005,,Patiala
10/1/2022,24.3,18.8,32.5,52.9,,1011.6,,Patiala
11/1/2022,18.7,12.5,28.8,0.2,,1015,,Patiala
12/1/2022,13.4,8.1,22,1.7,,1016.3,,Patiala
1/1/2023,11.3,6.6,18.4,22.8,,1018.8,,Patiala
2/1/2023,17.8,10.9,26.8,1.7,,1014.8,,Patiala
3/1/2023,21.4,15,30.2,106.9,,1013.4,,Patiala
4/1/2023,26.1,18.4,35.2,11.9,,1009.3,,Patiala
5/1/2023,28.7,21.1,37.8,66.8,,1006.2,,Patiala
6/1/2023,30.7,24.8,37.8,130.3,,1001.3,,Patiala
7/1/2023,29.6,26.1,34.5,492.9,,1001.4,,Patiala
8/1/2023,30.6,26.6,36.1,54.9,,1001.3,,Patiala
9/1/2023,28.9,24.8,35.6,137.3,,1004.9,,Patiala
10/1/2023,24,17.9,33,35.4,,1012,,Patiala
11/1/2023,19.1,13.3,29,5.4,,1016.5,,Patiala
12/1/2023,13.7,8.2,22.4,6.1,,1018.3,,Patiala
1/1/2024,9.3,5.6,15,1,,1019.2,,Patiala
2/1/2024,15.1,8.8,23.4,17.2,,1017.5,,Patiala
3/1/2024,20.7,13.5,29.1,23.4,,1013.5,,Patiala
4/1/2024,26.7,19,35.9,28.4,,1008.1,,Patiala
5/1/2024,33,25,41.5,6.1,,1002.5,,Patiala
6/1/2024,34.4,27.5,42,14.3,,999,,Patiala
7/1/2024,31,27.2,36.4,283.3,,998,,Patiala
8/1/2024,29.3,26,34.7,254.3,,,,Patiala
9/1/2024,28.5,24.7,34.4,,,1004.3,,Patiala
10/1/2024,26.1,20.1,34.5,0.5,,1009.9,,Patiala
11/1/2024,19.8,14.3,28.5,0,,1014.8,,Patiala
12/1/2024,13.3,7.7,22.1,,,1017.2,,Patiala
1/1/2025,12.7,7.8,20.1,11.9,,1017.1,,Patiala
2/1/2025,16.6,10.6,24.9,29,,1015.5,,Patiala
3/1/2025,21.1,15.4,29.9,,,,,Patiala
4/1/2025,29.1,21.1,38.4,8.3,,1006.4,,Patiala
5/1/2025,30.4,24.1,38.6,47.2,,1002.6,,Patiala
6/1/2025,31.3,26.1,38.1,136.4,,999.5,,Patiala
7/1/2025,29.4,26.4,34.1,176.6,,999,,Patiala
8/1/2025,28.4,25.8,32.8,258.2,,1002.5,,Patiala
9/1/2025,28.8,26.3,32.8,190.9,,1005,,Patiala
10/1/2025,24.2,20.4,31.1,64.9,,1011,,Patiala
11/1/2025,17,12.4,26.4,1.5,,1015.3,,Patiala
12/1/2025,13.4,9.6,20.2,0,,1016.8,,Patiala
1/1/2020,13.7,8,19.5,48,,1017.3,9420,Meerut
2/1/2020,17,9.9,24.1,2,,1016.5,12120,Meerut
3/1/2020,21.6,15,28.2,109,,1012.2,12420,Meerut
4/1/2020,27.7,20.1,35.3,14,,1008.1,15420,Meerut
5/1/2020,31.9,24.4,39.5,21,,1002.6,16080,Meerut
6/1/2020,32.6,26.7,38.5,82,,998.9,13260,Meerut
7/1/2020,31.5,26.8,36.3,237,,998.7,10740,Meerut
8/1/2020,30.6,26.6,34.6,237,,998.3,9180,Meerut
9/1/2020,31,25.7,36.2,21,,1002.6,13740,Meerut
10/1/2020,25.9,17.2,34.5,0,,1008,13320,Meerut
11/1/2020,19,10.2,27.8,1,,1016.3,6960,Meerut
12/1/2020,15.2,7.1,23.4,2,,1016.7,8520,Meerut
1/1/2021,12.7,8,19.5,57,,1015.8,6540,Meerut
2/1/2021,17.1,10.7,25.5,12.3,,1014.7,12120,Meerut
3/1/2021,23,15.9,31.3,1.6,,1010.5,,Meerut
4/1/2021,27.5,19.6,36.3,4.1,,1008,13800,Meerut
5/1/2021,28.5,23,35.2,162.6,,1004.2,11580,Meerut
6/1/2021,30.5,25.6,35.9,35.7,,1000.2,11700,Meerut
7/1/2021,30.3,27.1,34.4,331.3,,999.1,10320,Meerut
8/1/2021,29,25.8,33.5,145.1,,1001.6,9480,Meerut
9/1/2021,27.7,24.8,32.2,130.8,,1005.1,9360,Meerut
10/1/2021,24.7,19.7,30.8,154.3,,1008.9,15360,Meerut
11/1/2021,18.4,12.1,26.2,0,,1013.7,10260,Meerut
12/1/2021,14,8.8,21.6,12.8,,1018.1,7200,Meerut
1/1/2022,12.1,7.8,18.3,84.9,,1016.2,3600,Meerut
2/1/2022,15,9.4,22.4,44.2,,1013.4,12660,Meerut
3/1/2022,24.1,16.7,32.2,0.8,,1009.4,14700,Meerut
4/1/2022,31.1,22.4,39.9,0,,1004.6,13440,Meerut
5/1/2022,31.3,24.9,38.5,45,,1000.6,7260,Meerut
6/1/2022,33.2,27.1,39.7,15.7,,998.8,9780,Meerut
7/1/2022,29.4,26.1,33.9,206.1,,1001,7980,Meerut
8/1/2022,29.2,25.8,33.6,94.8,,1001.6,9660,Meerut
9/1/2022,28.3,24.6,33.3,166.9,,1004.6,,Meerut
10/1/2022,23.4,18.4,30,111.6,,1011.1,10500,Meerut
11/1/2022,19.1,13.7,26.7,1.2,,1014.4,9000,Meerut
12/1/2022,14.4,9.3,22.1,1,,1015.6,9660,Meerut
1/1/2023,11.8,7.2,18.9,28.4,,1018.1,5340,Meerut
2/1/2023,18.3,12,26.3,0,,1014.1,13380,Meerut
3/1/2023,21.7,15.5,29.2,71.5,,1012.8,11400,Meerut
4/1/2023,26.5,19.2,34.5,17.1,,1008.6,13740,Meerut
5/1/2023,28.4,21.9,35.7,63.5,,1005.8,13740,Meerut
6/1/2023,30.5,25.5,36.4,138.4,,1000.9,11340,Meerut
7/1/2023,28.7,25.6,32.8,285.5,,1001.1,6240,Meerut
8/1/2023,29.3,26,33.7,105.5,,1001.2,9420,Meerut
9/1/2023,28.3,24.4,33.6,67.7,,1004.5,11040,Meerut
10/1/2023,24.2,18.3,31.4,1,,1011.5,,Meerut
11/1/2023,19.3,13.8,26.4,19.4,,1016,,Meerut
12/1/2023,14.6,9.2,22.8,1.6,,1017.6,8520,Meerut
1/1/2024,10.7,5.8,18.3,26.5,,1018.4,2460,Meerut
2/1/2024,15.8,9.6,23.3,11.1,,1016.9,9840,Meerut
3/1/2024,21.5,14.6,29.3,49.7,,1012.9,,Meerut
4/1/2024,28.9,21.2,36.7,1.9,,1007.3,13860,Meerut
5/1/2024,33.7,26.5,41.7,2.5,,1002.1,13860,Meerut
6/1/2024,35,29.4,41.1,50,,998.8,8820,Meerut
7/1/2024,29.5,26.3,33.9,302,,997.9,,Meerut
8/1/2024,29.9,25.7,34.2,390,,1001,8040,Meerut
9/1/2024,29.3,24.7,33.8,193,,1003.3,7140,Meerut
10/1/2024,25.8,20.2,33.1,0,,1009.6,12780,Meerut
11/1/2024,19.9,14.7,27.4,0,,1014.5,2520,Meerut
12/1/2024,13.6,8.6,21.5,54,,1016.6,2520,Meerut
1/1/2025,12.9,8.1,20.5,24.7,,1016.6,7560,Meerut
2/1/2025,17,11.4,24.9,35.3,,1014.9,10800,Meerut
3/1/2025,23.8,15.5,32,18,,1010.7,15780,Meerut
4/1/2025,28.4,21.2,36.9,1.7,,1006.2,13320,Meerut
5/1/2025,29.3,23.9,35.8,8.3,,1002.6,10320,Meerut
6/1/2025,29.8,25.4,35.5,149.5,,999.6,7980,Meerut
7/1/2025,28.9,25.9,33.1,170.9,,998.8,6720,Meerut
8/1/2025,28.3,25.5,32.2,258.5,,1002.3,5820,Meerut
9/1/2025,27.9,24.3,32,103.6,,1004.9,12060,Meerut
10/1/2025,23.8,18.8,29.4,29.3,,1011,9420,Meerut
11/1/2025,17.2,11.7,24.3,0.1,,1015.3,8820,Meerut
12/1/2025,13.6,8.6,20.9,0.1,,1016.8,7380,Meerut
1/1/2020,24.9,19.2,29.9,0,,1013.4,13800,Kalyan-Dombivli
2/1/2020,27.3,21,32.6,0,,1012.7,11220,Kalyan-Dombivli
3/1/2020,27.7,22.6,31.9,0,,1011.2,12900,Kalyan-Dombivli
4/1/2020,30.2,26.4,33.9,0,,1009.6,14220,Kalyan-Dombivli
5/1/2020,31.1,28.6,34,0,,1007.3,15960,Kalyan-Dombivli
6/1/2020,29.2,26,32.3,525,,1003.7,8340,Kalyan-Dombivli
7/1/2020,28.1,25.4,30.5,1501.9,,1003.2,4620,Kalyan-Dombivli
8/1/2020,27.6,25,29.6,826.5,,1003.3,2760,Kalyan-Dombivli
9/1/2020,28.4,25.3,31.4,320,,1005.6,7080,Kalyan-Dombivli
10/1/2020,29.2,25.6,32.7,224,,1007.3,7920,Kalyan-Dombivli
11/1/2020,28.7,23.1,33.9,0,,1011.8,12720,Kalyan-Dombivli
12/1/2020,26.6,20.8,32.3,25,,1012,11400,Kalyan-Dombivli
1/1/2021,25.9,20.5,30.9,1,,1011.1,11100,Kalyan-Dombivli
2/1/2021,27.3,21.4,32.9,0,,1012.1,11280,Kalyan-Dombivli
3/1/2021,29.7,23.9,35,0,,1010,13200,Kalyan-Dombivli
4/1/2021,30,26.2,33.6,0,,1009.1,13620,Kalyan-Dombivli
5/1/2021,30.7,27.8,33.8,154.4,,1005.5,12000,Kalyan-Dombivli
6/1/2021,28.6,25.5,31.5,317,,1005.3,6360,Kalyan-Dombivli
7/1/2021,28.6,25.7,30.8,773.9,,1003.8,4800,Kalyan-Dombivli
8/1/2021,27.8,25.1,30,336.1,,1006.3,5520,Kalyan-Dombivli
9/1/2021,27.7,24.8,30.1,406.3,,1005.1,5820,Kalyan-Dombivli
10/1/2021,29.4,25.2,33.5,109,,1008.6,13620,Kalyan-Dombivli
11/1/2021,29.5,25,34.1,45.5,,1009.2,12720,Kalyan-Dombivli
12/1/2021,25.8,21,30.6,152,,1013.3,10080,Kalyan-Dombivli
1/1/2022,24.5,19.3,29.3,5.6,,1012.9,11940,Kalyan-Dombivli
2/1/2022,25.3,19.3,30.5,0,,1011.3,14220,Kalyan-Dombivli
3/1/2022,30,24.7,34.9,0,,1008.9,9240,Kalyan-Dombivli
4/1/2022,30.6,26.8,34.5,0.1,,1008,12120,Kalyan-Dombivli
5/1/2022,30.9,28.8,34,7,,1005.7,13080,Kalyan-Dombivli
6/1/2022,29.3,26.6,32.9,298.3,,1004.4,7860,Kalyan-Dombivli
7/1/2022,27.8,25.3,29.8,1185.2,,1004,3060,Kalyan-Dombivli
8/1/2022,27.7,25.1,30.3,550.9,,1004.2,5160,Kalyan-Dombivli
9/1/2022,27.5,24.7,30.2,528.4,,1006.6,5700,Kalyan-Dombivli
10/1/2022,28.4,24.5,32.4,165.5,,1009.8,11700,Kalyan-Dombivli
11/1/2022,27.9,21.9,33.6,0,,1011.7,12180,Kalyan-Dombivli
12/1/2022,27.3,21.8,32.5,6.2,,1011.4,10680,Kalyan-Dombivli
1/1/2023,24.4,18.7,29.5,0,,1013.4,11520,Kalyan-Dombivli
2/1/2023,28.1,20.6,34.2,0,,1012.4,13980,Kalyan-Dombivli
3/1/2023,28.9,23.6,33.5,21,,1011.2,12120,Kalyan-Dombivli
4/1/2023,30,25.8,33.8,15.3,,1009,14220,Kalyan-Dombivli
5/1/2023,30.8,28.3,33.6,0.6,,1008.8,17220,Kalyan-Dombivli
6/1/2023,30.4,27.8,33.7,561.1,,1005.7,11460,Kalyan-Dombivli
7/1/2023,27.8,25.3,29.4,1768.9,,1004.7,1680,Kalyan-Dombivli
8/1/2023,28.6,26.3,30.8,187.3,,1007.9,7140,Kalyan-Dombivli
9/1/2023,28.2,25.2,31,483.8,,1006.6,6660,Kalyan-Dombivli
10/1/2023,30.2,25.8,34.5,13,,1011,10200,Kalyan-Dombivli
11/1/2023,29.4,24.3,34.4,7.1,,1011.7,11040,Kalyan-Dombivli
12/1/2023,27.9,22.8,32.9,0,,1012.3,10140,Kalyan-Dombivli
1/1/2024,26.3,19.9,31.3,1.1,,1013.2,12240,Kalyan-Dombivli
2/1/2024,27.1,20.6,32.6,0,,1013.5,14700,Kalyan-Dombivli
3/1/2024,28.3,23.2,32.8,0.1,,1011.9,14340,Kalyan-Dombivli
4/1/2024,30.7,26.6,34.7,0,,1008.2,14340,Kalyan-Dombivli
5/1/2024,31.1,28.6,34.2,1.4,,1005.9,,Kalyan-Dombivli
6/1/2024,29.7,27.2,33.2,351.3,,1004,6780,Kalyan-Dombivli
7/1/2024,27.5,25.3,29.8,1663.8,,1002.1,1020,Kalyan-Dombivli
8/1/2024,28.2,26.3,30.9,390.5,,1005.7,5700,Kalyan-Dombivli
9/1/2024,27.7,25.2,30.6,659.3,,1006.5,8040,Kalyan-Dombivli
10/1/2024,29.3,25.6,33.3,112,,1008.8,11040,Kalyan-Dombivli
11/1/2024,28.4,22.6,34.1,0.5,,1011.2,10560,Kalyan-Dombivli
12/1/2024,26.2,20.6,32,0,,1011.7,8040,Kalyan-Dombivli
1/1/2025,26.2,20,32.2,0,,1011.9,11100,Kalyan-Dombivli
2/1/2025,28,21.2,34,0,,1012.2,13560,Kalyan-Dombivli
3/1/2025,29.3,24.2,34.4,0,,1010,13680,Kalyan-Dombivli
4/1/2025,30.2,26.7,34.1,0.7,,1008.2,13800,Kalyan-Dombivli
5/1/2025,29.5,25.8,32.9,237,,1005,10140,Kalyan-Dombivli
6/1/2025,28.6,26.2,31.4,510.9,,1003.6,5460,Kalyan-Dombivli
7/1/2025,28.1,26,30,801.7,,1003.5,2760,Kalyan-Dombivli
8/1/2025,27.4,25.5,29.5,1098,,1005.7,4500,Kalyan-Dombivli
9/1/2025,27,25.4,29,480.7,,1007.2,4020,Kalyan-Dombivli
10/1/2025,29.1,26.3,32.8,122.4,,1008,10800,Kalyan-Dombivli
11/1/2025,27.8,24.3,32,9,,1012.5,11880,Kalyan-Dombivli
12/1/2025,27,22.8,32.1,0,,1012.9,11700,Kalyan-Dombivli
1/1/2020,24.9,19.2,29.9,0,,1013.4,13800,Vasai-Virar
2/1/2020,27.3,21,32.6,0,,1012.7,11220,Vasai-Virar
3/1/2020,27.7,22.6,31.9,0,,1011.2,12900,Vasai-Virar
4/1/2020,30.2,26.4,33.9,0,,1009.6,14220,Vasai-Virar
5/1/2020,31.1,28.6,34,0,,1007.3,15960,Vasai-Virar
6/1/2020,29.2,26,32.3,525,,1003.7,8340,Vasai-Virar
7/1/2020,28.1,25.4,30.5,1501.9,,1003.2,4620,Vasai-Virar
8/1/2020,27.6,25,29.6,826.5,,1003.3,2760,Vasai-Virar
9/1/2020,28.4,25.3,31.4,320,,1005.6,7080,Vasai-Virar
10/1/2020,29.2,25.6,32.7,224,,1007.3,7920,Vasai-Virar
11/1/2020,28.7,23.1,33.9,0,,1011.8,12720,Vasai-Virar
12/1/2020,26.6,20.8,32.3,25,,1012,11400,Vasai-Virar
1/1/2021,25.9,20.5,30.9,1,,1011.1,11100,Vasai-Virar
2/1/2021,27.3,21.4,32.9,0,,1012.1,11280,Vasai-Virar
3/1/2021,29.7,23.9,35,0,,1010,13200,Vasai-Virar
4/1/2021,30,26.2,33.6,0,,1009.1,13620,Vasai-Virar
5/1/2021,30.7,27.8,33.8,154.4,,1005.5,12000,Vasai-Virar
6/1/2021,28.6,25.5,31.5,317,,1005.3,6360,Vasai-Virar
7/1/2021,28.6,25.7,30.8,773.9,,1003.8,4800,Vasai-Virar
8/1/2021,27.8,25.1,30,295.1,,1006.3,5520,Vasai-Virar
9/1/2021,27.7,24.8,30.1,436.9,,1005.1,5820,Vasai-Virar
10/1/2021,29.4,25.2,33.5,31.8,,1008.6,13620,Vasai-Virar
11/1/2021,29.5,25,34.1,50.1,,1009.2,12720,Vasai-Virar
12/1/2021,25.8,21,30.6,103.3,,1013.3,10080,Vasai-Virar
1/1/2022,24.5,19.3,29.3,9.6,,1012.9,11940,Vasai-Virar
2/1/2022,25.3,19.3,30.5,0,,1011.3,14220,Vasai-Virar
3/1/2022,30,24.7,34.9,0.1,,1008.9,9240,Vasai-Virar
4/1/2022,30.6,26.8,34.5,0,,1008,12120,Vasai-Virar
5/1/2022,30.9,28.8,34,7,,1005.7,13080,Vasai-Virar
6/1/2022,29.3,26.6,32.9,298.3,,1004.4,7860,Vasai-Virar
7/1/2022,27.8,25.3,29.8,1185.2,,1004,3060,Vasai-Virar
8/1/2022,27.7,25.1,30.3,550.9,,1004.2,5160,Vasai-Virar
9/1/2022,27.5,24.7,30.2,528.4,,1006.6,5700,Vasai-Virar
10/1/2022,28.4,24.5,32.4,165.5,,1009.8,11700,Vasai-Virar
11/1/2022,27.9,21.9,33.6,0,,1011.7,12180,Vasai-Virar
12/1/2022,27.3,21.8,32.5,6.2,,1011.4,10680,Vasai-Virar
1/1/2023,24.4,18.7,29.5,0,,1013.4,11520,Vasai-Virar
2/1/2023,28.1,20.6,34.2,0,,1012.4,13980,Vasai-Virar
3/1/2023,28.9,23.6,33.5,21,,1011.2,12120,Vasai-Virar
4/1/2023,30,25.8,33.8,15.3,,1009,14220,Vasai-Virar
5/1/2023,30.8,28.3,33.6,0.6,,1008.8,17220,Vasai-Virar
6/1/2023,30.4,27.8,33.7,561.1,,1005.7,11460,Vasai-Virar
7/1/2023,27.8,25.3,29.4,1768.9,,1004.7,1680,Vasai-Virar
8/1/2023,28.6,26.3,30.8,187.3,,1007.9,7140,Vasai-Virar
9/1/2023,28.2,25.2,31,483.8,,1006.6,6660,Vasai-Virar
10/1/2023,30.2,25.8,34.5,13,,1011,10200,Vasai-Virar
11/1/2023,29.4,24.3,34.4,7.1,,1011.7,11040,Vasai-Virar
12/1/2023,27.9,22.8,32.9,0,,1012.3,10140,Vasai-Virar
1/1/2024,26.3,19.9,31.3,1.1,,1013.2,12240,Vasai-Virar
2/1/2024,27.1,20.6,32.6,0,,1013.5,14700,Vasai-Virar
3/1/2024,28.3,23.2,32.8,0.1,,1011.9,14340,Vasai-Virar
4/1/2024,30.7,26.6,34.7,0,,1008.2,14340,Vasai-Virar
5/1/2024,31.1,28.6,34.2,1.4,,1005.9,,Vasai-Virar
6/1/2024,29.7,27.2,33.2,351.3,,1004,6780,Vasai-Virar
7/1/2024,27.5,25.3,29.8,1663.8,,1002.1,1020,Vasai-Virar
8/1/2024,28.2,26.3,30.9,390.5,,1005.7,5700,Vasai-Virar
9/1/2024,27.7,25.2,30.6,659.3,,1006.5,8040,Vasai-Virar
10/1/2024,29.3,25.6,33.3,112,,1008.8,11040,Vasai-Virar
11/1/2024,28.4,22.6,34.1,0.5,,1011.2,10560,Vasai-Virar
12/1/2024,26.2,20.6,32,0,,1011.7,8040,Vasai-Virar
1/1/2025,26.2,20,32.2,0,,1011.9,11100,Vasai-Virar
2/1/2025,28,21.2,34,0,,1012.2,13560,Vasai-Virar
3/1/2025,29.3,24.2,34.4,0,,1010,13680,Vasai-Virar
4/1/2025,30.2,26.7,34.1,0,,1008.2,13800,Vasai-Virar
5/1/2025,29.5,25.8,32.9,237,,1005,10140,Vasai-Virar
6/1/2025,28.6,26.2,31.4,510.9,,1003.6,5460,Vasai-Virar
7/1/2025,28.1,26,30,801.7,,1003.5,2760,Vasai-Virar
8/1/2025,27.4,25.5,29.5,1098,,1005.7,4500,Vasai-Virar
9/1/2025,27,25.4,29,480.7,,1007.2,4020,Vasai-Virar
10/1/2025,29.1,26.3,32.8,170.2,,1008,10800,Vasai-Virar
11/1/2025,27.8,24.3,32,9.2,,1012.5,11880,Vasai-Virar
12/1/2025,27,22.8,32.1,0,,1012.9,11700,Vasai-Virar
1/1/2020,,,,,,,,Varanasi
2/1/2020,,,,,,,,Varanasi
3/1/2020,,,,,,,,Varanasi
4/1/2020,,,,,,,,Varanasi
5/1/2020,,,,,,,,Varanasi
6/1/2020,,,,,,,,Varanasi
7/1/2020,,,,,,,,Varanasi
8/1/2020,,,,,,,,Varanasi
9/1/2020,,,,,,,,Varanasi
10/1/2020,,,,,,,,Varanasi
11/1/2020,,,,,,,,Varanasi
12/1/2020,,,,,,,,Varanasi
1/1/2021,16,10.4,22.7,,,1015.2,,Varanasi
2/1/2021,20,12.9,27.7,1.7,,1014.4,,Varanasi
3/1/2021,26.4,18.9,34.4,0,,1010.1,,Varanasi
4/1/2021,30.7,22,39.3,3.4,,1007.2,,Varanasi
5/1/2021,30,24.2,35.9,143.2,,1004,,Varanasi
6/1/2021,29.8,25.7,34.7,242.2,,1000.2,,Varanasi
7/1/2021,30.3,26.4,34.8,254.3,,999.6,,Varanasi
8/1/2021,29.4,25.1,33.5,254.2,,1002.1,,Varanasi
9/1/2021,28.8,24.8,33,272,,1004.3,,Varanasi
10/1/2021,26.5,21.6,32.3,88.4,,1008.6,,Varanasi
11/1/2021,20.9,14.5,28,0,,1013.4,,Varanasi
12/1/2021,17.1,11.5,23.8,24.8,,1017.3,,Varanasi
1/1/2022,15.1,9.8,20.9,20,,1016.2,,Varanasi
2/1/2022,18.1,11.7,25.5,5.5,,1013.2,,Varanasi
3/1/2022,26.4,18.7,34.8,0,,1008.9,,Varanasi
4/1/2022,32.7,24.2,41.7,0,,1004.5,,Varanasi
5/1/2022,33.2,26.6,40.4,,,1000.8,,Varanasi
6/1/2022,33.8,27.9,40.7,201.9,,999.2,,Varanasi
7/1/2022,31.3,27.1,36.2,274.8,,1000.4,,Varanasi
8/1/2022,29.9,26.3,34.7,273.2,,1001.1,,Varanasi
9/1/2022,28.8,25.5,33.7,204.1,,1004.6,,Varanasi
10/1/2022,25.7,21.4,31.7,175.3,,1010.8,,Varanasi
11/1/2022,20.9,15.5,27.9,0,,1014.2,,Varanasi
12/1/2022,17.1,11.6,24.5,1.4,,1015,,Varanasi
1/1/2023,15,9.9,22,19.1,,1017.2,,Varanasi
2/1/2023,20.2,13.7,27.7,0,,1013.9,,Varanasi
3/1/2023,24.7,18.3,32.3,90.1,,1012.2,,Varanasi
4/1/2023,29.5,22.5,37,10.2,,1007.9,,Varanasi
5/1/2023,31.7,24.8,38.8,25.3,,1005.2,,Varanasi
6/1/2023,34.6,28.7,40,130.5,,999.7,,Varanasi
7/1/2023,30.9,27.2,35.3,208.6,,1000.6,,Varanasi
8/1/2023,29.3,26.3,32.9,196.6,,1001.6,,Varanasi
9/1/2023,28.8,25.9,33.1,202.9,,1003.7,,Varanasi
10/1/2023,25.8,21.3,31.7,145.4,,1011,,Varanasi
11/1/2023,22,17,28.2,16.2,,1015.3,,Varanasi
12/1/2023,17.2,12.4,23.5,18.5,,1017,,Varanasi
1/1/2024,13.6,9,19.9,10.5,,1017.9,,Varanasi
2/1/2024,18.5,13,25.5,35.2,,1016.4,,Varanasi
3/1/2024,23.2,16.4,31.1,12.6,,1012.4,,Varanasi
4/1/2024,31.4,24.4,39.3,0,,1006.3,,Varanasi
5/1/2024,33.8,27,40.7,10.6,,1002.4,,Varanasi
6/1/2024,35.7,29.3,42,86.1,,998.9,,Varanasi
7/1/2024,31.1,27.3,35.8,238.5,,997.9,,Varanasi
8/1/2024,29.8,26.4,34.3,293.7,,,,Varanasi
9/1/2024,29.3,26,34.1,,,1003.3,,Varanasi
10/1/2024,27.4,23.5,33.2,14,,1009.6,,Varanasi
11/1/2024,22.6,17.2,29,0,,1014.2,,Varanasi
12/1/2024,17.6,11.9,24.4,,,1015.8,,Varanasi
1/1/2025,15.4,10.6,22.4,2.3,,1016.2,,Varanasi
2/1/2025,21.1,14.4,28.3,0.4,,1014.1,,Varanasi
3/1/2025,24.7,,33.2,,,,,Varanasi
4/1/2025,30.9,23.2,38.8,1.8,,1006.4,,Varanasi
5/1/2025,33.2,26.9,40.1,32.9,,1002.5,,Varanasi
6/1/2025,33,28,38.7,134.5,,999.5,,Varanasi
7/1/2025,29.9,26.6,34.4,532.6,,998.5,,Varanasi
8/1/2025,29.1,26.1,32.9,347.4,,1002.4,,Varanasi
9/1/2025,28.5,25.8,32.3,220.3,,1004.2,,Varanasi
10/1/2025,26,22.5,30.3,127.5,,1009.9,,Varanasi
11/1/2025,19.9,14.6,26.4,0.3,,1014.7,,Varanasi
12/1/2025,15.7,10.6,22.1,0,,1016.4,,Varanasi
1/1/2020,1.9,-1.8,5.7,136,,1022.2,3240,Srinagar
2/1/2020,6.1,-0.3,12.6,7,,1021.1,10080,Srinagar
3/1/2020,9.7,4.1,15.3,93,,1016.7,6120,Srinagar
4/1/2020,14.3,7.8,20.8,64,,1015.2,8220,Srinagar
5/1/2020,18,11.1,24.9,38,,,11460,Srinagar
6/1/2020,21.7,14.3,29.1,47,,,13440,Srinagar
7/1/2020,24.5,17.3,31.8,9,,,14820,Srinagar
8/1/2020,25,18.9,31,124,,1008.2,10800,Srinagar
9/1/2020,20.1,12.5,28.5,23,,1014.5,12960,Srinagar
10/1/2020,14.4,4.1,24.7,0,,1016.8,15060,Srinagar
11/1/2020,7.3,0.5,14.1,21,,1022.2,5340,Srinagar
12/1/2020,3.9,-1.8,9.6,49,,1021.7,5520,Srinagar
1/1/2021,0.6,-4.5,5.7,151,,1024.1,5220,Srinagar
2/1/2021,6.9,0.9,12.9,25,,1022.8,8520,Srinagar
3/1/2021,10.4,5.4,15.4,147,,1019.9,7200,Srinagar
4/1/2021,13.1,7.3,19,126,,1017.7,8100,Srinagar
5/1/2021,18.3,12.1,24.5,52,,1012,9900,Srinagar
6/1/2021,22.4,15.6,29.3,19,,1006.1,13380,Srinagar
7/1/2021,24.7,19.5,30,51,,1003.5,10380,Srinagar
8/1/2021,23.8,17.5,30.1,23,,1005.6,13380,Srinagar
9/1/2021,22.7,15.7,29.5,44,,1009.4,12420,Srinagar
10/1/2021,15,8.7,21.4,58,,1016,10980,Srinagar
11/1/2021,7.7,0.7,14.7,3,,1019.7,3720,Srinagar
12/1/2021,4.3,-1.8,10.4,21,,1025.6,,Srinagar
1/1/2022,3.5,-0.1,7.2,99,,1024.1,4440,Srinagar
2/1/2022,5.7,0.3,11.1,101,,1021.4,7260,Srinagar
3/1/2022,13.5,6.7,20.4,16,,1019.7,11040,Srinagar
4/1/2022,17.2,9.9,24.4,36,,1015.4,12480,Srinagar
5/1/2022,19.6,13.4,26.2,50,,1009.4,13380,Srinagar
6/1/2022,21.4,15.1,27.7,108,,1006.9,11880,Srinagar
7/1/2022,25,20.6,29.4,122,,1005.4,7500,Srinagar
8/1/2022,24.6,19.7,29.5,108,,1006.2,,Srinagar
9/1/2022,22,15.1,28.9,36,,1008.9,14040,Srinagar
10/1/2022,14.9,7,22.7,25,,1017.3,12480,Srinagar
11/1/2022,8.2,2.3,14,73,,1023.6,6240,Srinagar
12/1/2022,4,-2.5,10.6,7,,1022,5280,Srinagar
1/1/2023,3,-1.1,7.1,90,,1025.9,4320,Srinagar
2/1/2023,7.4,1.8,13,40,,1023.7,6000,Srinagar
3/1/2023,11.9,5.3,18.4,27,,1019.8,8640,Srinagar
4/1/2023,13.5,7.3,19.8,146,,1016.9,8460,Srinagar
5/1/2023,16.5,10.6,22.4,86,,1014.3,,Srinagar
6/1/2023,22.7,16.4,28.9,62,,1006.9,13020,Srinagar
7/1/2023,23.5,18.5,28.5,187,,1005.7,10440,Srinagar
8/1/2023,24.7,17.9,31.4,9,,1004.1,13920,Srinagar
9/1/2023,22.6,15.1,30,28,,1008.6,13740,Srinagar
10/1/2023,14.9,7.2,22.5,44,,1017.7,11400,Srinagar
11/1/2023,8.7,2.1,15.3,37,,1022.3,4860,Srinagar
12/1/2023,4.2,-2,10.4,17,,1024.8,4320,Srinagar
1/1/2024,2.6,-3.2,11.7,3,,1021.4,6840,Srinagar
2/1/2024,4.6,-1,10.2,88,,1025.6,7800,Srinagar
3/1/2024,10.4,4.1,16.6,156,,1020.3,9120,Srinagar
4/1/2024,13.4,7.6,19.2,204,,1016.4,9300,Srinagar
5/1/2024,19.8,12.3,27.2,15,,1011.5,14640,Srinagar
6/1/2024,22,15.1,28.9,25,,1007.5,11460,Srinagar
7/1/2024,26.8,20.7,32.9,9,,1000.6,11940,Srinagar
8/1/2024,24.6,19.6,29.5,124,,1004.3,9360,Srinagar
9/1/2024,22.6,15.6,29.6,45,,1007,12240,Srinagar
10/1/2024,15.6,8.7,25.5,3,,1015.1,12960,Srinagar
11/1/2024,10.1,3.1,17,9,,1020,6180,Srinagar
12/1/2024,2.3,-3.5,8.2,23,,1023.2,2460,Srinagar
1/1/2025,3.4,-2.4,9.2,21,,1022.9,7380,Srinagar
2/1/2025,7,1,13.1,66,,1021.3,7620,Srinagar
3/1/2025,10.1,4.2,16.5,85,,1018.6,9660,Srinagar
4/1/2025,15.9,8.5,23.4,76,,1015.2,12420,Srinagar
5/1/2025,20.8,14.1,27.4,97,,1009.2,12720,Srinagar
6/1/2025,24.4,18.2,30.7,37,,1004.6,13080,Srinagar
7/1/2025,25.8,20.7,30.8,106,,1002.4,9300,Srinagar
8/1/2025,24.5,19.2,29.9,77,,1005.7,10260,Srinagar
9/1/2025,22.1,15.3,28.9,61,,1009.1,12840,Srinagar
10/1/2025,15.5,7.3,23.7,29,,1016.3,13080,Srinagar
11/1/2025,7.9,-0.8,16.7,8,,1019.8,8220,Srinagar
12/1/2025,5.4,-0.7,11.4,16,,1021.1,9540,Srinagar
1/1/2020,,,,,,,,Dhanbad
2/1/2020,,,,,,,,Dhanbad
3/1/2020,,,,,,,,Dhanbad
4/1/2020,,,,,,,,Dhanbad
5/1/2020,,,,,,,,Dhanbad
6/1/2020,,,,,,,,Dhanbad
7/1/2020,,,,,,,,Dhanbad
8/1/2020,,,,,,,,Dhanbad
9/1/2020,,,,,,,,Dhanbad
10/1/2020,,,,,,,,Dhanbad
11/1/2020,,,,,,,,Dhanbad
12/1/2020,,,,,,,,Dhanbad
1/1/2021,18.8,12.1,27.7,,,1014.1,,Dhanbad
2/1/2021,21.2,13.8,30.1,2.4,,1013.9,,Dhanbad
3/1/2021,26.9,19.2,35.5,0.5,,1010,,Dhanbad
4/1/2021,30.2,23.2,38.1,7.2,,1007.6,,Dhanbad
5/1/2021,29.2,25,35.7,192,,1004.8,,Dhanbad
6/1/2021,28.6,25.6,32.7,274.7,,1001.6,,Dhanbad
7/1/2021,28,25.4,31.7,510.7,,1000.7,,Dhanbad
8/1/2021,27.6,24.8,31.5,240.9,,1003.8,,Dhanbad
9/1/2021,26.7,24.2,30.4,353.1,,1005.1,,Dhanbad
10/1/2021,26.3,22.8,30.9,140.1,,1008.8,,Dhanbad
11/1/2021,21.7,16.9,27.8,38.7,,1012.7,,Dhanbad
12/1/2021,18.9,13.9,26.3,154.2,,1016.2,,Dhanbad
1/1/2022,16.9,12.1,23.4,20.5,,1015.2,,Dhanbad
2/1/2022,19.1,12.5,27.1,33.5,,1013,,Dhanbad
3/1/2022,26.3,19.2,34.5,0,,1008.8,,Dhanbad
4/1/2022,31.2,24.8,39.7,18.1,,1005.3,,Dhanbad
5/1/2022,29.6,25.2,36.2,,,1002.4,,Dhanbad
6/1/2022,29.8,26.3,35,143.2,,1001,,Dhanbad
7/1/2022,28,24,32.5,142.7,,1001.8,,Dhanbad
8/1/2022,27.4,24.7,31.5,346.4,,1002.3,,Dhanbad
9/1/2022,26.9,24.6,31.1,307.7,,1005.7,,Dhanbad
10/1/2022,25.6,22,30.9,147.5,,1010.6,,Dhanbad
11/1/2022,22.4,16.8,29.6,0,,1013.5,,Dhanbad
12/1/2022,19.6,13.4,27.9,0,,1014,,Dhanbad
1/1/2023,19.1,12.4,27.8,0,,1015.9,,Dhanbad
2/1/2023,22.6,14.6,32,0,,1013.6,,Dhanbad
3/1/2023,25.9,19.5,34,62.8,,1012,,Dhanbad
4/1/2023,30.1,23.2,38.2,10.3,,1007.9,,Dhanbad
5/1/2023,30.5,24.9,38,43.3,,1006,,Dhanbad
6/1/2023,31.9,27.4,38.2,115,,1001.5,,Dhanbad
7/1/2023,28.4,25.5,32.9,181.9,,1002.3,,Dhanbad
8/1/2023,27.9,25.5,32,258,,1003.1,,Dhanbad
9/1/2023,27.2,24.9,31.7,357.5,,1004.5,,Dhanbad
10/1/2023,26.3,21.7,33,116.1,,1011.1,,Dhanbad
11/1/2023,23.2,17.9,30.2,7.7,,1014.7,,Dhanbad
12/1/2023,19.2,14.2,26.3,70,,1016,,Dhanbad
1/1/2024,17,11.1,24.4,5.2,,1016.6,,Dhanbad
2/1/2024,21.1,14.6,29.2,7.5,,1015.6,,Dhanbad
3/1/2024,25.5,18.5,34.2,51.4,,1012,,Dhanbad
4/1/2024,31.9,24.7,39.4,1.7,,1007.1,,Dhanbad
5/1/2024,31.6,25.7,40.4,95.2,,1004.1,,Dhanbad
6/1/2024,31.4,27,38.2,157.8,,1001.4,,Dhanbad
7/1/2024,28,25.5,32.3,284.4,,1000.2,,Dhanbad
8/1/2024,,,,,,,,Dhanbad
9/1/2024,28.1,,,,,1002.9,,Dhanbad
10/1/2024,27.1,23.5,32.8,124.1,,1009.8,,Dhanbad
11/1/2024,23.9,18.3,30.6,0.1,,1013.8,,Dhanbad
12/1/2024,18.4,13.1,24.9,,,1015.2,,Dhanbad
1/1/2025,20.4,13.1,30.4,0,,1014.9,,Dhanbad
2/1/2025,24.6,17,34.5,17.2,,1013.8,,Dhanbad
3/1/2025,,,,,,,,Dhanbad
4/1/2025,30.8,23.9,40.5,83.9,,1007.7,,Dhanbad
5/1/2025,30.1,25.4,37.4,123.4,,1004,,Dhanbad
6/1/2025,29.2,25.7,34.6,328,,1001.3,,Dhanbad
7/1/2025,27.7,25.2,31.9,445.1,,1000.1,,Dhanbad
8/1/2025,27.5,24.9,31.6,223.8,,1004.1,,Dhanbad
9/1/2025,27.4,25,31.8,216.3,,1005.5,,Dhanbad
10/1/2025,27.3,23.4,32.5,123,,1010,,Dhanbad
11/1/2025,22.6,17,29.2,0.3,,1014.2,,Dhanbad
12/1/2025,19.3,12.5,27.7,0,,1015.9,,Dhanbad
1/1/2020,15.6,9.4,21.7,2,,1016.7,,Jodhpur
2/1/2020,20.5,12.1,28.9,0,,1015.6,,Jodhpur
3/1/2020,24.3,17.7,31,21,,1011.2,,Jodhpur
4/1/2020,31.5,24.1,38.9,15,,1007.6,,Jodhpur
5/1/2020,35,28.1,41.9,32,,1002.8,,Jodhpur
6/1/2020,34.7,29.3,40.2,19,,999.5,,Jodhpur
7/1/2020,32.6,28.1,38,32,,999.1,,Jodhpur
8/1/2020,30.6,27.1,34,130,,998,,Jodhpur
9/1/2020,30.6,26,35.3,113,,1003.9,,Jodhpur
10/1/2020,28.6,21.3,35.8,29,,1008.1,,Jodhpur
11/1/2020,22.1,14.2,30,0,,1015.6,,Jodhpur
12/1/2020,19.1,11.1,27.2,0,,1016,,Jodhpur
1/1/2021,17.5,9.4,25.6,0,,1015,,Jodhpur
2/1/2021,21.8,12.7,31,0,,1013.8,,Jodhpur
3/1/2021,27.8,20,36,0.5,,1009.8,,Jodhpur
4/1/2021,31.6,23.7,39.5,0,,1007.3,,Jodhpur
5/1/2021,32.8,27.1,39,49,,1002.8,,Jodhpur
6/1/2021,33.8,28.5,39.1,19,,1000,,Jodhpur
7/1/2021,32.8,28.7,36.9,52,,998.2,,Jodhpur
8/1/2021,32,27.6,36.3,23,,1001.4,,Jodhpur
9/1/2021,30.7,26.7,34.7,74,,1002.4,,Jodhpur
10/1/2021,28.6,22.3,34.9,0,,1009,,Jodhpur
11/1/2021,23.4,15.3,31.4,0,,1013.1,,Jodhpur
12/1/2021,18.7,12.1,25.4,11,,1017.4,,Jodhpur
1/1/2022,16.2,9.8,22.7,19,,1015.4,,Jodhpur
2/1/2022,21.2,13.2,29.2,0,,1012,,Jodhpur
3/1/2022,28.9,20.6,37.1,0,,1009,,Jodhpur
4/1/2022,33.6,25.5,41.7,0,,1004.8,,Jodhpur
5/1/2022,35.9,29.8,42,0,,1000,,Jodhpur
6/1/2022,35,29.6,40.5,13,,999.1,,Jodhpur
7/1/2022,30.6,27.3,33.9,359,,999.3,,Jodhpur
8/1/2022,29.3,26,32.6,174,,1000.3,,Jodhpur
9/1/2022,30.9,26.2,35.6,4,,1004.3,,Jodhpur
10/1/2022,28.3,21.1,35.5,0,,1010.4,,Jodhpur
11/1/2022,23.5,15,32,0,,1014.4,,Jodhpur
12/1/2022,19.5,11.5,27.4,0,,1015.4,,Jodhpur
1/1/2023,16.6,9.4,23.8,6,,1017.2,,Jodhpur
2/1/2023,22.4,13,31.8,0,,1014.1,,Jodhpur
3/1/2023,26.2,19.3,33.2,10,,1011.2,,Jodhpur
4/1/2023,29.7,22.6,36.8,21,,1007.6,,Jodhpur
5/1/2023,32.3,25.7,38.9,88,,1005.1,,Jodhpur
6/1/2023,31.6,27,36.1,224,,1000.9,,Jodhpur
7/1/2023,31.4,27.6,35.2,164,,999.6,,Jodhpur
8/1/2023,29.8,26.3,33.3,12,,1002.6,,Jodhpur
9/1/2023,31.1,26.4,35.8,70,,1003.6,,Jodhpur
10/1/2023,28.7,22,35.3,11,,1011.4,,Jodhpur
11/1/2023,23.7,17,30.5,15,,1015,,Jodhpur
12/1/2023,19.9,12.5,27.3,0,,1016.6,,Jodhpur
1/1/2024,17.7,9.9,25.5,0,,1016.6,,Jodhpur
2/1/2024,21,14.3,27.7,9,,1015.6,,Jodhpur
3/1/2024,26,18.6,33.3,2,,1011.7,,Jodhpur
4/1/2024,30.9,23.9,37.9,4,,1006.6,,Jodhpur
5/1/2024,36.4,29.4,43.5,4,,1001.6,,Jodhpur
6/1/2024,35.1,30.6,40.8,41,,999.4,,Jodhpur
7/1/2024,33.3,28.9,37.7,87,,996.2,,Jodhpur
8/1/2024,29.1,26.3,31.9,269,,1001.2,,Jodhpur
9/1/2024,30.6,26.3,34.9,140,,1003.4,,Jodhpur
10/1/2024,29.8,23,36.6,28,,1009.3,,Jodhpur
11/1/2024,24.7,16.3,33.1,0,,1014,,Jodhpur
12/1/2024,18.5,11.5,25.5,0,,1015.9,,Jodhpur
1/1/2025,18.3,10.6,26,1,,1015.6,,Jodhpur
2/1/2025,22.5,14.6,30.4,0,,1013.8,,Jodhpur
3/1/2025,26.5,17.9,35.1,0.5,,1010.5,,Jodhpur
4/1/2025,32.5,23.8,41.2,10,,1004.6,,Jodhpur
5/1/2025,33.9,27.5,40.3,50,,1000.5,,Jodhpur
6/1/2025,33,27.9,38.1,70,,998.4,,Jodhpur
7/1/2025,29.2,25.8,32.5,233,,998.3,,Jodhpur
8/1/2025,30.2,26.1,34.2,103,,1001.4,,Jodhpur
9/1/2025,29.3,24.8,33.7,108,,1004.4,,Jodhpur
10/1/2025,26.7,20.3,33.1,22,,1010.1,,Jodhpur
11/1/2025,22,13.4,30.6,4,,1015.2,,Jodhpur
12/1/2025,20.6,11.9,29.2,0,,1016.4,,Jodhpur
1/1/2020,10.9,5.3,16.4,63,,1018.3,7800,Amritsar
2/1/2020,14.8,7.6,22,20,,1017.1,12240,Amritsar
3/1/2020,18.2,12.3,24.2,64,,1013.1,10920,Amritsar
4/1/2020,24.4,17.1,31.7,33,,1009.4,14880,Amritsar
5/1/2020,29.6,22.1,37.1,9,,1003.3,15900,Amritsar
6/1/2020,31.2,25.2,37.2,43,,999.3,14100,Amritsar
7/1/2020,30.7,26.2,35.2,201,,998.6,10800,Amritsar
8/1/2020,30.2,26.4,34.1,183,,998.5,11820,Amritsar
9/1/2020,29.8,24.7,34.9,19,,1003.2,13500,Amritsar
10/1/2020,24.7,16.2,33.2,0,,1008.7,14640,Amritsar
11/1/2020,17.3,9.9,24.8,15,,1016.9,9240,Amritsar
12/1/2020,12,6.2,18.2,17,,1017.5,7200,Amritsar
1/1/2021,11.3,6.2,16.4,25,,1016.4,5460,Amritsar
2/1/2021,16.1,9.5,22.6,2,,1015,9540,Amritsar
3/1/2021,21.1,13.6,28.5,11,,1010.7,11700,Amritsar
4/1/2021,24.9,16.1,33.6,21,,1008.4,13500,Amritsar
5/1/2021,29.7,22.3,37,17,,1003.2,15360,Amritsar
6/1/2021,31.8,25.6,37.9,53,,999,15600,Amritsar
7/1/2021,31,26.9,35.1,207,,997.5,10140,Amritsar
8/1/2021,30.6,26.4,34.7,75,,1000.4,13500,Amritsar
9/1/2021,28.4,24.6,33.2,287,,1004.7,9780,Amritsar
10/1/2021,25.2,19.2,31.2,34,,1009,13440,Amritsar
11/1/2021,17.4,10.2,26.4,0.5,,1014.4,,Amritsar
12/1/2021,12.9,5.8,19.9,0,,1019,6360,Amritsar
1/1/2022,11.6,7.7,15.5,109,,1016.6,3900,Amritsar
2/1/2022,14,7.3,20.7,28,,1013.8,11220,Amritsar
3/1/2022,22.5,15,30.1,2,,1009.8,14700,Amritsar
4/1/2022,29.5,20.2,38.9,1,,1004.3,15360,Amritsar
5/1/2022,32.6,25.3,40,7,,999,11040,Amritsar
6/1/2022,33.1,26.2,39.9,50,,997.4,14580,Amritsar
7/1/2022,28.8,27.1,34.2,249,,1000,6420,Amritsar
8/1/2022,30.5,27.4,35.6,225,,1000.8,13320,Amritsar
9/1/2022,29.2,24.9,33.5,81,,1004.2,11700,Amritsar
10/1/2022,25.2,18.9,31.6,1,,1010.9,13260,Amritsar
11/1/2022,19.1,11.8,26.4,1,,1015,10740,Amritsar
12/1/2022,13.6,6.9,20.2,1,,1016.7,8700,Amritsar
1/1/2023,11.2,5.9,16.5,11,,1018.9,6240,Amritsar
2/1/2023,17.1,9.5,24.6,3,,1014.6,11340,Amritsar
3/1/2023,20.9,14.6,27.4,41,,1013,12540,Amritsar
4/1/2023,25.7,17.9,33.6,15,,1008.4,15540,Amritsar
5/1/2023,29,21.4,36.2,29,,1005.2,14640,Amritsar
6/1/2023,31.3,26,36.5,303,,999.8,14820,Amritsar
7/1/2023,30,26.4,33.6,364,,999.8,8880,Amritsar
8/1/2023,31,26.7,35.2,125,,999.7,12960,Amritsar
9/1/2023,29.7,25.5,32.8,146,,1004,10740,Amritsar
10/1/2023,24.7,18.4,29.2,29,,1011.7,13560,Amritsar
11/1/2023,19.9,13.4,26.5,21,,1016.4,8520,Amritsar
12/1/2023,14.1,7.4,20.7,0.5,,1018.4,8700,Amritsar
1/1/2024,9.1,6.2,13,0.5,,1019.5,,Amritsar
2/1/2024,14.3,7.7,21.7,25,,1017.5,,Amritsar
3/1/2024,20.1,13.2,27,36,,1013,12540,Amritsar
4/1/2024,25.8,18,33.7,28,,1007.4,15540,Amritsar
5/1/2024,32.8,24.2,41.3,1,,1001.3,18120,Amritsar
6/1/2024,34.9,27.7,42,49,,997.6,15840,Amritsar
7/1/2024,32.3,28.1,36.4,121,,996,9420,Amritsar
8/1/2024,30.6,27.1,34.2,287,,1001.4,10020,Amritsar
9/1/2024,28.8,25.6,33.9,27,,1003.5,11520,Amritsar
10/1/2024,26.2,19.8,32.5,17,,1009.7,14100,Amritsar
11/1/2024,19.9,13.8,26.1,0,,1014.8,4260,Amritsar
12/1/2024,12.2,6.4,19.7,25,,1017.6,8640,Amritsar
1/1/2025,12.3,6.4,18.2,8,,1017.2,8940,Amritsar
2/1/2025,15.7,9.3,22.1,55,,1015.7,9900,Amritsar
3/1/2025,19.7,12.3,27.1,27,,1011.8,16020,Amritsar
4/1/2025,28,19.6,36.4,90,,1005.3,16440,Amritsar
5/1/2025,31.2,24.8,37.7,58,,1001.3,,Amritsar
6/1/2025,32.6,27.5,37.8,101,,997.8,,Amritsar
7/1/2025,29.7,26.7,32.6,347,,997.8,,Amritsar
8/1/2025,29.3,26,32.3,311,,1001.2,,Amritsar
9/1/2025,28.9,24.7,33.1,181,,1004.3,,Amritsar
10/1/2025,24.2,18.3,30.2,54,,1011,,Amritsar
11/1/2025,17.7,10,25.4,0,,1016,,Amritsar
12/1/2025,13.7,7.3,20.1,0,,1017.6,,Amritsar
1/1/2020,,,,,,,,Raipur
2/1/2020,,,,,,,,Raipur
3/1/2020,,,,,,,,Raipur
4/1/2020,,,,,,,,Raipur
5/1/2020,,,,,,,,Raipur
6/1/2020,,,,,,,,Raipur
7/1/2020,,,,,,,,Raipur
8/1/2020,,,,,,,,Raipur
9/1/2020,,,,,,,,Raipur
10/1/2020,,,,,,,,Raipur
11/1/2020,,,,,,,,Raipur
12/1/2020,,,,,,,,Raipur
1/1/2021,21.6,14.5,29.5,,,1013.4,,Raipur
2/1/2021,22.4,14.6,30.6,1,,1014,,Raipur
3/1/2021,27.8,19.9,35.8,0,,1010.4,,Raipur
4/1/2021,30.9,23.3,38.7,1.8,,1007.7,,Raipur
5/1/2021,31.9,25.9,38,10.6,,1004.2,,Raipur
6/1/2021,28.5,24.9,33.4,295.6,,1002.5,,Raipur
7/1/2021,27.4,24.5,31.7,227.3,,1001.5,,Raipur
8/1/2021,27.6,24.6,31.6,187.5,,1003.6,,Raipur
9/1/2021,26.6,23.8,30.8,352.1,,1004.1,,Raipur
10/1/2021,26.5,21.7,32,58.3,,1008.8,,Raipur
11/1/2021,23.7,18.6,29.9,55,,1012.2,,Raipur
12/1/2021,19.9,14.1,26.8,12.7,,1016,,Raipur
1/1/2022,18.7,12.8,25.2,33.5,,1014.7,,Raipur
2/1/2022,21.6,14.4,29.4,10.2,,1012.5,,Raipur
3/1/2022,27.9,19.9,36.2,0,,1008.9,,Raipur
4/1/2022,33,25.9,40.5,0,,1005.7,,Raipur
5/1/2022,33.7,27.8,40.5,,,1001.5,,Raipur
6/1/2022,31.3,26.6,37.6,143.1,,1001.4,,Raipur
7/1/2022,26.8,24.1,30.9,438.4,,1000.9,,Raipur
8/1/2022,26.9,24,30.9,583.2,,1001.9,,Raipur
9/1/2022,26.7,23.8,31,167.6,,1005,,Raipur
10/1/2022,25,20.5,31,109.4,,1010.6,,Raipur
11/1/2022,21.5,14.9,29.5,0,,1013.8,,Raipur
12/1/2022,21.1,14.6,29.2,1.7,,1014,,Raipur
1/1/2023,21,14.2,29.1,0,,1015.2,,Raipur
2/1/2023,23.6,15.1,32.5,0,,1013.6,,Raipur
3/1/2023,26.5,19.6,34,28.4,,1011.7,,Raipur
4/1/2023,29.4,22.5,36.7,17,,1008.9,,Raipur
5/1/2023,31.6,24.8,38.7,10.8,,1006,,Raipur
6/1/2023,32.7,27.6,38.4,345,,1001.5,,Raipur
7/1/2023,27.8,24.7,31.8,364.6,,1001.4,,Raipur
8/1/2023,27.5,24.5,31.3,262.9,,1004.1,,Raipur
9/1/2023,26.9,24,31,303.1,,1004.1,,Raipur
10/1/2023,26.1,20.5,32.6,6,,1011.2,,Raipur
11/1/2023,23.7,17.9,30.5,3.2,,1014.5,,Raipur
12/1/2023,20,14.6,26.8,20.8,,1015.8,,Raipur
1/1/2024,20.5,14.5,27.4,9.9,,1015.6,,Raipur
2/1/2024,23.7,16.9,31.1,14.3,,1014.9,,Raipur
3/1/2024,27.3,20.1,35.1,31.6,,1011.6,,Raipur
4/1/2024,30.6,24,37.8,26.3,,1008,,Raipur
5/1/2024,33.3,26.8,40.5,10.3,,1003.2,,Raipur
6/1/2024,31.4,27,37.8,139.2,,1001.7,,Raipur
7/1/2024,27.2,24.7,31.1,478.3,,999.4,,Raipur
8/1/2024,,,,,,,,Raipur
9/1/2024,27.2,,,,,1003.9,,Raipur
10/1/2024,27.5,23.2,32.9,22.1,,1009.5,,Raipur
11/1/2024,23,17.1,29.9,0.2,,1013.7,,Raipur
12/1/2024,21.7,16.3,28.5,,,1014.2,,Raipur
1/1/2025,21.1,13.9,29.3,0,,1014.6,,Raipur
2/1/2025,25.3,17.9,33.3,0,,1013.3,,Raipur
3/1/2025,,,,,,,,Raipur
4/1/2025,31.6,24.7,39.4,7.1,,1006.6,,Raipur
5/1/2025,31,25.5,37.7,64.4,,1003.5,,Raipur
6/1/2025,29.9,25.6,35,114.8,,1001.2,,Raipur
7/1/2025,26.9,24.2,30.5,492.8,,1000.2,,Raipur
8/1/2025,27.2,24.3,31.4,212.2,,1003.4,,Raipur
9/1/2025,26.4,23.9,30.4,307.9,,1005,,Raipur
10/1/2025,25.4,22.2,29.7,193.4,,1009.6,,Raipur
11/1/2025,21.2,15.7,27.7,0.8,,1014.4,,Raipur
12/1/2025,18.5,11.7,26.4,0,,1015.7,,Raipur
1/1/2020,14.7,11.2,20,,,1016.6,,Allahabad
2/1/2020,18.1,12.8,25.2,,,1016.1,,Allahabad
3/1/2020,24.6,19,30.9,,,1011.7,,Allahabad
4/1/2020,30.5,23.8,37.2,,,1007.7,,Allahabad
5/1/2020,33.4,27.7,39.5,,,1003,,Allahabad
6/1/2020,30.3,27.5,33.7,,,1000.1,,Allahabad
7/1/2020,30.1,27.9,32.9,,,1000.1,,Allahabad
8/1/2020,30,27.7,32.9,,,999.1,,Allahabad
9/1/2020,30.3,27.6,33.9,,,1003,,Allahabad
10/1/2020,28.1,23.6,34,,,1007.3,,Allahabad
11/1/2020,20.3,15.2,28,,,1015.5,,Allahabad
12/1/2020,16.3,11.8,23.2,,,1016,,Allahabad
1/1/2021,15.3,11.3,21.8,,,1015.3,,Allahabad
2/1/2021,19.7,13.4,28.1,3.7,,1014.2,,Allahabad
3/1/2021,27.3,20.4,35,1.3,,1009.6,,Allahabad
4/1/2021,31.4,23.5,38.7,1,,1006.2,,Allahabad
5/1/2021,31.3,26.6,35.9,70.9,,1003.1,,Allahabad
6/1/2021,30.8,27.9,34.3,166.2,,999.8,,Allahabad
7/1/2021,31,28.6,33.8,278.4,,998.9,,Allahabad
8/1/2021,29.7,27.6,32.5,210.2,,1001.5,,Allahabad
9/1/2021,29.4,26.9,32.9,317.3,,1003.6,,Allahabad
10/1/2021,27.3,23.2,32.3,37.8,,1008.2,,Allahabad
11/1/2021,20.3,14.9,28.1,11,,1013.1,,Allahabad
12/1/2021,16.3,11.8,23.1,10.9,,1017.3,,Allahabad
1/1/2022,14.1,10.7,19.6,50.6,,1016.2,,Allahabad
2/1/2022,18.1,12.4,25.7,44.6,,1012.9,,Allahabad
3/1/2022,27.6,20.4,35,0,,1008.3,,Allahabad
4/1/2022,34.1,26.5,41.6,0.1,,1003.4,,Allahabad
5/1/2022,34.4,28.9,40,,,999.4,,Allahabad
6/1/2022,34.1,29.1,39.4,87.6,,998.8,,Allahabad
7/1/2022,31.5,28.7,34.8,219.2,,999.7,,Allahabad
8/1/2022,29.9,27.4,33,301,,1000.6,,Allahabad
9/1/2022,29,26.6,32.6,241.9,,1003.9,,Allahabad
10/1/2022,26.2,21.9,31.5,130.7,,1010.4,,Allahabad
11/1/2022,20.6,15.1,28.4,0,,1013.9,,Allahabad
12/1/2022,16.5,11,24.4,0,,1014.9,,Allahabad
1/1/2023,15,10.4,21.8,25.2,,1017.3,,Allahabad
2/1/2023,19.9,13.7,28.7,0,,1013.7,,Allahabad
3/1/2023,25.1,19.3,31.9,10.5,,1011.7,,Allahabad
4/1/2023,30.4,23.7,36.8,5.8,,1007.2,,Allahabad
5/1/2023,32.8,26,38,37.7,,1004.4,,Allahabad
6/1/2023,33.8,29.4,38.5,88.6,,999.5,,Allahabad
7/1/2023,31.4,28.8,34.4,304.3,,999.9,,Allahabad
8/1/2023,30.2,27.8,33.3,265.1,,1001.1,,Allahabad
9/1/2023,29.9,27.2,33.5,192.4,,1002.9,,Allahabad
10/1/2023,26.6,21.6,32.7,42,,1010.4,,Allahabad
11/1/2023,21.6,16.5,29.1,2.6,,1014.8,,Allahabad
12/1/2023,17,12.7,23.8,8.2,,1016.7,,Allahabad
1/1/2024,13.2,9.2,18.9,10.7,,1017.5,,Allahabad
2/1/2024,19.1,13.2,25.3,13.2,,1015.9,,Allahabad
3/1/2024,25.4,18,31.5,17.3,,1011.5,,Allahabad
4/1/2024,31.7,25.6,38.2,0,,1005.4,,Allahabad
5/1/2024,34.1,28.6,40.2,1.8,,1000.8,,Allahabad
6/1/2024,35.9,31,40.5,122.1,,997.8,,Allahabad
7/1/2024,30.9,28.7,33.7,386,,996.9,,Allahabad
8/1/2024,29,27,31.6,,,1001.7,,Allahabad
9/1/2024,29.3,26.7,32.4,,,1002.6,,Allahabad
10/1/2024,28.1,23.7,33.5,4.3,,1008.8,,Allahabad
11/1/2024,22,17,28.3,0.1,,1013.8,,Allahabad
12/1/2024,16.5,11.8,22.7,,,1015.6,,Allahabad
1/1/2025,15.2,11.5,20.4,1.8,,1015.9,,Allahabad
2/1/2025,21.1,15.6,27.1,0,,1013.6,,Allahabad
3/1/2025,25.7,19.6,33,,,1009.7,,Allahabad
4/1/2025,30.8,24.7,38,1.5,,1005.2,,Allahabad
5/1/2025,32.6,28.2,37.8,1.4,,1001.4,,Allahabad
6/1/2025,32.1,28.5,36,147.1,,998.6,,Allahabad
7/1/2025,29.8,27.5,32.5,346.7,,997.7,,Allahabad
8/1/2025,29.3,27.1,32.1,286.6,,1001.5,,Allahabad
9/1/2025,29.4,27,32.6,151.7,,1003.7,,Allahabad
10/1/2025,26.2,22.6,30.7,123.8,,1009.6,,Allahabad
11/1/2025,19.7,14.4,27.3,0,,1014.7,,Allahabad
12/1/2025,15.3,11,22.4,0,,1016.7,,Allahabad
1/1/2020,25.9,,,,,1014.4,,Coimbatore
2/1/2020,27.1,21.8,33,,,1014.4,,Coimbatore
3/1/2020,29.3,,,,,,,Coimbatore
4/1/2020,29.9,,,,,1011.5,,Coimbatore
5/1/2020,29.6,,,,,,,Coimbatore
6/1/2020,27.2,23.8,,,,1008.1,,Coimbatore
7/1/2020,26.3,,,,,1007.9,,Coimbatore
8/1/2020,26.5,23.3,32.1,,,1008.4,,Coimbatore
9/1/2020,26.1,22.9,31.3,,,,,Coimbatore
10/1/2020,26.9,,,,,1009.2,,Coimbatore
11/1/2020,26,22.4,31.3,,,1012.6,,Coimbatore
12/1/2020,24.4,,,,,,,Coimbatore
1/1/2021,24.2,21,28.8,221.6,,1012.8,,Coimbatore
2/1/2021,26.1,20.8,31.7,21.5,,1013.5,,Coimbatore
3/1/2021,28.9,23.1,35,7.1,,1011.6,,Coimbatore
4/1/2021,29.1,24.4,35.6,54,,1010.4,,Coimbatore
5/1/2021,28.5,24.3,34.2,64.3,,1008.7,,Coimbatore
6/1/2021,27.4,23.6,33,36.8,,1009.2,,Coimbatore
7/1/2021,26.5,23.1,32.2,31.7,,1008.4,,Coimbatore
8/1/2021,26.3,22.9,31.8,33.9,,1009.5,,Coimbatore
9/1/2021,26.6,23.4,32,56.4,,1008.9,,Coimbatore
10/1/2021,26.4,23.1,31.6,178.4,,1010,,Coimbatore
11/1/2021,25.2,22.2,29.9,231.1,,1010.5,,Coimbatore
12/1/2021,24.9,21.2,29.6,35.1,,1014.4,,Coimbatore
1/1/2022,25.5,21.3,30.7,28.6,,1013.4,,Coimbatore
2/1/2022,26.7,21.7,32.2,1,,1012.4,,Coimbatore
3/1/2022,28.5,23.3,34.8,6.9,,1010.6,,Coimbatore
4/1/2022,28.8,24.7,34.7,69.1,,1009.6,,Coimbatore
5/1/2022,27.3,23.4,33.2,,,1007.4,,Coimbatore
6/1/2022,27.3,23.5,33.5,11.7,,1007.7,,Coimbatore
7/1/2022,25.8,22.7,31.3,82,,1007.9,,Coimbatore
8/1/2022,26,22.9,31,143,,1007.9,,Coimbatore
9/1/2022,26.4,22.9,31.6,32.8,,1009.3,,Coimbatore
10/1/2022,26.2,22.7,31.2,131.1,,1010.9,,Coimbatore
11/1/2022,25.2,21.8,30,118.6,,1012.3,,Coimbatore
12/1/2022,24.8,20.9,29.6,58.6,,1012.2,,Coimbatore
1/1/2023,24.5,19.9,30.1,4,,1014.3,,Coimbatore
2/1/2023,26.3,20.2,32.5,13.2,,1013.5,,Coimbatore
3/1/2023,28.3,22.7,34.4,18.7,,1012.2,,Coimbatore
4/1/2023,29.7,24.5,36.1,35.4,,1010.1,,Coimbatore
5/1/2023,28.8,24.9,35,74.4,,1009.9,,Coimbatore
6/1/2023,27.9,24.2,33.6,14.6,,1008.7,,Coimbatore
7/1/2023,26.5,23.2,32,40.5,,1009.2,,Coimbatore
8/1/2023,27.7,24,33.6,21.1,,1010.1,,Coimbatore
9/1/2023,27.1,23.6,32.5,40.2,,1009.4,,Coimbatore
10/1/2023,27.6,23.6,33,185.7,,1012.2,,Coimbatore
11/1/2023,26.4,23.1,31,229.3,,1012.8,,Coimbatore
12/1/2023,25.6,22.4,29.7,132.3,,1013.3,,Coimbatore
1/1/2024,25.4,21.4,30,29.2,,1014.6,,Coimbatore
2/1/2024,27.6,22.1,33.2,0.4,,1014.7,,Coimbatore
3/1/2024,29.7,24,35.9,0,,1012.9,,Coimbatore
4/1/2024,31.6,26.2,37.9,13.7,,1010,,Coimbatore
5/1/2024,28.7,24.9,34.9,220,,1007.8,,Coimbatore
6/1/2024,27.3,24.3,32.5,46,,1008.5,,Coimbatore
7/1/2024,26.4,23.2,31.3,66.4,,1008.2,,Coimbatore
8/1/2024,27.1,23.3,32.5,,,,,Coimbatore
9/1/2024,27.5,23.2,33.1,,,1009.4,,Coimbatore
10/1/2024,26.7,23,32.3,289.4,,1010.8,,Coimbatore
11/1/2024,25.9,22.7,30.7,153.1,,1012.2,,Coimbatore
12/1/2024,25.7,22,30.3,,,1012.2,,Coimbatore
1/1/2025,25,20.8,29.9,17.3,,1013.6,,Coimbatore
2/1/2025,27.3,21.1,33.6,2.2,,1014,,Coimbatore
3/1/2025,29.2,,,,,,,Coimbatore
4/1/2025,29.3,24.9,35.5,106.4,,1010.1,,Coimbatore
5/1/2025,27.6,24,33.7,156.3,,1008.1,,Coimbatore
6/1/2025,26.5,23.2,31.7,20.4,,1008.9,,Coimbatore
7/1/2025,27.1,22.6,32.1,36.3,,1008.7,,Coimbatore
8/1/2025,24.5,21.5,29.6,23.2,,1009,,Coimbatore
9/1/2025,27.2,23.6,32.3,35.6,,1010.6,,Coimbatore
10/1/2025,24.8,21.8,29.6,234.9,,1009.9,,Coimbatore
11/1/2025,24.5,21,29.4,147.9,,1012.6,,Coimbatore
12/1/2025,24,19.6,29.5,39.3,,1013,,Coimbatore
1/1/2020,,,,,,,,Jabalpur
2/1/2020,,,,,,,,Jabalpur
3/1/2020,,,,,,,,Jabalpur
4/1/2020,,,,,,,,Jabalpur
5/1/2020,,,,,,,,Jabalpur
6/1/2020,,,,,,,,Jabalpur
7/1/2020,,,,,,,,Jabalpur
8/1/2020,,,,,,,,Jabalpur
9/1/2020,,,,,,,,Jabalpur
10/1/2020,,,,,,,,Jabalpur
11/1/2020,,,,,,,,Jabalpur
12/1/2020,,,,,,,,Jabalpur
1/1/2021,18.1,12.4,25.3,,,1015.1,,Jabalpur
2/1/2021,20.4,13.3,28.4,2.9,,1015.5,,Jabalpur
3/1/2021,26.1,18.5,34.4,0.9,,1012.1,,Jabalpur
4/1/2021,30,21.9,38.5,0,,1009.3,,Jabalpur
5/1/2021,30.4,24.9,37.2,27.4,,1005.7,,Jabalpur
6/1/2021,28.6,25,33.6,135.7,,1003.2,,Jabalpur
7/1/2021,27.8,24.8,31.5,276.4,,1002.2,,Jabalpur
8/1/2021,26.5,23.8,30,247.5,,1004.8,,Jabalpur
9/1/2021,26.5,23.7,31,235.9,,1005.5,,Jabalpur
10/1/2021,25.3,20.2,31.7,34.5,,1010.8,,Jabalpur
11/1/2021,21.2,15.2,28.7,5.9,,1014.4,,Jabalpur
12/1/2021,17.7,12,24.7,9.8,,1017.6,,Jabalpur
1/1/2022,15.7,10.1,22.2,19.2,,1016,,Jabalpur
2/1/2022,19.7,12.7,27,15,,1013.5,,Jabalpur
3/1/2022,27.1,19.9,35,0,,1010.5,,Jabalpur
4/1/2022,33,24.9,41.4,0.1,,1006.8,,Jabalpur
5/1/2022,34.2,27.6,41,5.6,,1002.4,,Jabalpur
6/1/2022,32.2,26.5,38.2,268.9,,1002.1,,Jabalpur
7/1/2022,27.5,24,31.7,426.7,,1001.5,,Jabalpur
8/1/2022,26.9,23.6,30.7,480.4,,1002.1,,Jabalpur
9/1/2022,26.6,23.3,31,248.2,,1005.6,,Jabalpur
10/1/2022,24.6,18.9,30.6,123.8,,1011.7,,Jabalpur
11/1/2022,20.1,13.6,28.5,0,,1015.2,,Jabalpur
12/1/2022,18.3,12.2,26.4,2.9,,1015.4,,Jabalpur
1/1/2023,16.6,10.9,24.3,0,,1016.9,,Jabalpur
2/1/2023,20.5,12.9,29.4,0,,1015.2,,Jabalpur
3/1/2023,25,17.7,32.4,18.5,,1012.9,,Jabalpur
4/1/2023,28.7,21.3,36.3,52.8,,1009.7,,Jabalpur
5/1/2023,30.9,23.8,38.1,46,,1007.1,,Jabalpur
6/1/2023,32,26.7,37.7,263.1,,1002.6,,Jabalpur
7/1/2023,28.5,24.8,32.5,285.6,,1001.9,,Jabalpur
8/1/2023,27,23.7,30.3,466.5,,1004.8,,Jabalpur
9/1/2023,27.4,23.7,31.8,164.5,,1004.8,,Jabalpur
10/1/2023,25.3,19.4,32.7,0,,1012.5,,Jabalpur
11/1/2023,22.1,16.2,29.4,23.5,,1015.7,,Jabalpur
12/1/2023,18,12.3,25.6,35.2,,1017,,Jabalpur
1/1/2024,17,11.7,24,26.4,,1017,,Jabalpur
2/1/2024,20.4,14.9,27.3,23.2,,1016.2,,Jabalpur
3/1/2024,25,17.6,33.6,8.6,,1012.6,,Jabalpur
4/1/2024,30,23.5,37.5,30,,1008.9,,Jabalpur
5/1/2024,33.2,26.9,40.3,1.1,,1004,,Jabalpur
6/1/2024,32.7,27.5,38.7,185.4,,1001.9,,Jabalpur
7/1/2024,27.9,24.3,31.7,483.8,,999.4,,Jabalpur
8/1/2024,27,23.9,,,,,,Jabalpur
9/1/2024,27.7,23.8,31.7,414.1,,1004.7,,Jabalpur
10/1/2024,26.5,21.5,32.5,16.5,,1010.8,,Jabalpur
11/1/2024,21.3,15.1,29.3,0,,1015,,Jabalpur
12/1/2024,18,11.6,25.9,,,1015.5,,Jabalpur
1/1/2025,16.7,10.3,24.8,3.8,,1016.1,,Jabalpur
2/1/2025,21.3,14.2,29.3,0,,1014.8,,Jabalpur
3/1/2025,,,,,,,,Jabalpur
4/1/2025,31,23.2,39.1,4.9,,1006.8,,Jabalpur
5/1/2025,31.4,26.2,37.5,17.2,,1003.8,,Jabalpur
6/1/2025,30.2,25.5,35,195.6,,1001.1,,Jabalpur
7/1/2025,26.3,23.4,29.1,506.7,,1000.5,,Jabalpur
8/1/2025,27.4,24.1,31.3,211.1,,1003.9,,Jabalpur
9/1/2025,26.6,23.5,31,214.8,,1006.3,,Jabalpur
10/1/2025,24.9,20.7,30.3,41.8,,1011.3,,Jabalpur
11/1/2025,19.6,13.7,27.5,0.1,,1016,,Jabalpur
12/1/2025,16.2,9.7,25.1,0,,1017.3,,Jabalpur
1/1/2020,,,,,,,,Gwalior
2/1/2020,,,,,,,,Gwalior
3/1/2020,,,,,,,,Gwalior
4/1/2020,,,,,,,,Gwalior
5/1/2020,,,,,,,,Gwalior
6/1/2020,,,,,,,,Gwalior
7/1/2020,,,,,,,,Gwalior
8/1/2020,28.9,,,264.3,,,,Gwalior
9/1/2020,,,,,,,,Gwalior
10/1/2020,,,,,,,,Gwalior
11/1/2020,,,,,,,,Gwalior
12/1/2020,,,,,,,,Gwalior
1/1/2021,15.1,9.1,22.8,,,1015.5,,Gwalior
2/1/2021,19.8,12,28.8,0.5,,1014.6,,Gwalior
3/1/2021,26.3,17.8,34.7,0.3,,1010.4,,Gwalior
4/1/2021,30.6,21.7,39,0.5,,1007.5,,Gwalior
5/1/2021,31,24.1,37.7,49.5,,1003.6,,Gwalior
6/1/2021,33.5,28.2,39.3,12,,999.8,,Gwalior
7/1/2021,31.4,27.2,35.9,302.9,,998.8,,Gwalior
8/1/2021,28.9,25.5,33.4,254,,1001.4,,Gwalior
9/1/2021,28.1,24.6,32.1,152.4,,1003.7,,Gwalior
10/1/2021,25.8,20.6,33.2,99.1,,1009.1,,Gwalior
11/1/2021,19.4,12.6,28.4,3.8,,1013.9,,Gwalior
12/1/2021,15.4,9.6,22.9,13.1,,1018,,Gwalior
1/1/2022,13.3,8.2,20,32.6,,1016.3,,Gwalior
2/1/2022,17.8,11,26.6,0.1,,1013.1,,Gwalior
3/1/2022,26.2,17.8,34.9,0.1,,1009.5,,Gwalior
4/1/2022,32.9,23.5,41.7,0,,1004.8,,Gwalior
5/1/2022,34.9,27.5,42.4,53.5,,1000,,Gwalior
6/1/2022,34.2,28.5,40.8,52.2,,999.2,,Gwalior
7/1/2022,30.5,26.3,35.8,224.8,,1000.2,,Gwalior
8/1/2022,28.3,25,32.5,279.3,,1001.1,,Gwalior
9/1/2022,28.2,24.5,32.8,142.6,,1004.1,,Gwalior
10/1/2022,24.7,19.8,31.9,128.1,,1010.9,,Gwalior
11/1/2022,20.4,13.9,29.2,0.7,,1014.6,,Gwalior
12/1/2022,15.8,9.2,24.6,0,,1015.8,,Gwalior
1/1/2023,13.3,7.7,20.8,29.4,,1017.8,,Gwalior
2/1/2023,20.2,12.9,29.2,0,,1014.4,,Gwalior
3/1/2023,23.6,16.6,31.3,23.6,,1012.5,,Gwalior
4/1/2023,28.5,20.5,36,9.6,,1008.4,,Gwalior
5/1/2023,30.8,23.8,38.5,47.6,,1005.6,,Gwalior
6/1/2023,31.9,26.9,37.3,148.3,,1000.8,,Gwalior
7/1/2023,29.8,26.3,34.7,275.1,,1000.5,,Gwalior
8/1/2023,29.1,25.9,33.3,289.3,,1002.2,,Gwalior
9/1/2023,28.7,24.9,33.3,168.5,,1004,,Gwalior
10/1/2023,25.9,19.7,33.7,0.5,,1011.5,,Gwalior
11/1/2023,21.1,14.9,28.5,4.9,,1015.7,,Gwalior
12/1/2023,16.4,11.3,23.6,15.4,,1017.6,,Gwalior
1/1/2024,12.7,7.7,19.8,31,,1018.2,,Gwalior
2/1/2024,17.7,11.1,25.3,13.3,,1016.9,,Gwalior
3/1/2024,23.5,16.2,31.6,37.6,,1012.8,,Gwalior
4/1/2024,30.3,22.8,37.8,55.6,,1007.2,,Gwalior
5/1/2024,35.1,27.6,42.5,0,,1001.9,,Gwalior
6/1/2024,35.1,29.6,41.4,108.7,,999.2,,Gwalior
7/1/2024,30.1,26.9,34.6,321.7,,997.6,,Gwalior
8/1/2024,28.6,25.7,32.8,,,,,Gwalior
9/1/2024,28,24.8,,,,1003.5,,Gwalior
10/1/2024,27.1,21.9,34.3,0.1,,1009.8,,Gwalior
11/1/2024,21.7,15.5,29.7,0,,1014.5,,Gwalior
12/1/2024,15.4,9.8,23.7,,,1016.5,,Gwalior
1/1/2025,14.7,9.3,22.6,12.1,,1016.5,,Gwalior
2/1/2025,20,13,28.1,8.8,,1014.7,,Gwalior
3/1/2025,,,,,,,,Gwalior
4/1/2025,31.4,22.4,39.6,0,,1005.7,,Gwalior
5/1/2025,33.2,27,39.6,12.1,,1001.7,,Gwalior
6/1/2025,31.5,26.8,37.7,254.9,,999.1,,Gwalior
7/1/2025,28.4,25.7,32.3,787,,998.5,,Gwalior
8/1/2025,28.8,26,32.8,213.9,,1002,,Gwalior
9/1/2025,28.4,25.1,32.7,121.5,,1004.7,,Gwalior
10/1/2025,24.8,20.5,29.7,130.8,,1010.8,,Gwalior
11/1/2025,19.1,13.6,25.7,0,,1015.5,,Gwalior
12/1/2025,15.7,10.6,22.5,0,,1017,,Gwalior
1/1/2020,26.5,22,30.9,1,,1013.8,13680,Vijayawada
2/1/2020,27.3,22.7,32,12,,1013.8,15480,Vijayawada
3/1/2020,29.2,24.4,34,0,,1011.1,16440,Vijayawada
4/1/2020,30.6,26,35.2,46,,1009.5,16620,Vijayawada
5/1/2020,32.9,28.5,37.4,0,,1005,16920,Vijayawada
6/1/2020,32.3,28,36.5,126,,1002.5,9480,Vijayawada
7/1/2020,30,26.5,33.5,244,,1003.1,8340,Vijayawada
8/1/2020,29.1,26.2,32.1,236,,1002.9,6180,Vijayawada
9/1/2020,29.9,26.5,33.3,298,,1003.9,8280,Vijayawada
10/1/2020,29,25.8,32.2,229,,1005.3,7380,Vijayawada
11/1/2020,27.3,23.5,31,318,,1011.8,10740,Vijayawada
12/1/2020,25.5,20.8,30.3,4,,1012.7,12780,Vijayawada
1/1/2021,25,20.3,30.4,0,,1012.3,12420,Vijayawada
2/1/2021,25.4,19.9,31.9,0.3,,1013,14460,Vijayawada
3/1/2021,28.5,22.4,36.5,0.2,,1010.4,15780,Vijayawada
4/1/2021,30.9,25.6,38.1,32.3,,1008.3,16080,Vijayawada
5/1/2021,32,27.3,38.1,132.3,,1004.8,15840,Vijayawada
6/1/2021,31.1,26.5,36.7,115.7,,1003.8,9720,Vijayawada
7/1/2021,29.2,25.6,33.7,521.2,,1002.7,7380,Vijayawada
8/1/2021,29.4,25.9,33.9,243.1,,1004.5,10260,Vijayawada
9/1/2021,29.1,25.4,33.7,336.8,,1004.2,7140,Vijayawada
10/1/2021,28.8,24.9,33.5,148.5,,1007.5,11220,Vijayawada
11/1/2021,26.6,23.4,30.3,188.8,,1010,6840,Vijayawada
12/1/2021,24.5,19.9,29.6,17,,1013.9,13020,Vijayawada
1/1/2022,24.2,19.5,29.2,54.6,,1013,12840,Vijayawada
2/1/2022,25.4,20.2,31.7,0.7,,1011.9,14760,Vijayawada
3/1/2022,29,23.4,36,7,,1009,14160,Vijayawada
4/1/2022,31.3,26.1,37.8,7,,1007.5,15240,Vijayawada
5/1/2022,33,27.4,39.5,37,,1002.4,15180,Vijayawada
6/1/2022,32.7,27.4,39.2,88.7,,1002.5,9240,Vijayawada
7/1/2022,28.8,25.1,32.9,254.5,,1002.6,7200,Vijayawada
8/1/2022,29.5,25.3,34.1,188.2,,1003.1,10440,Vijayawada
9/1/2022,28.5,24.9,32.6,227.6,,1005.3,8640,Vijayawada
10/1/2022,27.5,23.4,31.9,229,,1008.8,10380,Vijayawada
11/1/2022,26,21.6,30.7,12.7,,1011.7,9420,Vijayawada
12/1/2022,25.3,21.1,30.1,68.5,,1011.9,11220,Vijayawada
1/1/2023,24.1,19.2,29.5,1.2,,1014.1,13980,Vijayawada
2/1/2023,26.4,20.7,33,0,,1012.7,14880,Vijayawada
3/1/2023,27.9,22.4,34.5,41,,1011.3,13860,Vijayawada
4/1/2023,30.5,25.2,37.2,51.3,,1008.4,15900,Vijayawada
5/1/2023,31.7,26.5,37.9,100.2,,1006.2,14100,Vijayawada
6/1/2023,33.6,28.6,39.3,46.5,,1002.4,11580,Vijayawada
7/1/2023,29,26,33.4,320.1,,1002.9,4560,Vijayawada
8/1/2023,30.4,26.5,35.4,36.5,,1005.3,11220,Vijayawada
9/1/2023,29.3,25.5,33.7,345.7,,1004.5,6300,Vijayawada
10/1/2023,28.7,24.4,33.5,35.5,,1010.1,12840,Vijayawada
11/1/2023,27,23.2,31.5,42,,1012.5,8940,Vijayawada
12/1/2023,24.5,20.6,29.3,160.9,,1013.4,9720,Vijayawada
1/1/2024,24.6,20.4,29.9,1,,1014.4,11880,Vijayawada
2/1/2024,26.3,21.4,32.6,2.9,,1014.2,15660,Vijayawada
3/1/2024,28.9,23.6,35.8,4.2,,1011.6,15120,Vijayawada
4/1/2024,32.1,26.2,39.6,0.8,,1007.6,16980,Vijayawada
5/1/2024,32.2,27.8,38,153.9,,1003.9,13680,Vijayawada
6/1/2024,31.2,26.8,36.4,192,,1002.8,6480,Vijayawada
7/1/2024,29.2,25.7,33,208.6,,1001.5,3840,Vijayawada
8/1/2024,29.7,25.8,34.1,281,,1004.2,10200,Vijayawada
9/1/2024,29,25.4,33.6,314.6,,1004.3,8280,Vijayawada
10/1/2024,28.7,24.9,33.3,98.5,,1008.2,13080,Vijayawada
11/1/2024,26.6,22.6,31.1,42.8,,1011.1,10260,Vijayawada
12/1/2024,25.4,21.7,29.9,24,,1011.9,7920,Vijayawada
1/1/2025,24,19.2,29.5,0.1,,1013.2,13620,Vijayawada
2/1/2025,26.7,21.6,33.3,1,,1012.6,16140,Vijayawada
3/1/2025,29.5,24.3,34.6,0,,1010,15000,Vijayawada
4/1/2025,30.9,26,37.2,42.6,,1007.7,15480,Vijayawada
5/1/2025,30.7,26.1,36.6,149.3,,1003.9,10440,Vijayawada
6/1/2025,30.9,26.6,36.1,83.4,,1002.7,9000,Vijayawada
7/1/2025,30.1,26,34.9,227.6,,1002.3,9060,Vijayawada
8/1/2025,28.9,25.4,33,306.8,,1004.3,9360,Vijayawada
9/1/2025,28.2,24.8,32.4,217,,1005,9240,Vijayawada
10/1/2025,27,24.1,30.7,299.5,,1008.2,8280,Vijayawada
11/1/2025,26,22,31.3,27.5,,1012.5,12000,Vijayawada
12/1/2025,23.2,18.9,28.9,50.8,,1014,9480,Vijayawada
1/1/2020,27.3,,,,,,,Madurai
2/1/2020,28.3,23,34.4,,,1013.4,,Madurai
3/1/2020,30.3,,,,,1011.3,,Madurai
4/1/2020,31.4,,,,,,,Madurai
5/1/2020,32,,,,,,,Madurai
6/1/2020,32.1,,,,,,,Madurai
7/1/2020,30.7,,,,,,,Madurai
8/1/2020,31,25.9,38.1,,,1006.7,,Madurai
9/1/2020,29.1,24.8,35.7,,,1007.4,,Madurai
10/1/2020,29.2,,,,,,,Madurai
11/1/2020,27.1,23.3,32,,,1011.1,,Madurai
12/1/2020,25.7,22.3,,,,1011.7,,Madurai
1/1/2021,24.6,21.1,29.4,119.4,,1011.3,,Madurai
2/1/2021,26,20.4,32.4,6.1,,1012.2,,Madurai
3/1/2021,29.1,22.6,36.4,6.9,,1010.6,,Madurai
4/1/2021,30.9,25.5,38,46.8,,1009,,Madurai
5/1/2021,29.7,25.2,36.1,121.4,,1007.1,,Madurai
6/1/2021,30.3,25.4,36.6,50.3,,1007.3,,Madurai
7/1/2021,29.7,25.3,35.8,49.2,,1006.3,,Madurai
8/1/2021,29.8,25.4,36,66,,1007.4,,Madurai
9/1/2021,29.5,25.2,36,155.4,,1007,,Madurai
10/1/2021,27,23.8,32.4,261.8,,1008.3,,Madurai
11/1/2021,25,22.6,29.2,530.3,,1008.8,,Madurai
12/1/2021,24.9,20.9,29.6,107.5,,1012.8,,Madurai
1/1/2022,26.2,21.3,31.5,20.8,,1011.9,,Madurai
2/1/2022,27.3,21.9,33.7,12.9,,1011,,Madurai
3/1/2022,29.9,23,37.5,8.9,,1008.9,,Madurai
4/1/2022,28.8,24.4,35.2,140.9,,1008.6,,Madurai
5/1/2022,30.5,25.9,37.5,126.6,,1005.4,,Madurai
6/1/2022,29.5,25.3,36.3,116.3,,1006,,Madurai
7/1/2022,28.6,24.8,34.4,79.7,,1006.2,,Madurai
8/1/2022,27.9,24.1,33.4,123.1,,1006.2,,Madurai
9/1/2022,29.1,24.4,35.6,79.6,,1007.4,,Madurai
10/1/2022,27.1,23.4,33,243,,1009.3,,Madurai
11/1/2022,25.2,21.4,29.9,309.4,,1010.9,,Madurai
12/1/2022,25,21.1,29.9,126.6,,1010.8,,Madurai
1/1/2023,25.2,19.5,31.1,12,,1013,,Madurai
2/1/2023,26.1,19.3,33.3,14.8,,1012.3,,Madurai
3/1/2023,28.5,22.9,35.6,55.9,,1011.2,,Madurai
4/1/2023,30.2,24.8,37.5,69.4,,1009.1,,Madurai
5/1/2023,29.9,25.6,36.6,103.2,,1008.3,,Madurai
6/1/2023,31.2,26.4,38.3,48.3,,1006.7,,Madurai
7/1/2023,29.8,25.5,35.8,73.5,,1007.5,,Madurai
8/1/2023,30.9,25.7,38.6,116.5,,1008.2,,Madurai
9/1/2023,28.4,24.6,34,129.7,,1008.1,,Madurai
10/1/2023,27.5,23.6,33.1,232.6,,1011.2,,Madurai
11/1/2023,25.8,22.7,30.5,332.5,,1011.7,,Madurai
12/1/2023,26.1,22.9,30.4,80.2,,1011.9,,Madurai
1/1/2024,25.8,21.6,31.1,73.9,,1013.3,,Madurai
2/1/2024,28.3,22.5,35,0.3,,1013.3,,Madurai
3/1/2024,29.8,23.3,37.2,4.4,,1011.7,,Madurai
4/1/2024,31.9,25.9,39.4,32.7,,1008.4,,Madurai
5/1/2024,29.8,25.8,36.1,178.6,,1006,,Madurai
6/1/2024,29.4,25.4,35.1,101.7,,1006.7,,Madurai
7/1/2024,30,25.7,36.1,54.5,,1006.1,,Madurai
8/1/2024,29.8,25.4,36.7,,,,,Madurai
9/1/2024,31.8,26.8,38.4,,,1007,,Madurai
10/1/2024,26.8,23.8,32,298.8,,1009.3,,Madurai
11/1/2024,25.8,22.5,30.2,215,,1010.2,,Madurai
12/1/2024,27,23.3,31.9,,,,,Madurai
1/1/2025,25.1,21.2,29.8,67.3,,1012,,Madurai
2/1/2025,26.7,21,32.9,5.8,,1012.5,,Madurai
3/1/2025,29.3,24.6,35.6,,,,,Madurai
4/1/2025,30.4,25.4,36.8,59.5,,1008.4,,Madurai
5/1/2025,30.5,26,36.5,53.8,,1006,,Madurai
6/1/2025,30.8,26.3,36.9,28.3,,1006.5,,Madurai
7/1/2025,30.7,26.4,36.8,26.1,,1006.2,,Madurai
8/1/2025,29.7,25.4,36.3,94.6,,1007.3,,Madurai
9/1/2025,29.8,25.5,36.5,112.4,,1007.6,,Madurai
10/1/2025,27,23.6,32.3,305.1,,1008.9,,Madurai
11/1/2025,26.4,22.9,31.4,272.1,,1011.6,,Madurai
12/1/2025,25.1,20.7,30.1,30.9,,1012.3,,Madurai
1/1/2020,17.6,11.1,24.1,28,,1016.5,11700,Guwahati
2/1/2020,19.6,12.3,26.9,16,,1016.2,5220,Guwahati
3/1/2020,24,16.6,31.4,25,,1012.2,,Guwahati
4/1/2020,25.5,19,32,245,,1010.5,9060,Guwahati
5/1/2020,26.9,21.9,32,358,,1007.1,9660,Guwahati
6/1/2020,28.9,24.6,33.2,431,,1003.2,7200,Guwahati
7/1/2020,29.1,25.4,32.7,200,,1002.9,,Guwahati
8/1/2020,30.3,25.7,34.9,174,,1001.7,,Guwahati
9/1/2020,28.8,24.6,33,256,,1005.5,5220,Guwahati
10/1/2020,29.1,24.5,33.7,55,,1008,7560,Guwahati
11/1/2020,23.5,17.2,29.9,0,,1015.2,9240,Guwahati
12/1/2020,19.5,13.1,26.2,0,,1015.6,7200,Guwahati
1/1/2021,18.9,12.7,25.2,0,,1015.1,4740,Guwahati
2/1/2021,21.2,13.5,28.9,7,,1014,6120,Guwahati
3/1/2021,24.9,17.6,32.3,75,,1010.7,9960,Guwahati
4/1/2021,27.1,20.7,33.4,132,,1008.9,6900,Guwahati
5/1/2021,27.9,23.4,32.5,111,,1006.6,,Guwahati
6/1/2021,29.7,25.7,33.7,270,,1002.5,,Guwahati
7/1/2021,28.9,26.2,31.7,186,,1001.8,5760,Guwahati
8/1/2021,30.1,26.3,33.9,84,,1003.4,7020,Guwahati
9/1/2021,30.3,25.8,34.7,193,,1006.4,7020,Guwahati
10/1/2021,28.7,23.8,33.7,56,,1009.3,10980,Guwahati
11/1/2021,22.9,16.5,29.3,0,,1013.3,9780,Guwahati
12/1/2021,19.9,12.7,27,0,,1016.8,10620,Guwahati
1/1/2022,18.3,11.5,25.2,33,,1015.1,7980,Guwahati
2/1/2022,18.1,11,25.3,50,,1013.8,7740,Guwahati
3/1/2022,25.9,18.3,33.6,5,,1009.2,11160,Guwahati
4/1/2022,25.9,21.5,30.3,101,,1008.6,6900,Guwahati
5/1/2022,28,23.6,32.4,293,,1004.1,8100,Guwahati
6/1/2022,28.1,24.5,31.7,501,,1002.7,3240,Guwahati
7/1/2022,30.9,26.5,35.2,179,,1003,10500,Guwahati
8/1/2022,31,26.7,35.3,159,,1003,10260,Guwahati
9/1/2022,30.1,25.7,34.4,81,,1006.1,8280,Guwahati
10/1/2022,27.2,22.6,31.8,159,,1011.1,9780,Guwahati
11/1/2022,23.7,17.3,30.2,0,,1013.7,14040,Guwahati
12/1/2022,20.4,14.1,26.8,0,,1014.3,8520,Guwahati
1/1/2023,18.5,11,26.1,0,,1016.2,7320,Guwahati
2/1/2023,21.5,14.9,28.2,0,,1013.7,,Guwahati
3/1/2023,24,17.5,30.5,138,,1012.7,9960,Guwahati
4/1/2023,26.3,20,32.7,111,,1008.7,11700,Guwahati
5/1/2023,27.9,22.4,33.4,149,,1007.2,11040,Guwahati
6/1/2023,29.2,25,33.4,338,,1002.6,5880,Guwahati
7/1/2023,30.3,26.1,34.6,171,,1003.3,8280,Guwahati
8/1/2023,29.8,25.9,33.8,90,,1002.5,6060,Guwahati
9/1/2023,30.3,25.5,35.2,101,,1005.3,9480,Guwahati
10/1/2023,26.7,21.2,32.2,111,,1011.8,10080,Guwahati
11/1/2023,24,17.5,30.4,0,,1015.7,11280,Guwahati
12/1/2023,20.6,13.9,27.2,7,,1016.8,7920,Guwahati
1/1/2024,18,11.4,24.6,10,,1017.5,6960,Guwahati
2/1/2024,19.5,12.3,26.7,5,,1016.4,8400,Guwahati
3/1/2024,23.3,16,30.6,48,,1013.1,7800,Guwahati
4/1/2024,27.9,21.8,34,88,,1006.5,10620,Guwahati
5/1/2024,28.7,23.5,33.9,241,,1005.6,8040,Guwahati
6/1/2024,29,25.6,32.4,385,,1002.5,3960,Guwahati
7/1/2024,30.7,26.9,34.5,244,,1000.4,7560,Guwahati
8/1/2024,30,26.1,33.9,263,,1004.4,5640,Guwahati
9/1/2024,30.6,26.1,35.2,84,,1004.9,8460,Guwahati
10/1/2024,27.1,23.5,30.8,154,,1010.8,5580,Guwahati
11/1/2024,24.2,18.3,30.1,2,,1014.3,10200,Guwahati
12/1/2024,19.6,13,26.3,0,,1015.7,7980,Guwahati
1/1/2025,19.1,13.1,25.2,4,,1015.5,3720,Guwahati
2/1/2025,20.4,13.5,27.3,1,,1014.5,4320,Guwahati
3/1/2025,24.3,17.2,31.5,18,,1010.6,7020,Guwahati
4/1/2025,26.9,21.2,32.6,118,,1009.1,6360,Guwahati
5/1/2025,27.3,23.2,31.3,448,,1005.4,6180,Guwahati
6/1/2025,30.2,25.9,34.4,185,,1001.8,7920,Guwahati
7/1/2025,30.7,26.8,34.7,208,,1000.5,7560,Guwahati
8/1/2025,29.6,26,33.2,319,,1004.6,6240,Guwahati
9/1/2025,30,26.2,33.8,197,,1005.8,8820,Guwahati
10/1/2025,27.9,23.8,32,68,,1011,9420,Guwahati
11/1/2025,23.8,18.5,29,27,,1014.3,9780,Guwahati
12/1/2025,19.6,13.7,25.4,0,,1016.3,8400,Guwahati
1/1/2020,,,,,,,,Chandigarh
2/1/2020,,,,,,,,Chandigarh
3/1/2020,,,,,,,,Chandigarh
4/1/2020,,,,,,,,Chandigarh
5/1/2020,,,,,,,,Chandigarh
6/1/2020,,,,,,,,Chandigarh
7/1/2020,,,,,,,,Chandigarh
8/1/2020,,,,,,,,Chandigarh
9/1/2020,,,,,,,,Chandigarh
10/1/2020,,,,,,,,Chandigarh
11/1/2020,,,,,,,,Chandigarh
12/1/2020,,,,,,,,Chandigarh
1/1/2021,8.6,4.6,15,,,1015.8,,Chandigarh
2/1/2021,12.7,6.9,19.5,4.4,,1014.8,,Chandigarh
3/1/2021,19.1,12.4,26.1,2.9,,1010.6,,Chandigarh
4/1/2021,22.5,15,30,19.3,,1008.6,,Chandigarh
5/1/2021,24.6,18.8,31.5,19.5,,1004.4,,Chandigarh
6/1/2021,26.4,21.4,31.9,32.1,,1000.5,,Chandigarh
7/1/2021,26.1,22.6,30.2,218.4,,999.4,,Chandigarh
8/1/2021,24.5,21.4,28,108,,1001.8,,Chandigarh
9/1/2021,23.6,20.6,27.3,62,,1005.6,,Chandigarh
10/1/2021,20.4,15.6,26.2,106,,1009,,Chandigarh
11/1/2021,14,7.8,21.6,0,,1013.7,,Chandigarh
12/1/2021,9.4,4.1,16.1,5.3,,1018.3,,Chandigarh
1/1/2022,7.9,4.2,12.9,138.9,,1016,,Chandigarh
2/1/2022,10.3,4.8,16.4,45.9,,1013.4,,Chandigarh
3/1/2022,19.5,12.8,27,0,,1009.6,,Chandigarh
4/1/2022,26.2,17.6,34.5,0,,1005,,Chandigarh
5/1/2022,27.4,20.9,34.3,,,1000.7,,Chandigarh
6/1/2022,27.9,21.7,34,67.1,,999,,Chandigarh
7/1/2022,24.8,21.8,28.7,277.7,,1001.4,,Chandigarh
8/1/2022,24.4,21.2,28.2,117.2,,1001.9,,Chandigarh
9/1/2022,23.6,19.7,27.9,120.5,,1004.8,,Chandigarh
10/1/2022,19.4,14.4,25.3,13.6,,1011.3,,Chandigarh
11/1/2022,15.2,9.8,21.9,2,,1014.6,,Chandigarh
12/1/2022,10.6,5.4,17.5,2,,1015.6,,Chandigarh
1/1/2023,7.7,3.4,14,71.3,,1018.2,,Chandigarh
2/1/2023,13.4,7.9,20.2,2.3,,1014.3,,Chandigarh
3/1/2023,16.6,10.8,23,35,,1013.1,,Chandigarh
4/1/2023,21,14.4,28.4,30.8,,1009.2,,Chandigarh
5/1/2023,23.4,17.1,30.3,94.7,,1006.1,,Chandigarh
6/1/2023,25.7,20.8,31.1,86.5,,1001.2,,Chandigarh
7/1/2023,24.4,21.3,28.4,381.9,,1001.3,,Chandigarh
8/1/2023,24.4,20.9,28.5,96.1,,1001.3,,Chandigarh
9/1/2023,24.2,20.1,29,43.7,,1004.8,,Chandigarh
10/1/2023,20,14.1,26.9,6.1,,1011.6,,Chandigarh
11/1/2023,15.3,9.7,22.1,14.9,,1016,,Chandigarh
12/1/2023,10.4,5.1,17.9,0,,1017.6,,Chandigarh
1/1/2024,6.4,2.1,13.6,3.6,,1018.4,,Chandigarh
2/1/2024,10.4,5.2,17,28.7,,1017,,Chandigarh
3/1/2024,15.8,9.7,22.5,54.3,,1013.2,,Chandigarh
4/1/2024,21.9,14.8,29.2,1,,1007.9,,Chandigarh
5/1/2024,27.9,20.9,35.2,0.6,,1002.5,,Chandigarh
6/1/2024,30.1,24,36.3,18.4,,999,,Chandigarh
7/1/2024,25.7,22.1,30,208.2,,998.1,,Chandigarh
8/1/2024,,,,,,,,Chandigarh
9/1/2024,24.6,,,,,,,Chandigarh
10/1/2024,21.5,15.7,27.6,0,,1009.7,,Chandigarh
11/1/2024,16.1,10.9,22.5,0,,1014.6,,Chandigarh
12/1/2024,9.8,5,16.3,,,1016.5,,Chandigarh
1/1/2025,9.3,5,16.1,5.5,,1016.5,,Chandigarh
2/1/2025,12.9,7.8,19.7,30.3,,1015,,Chandigarh
3/1/2025,,,,,,,,Chandigarh
4/1/2025,24.9,17.8,32.5,13.5,,1006.4,,Chandigarh
5/1/2025,26,20.4,32.4,26.5,,1002.8,,Chandigarh
6/1/2025,26.4,21.8,31.4,137.8,,999.8,,Chandigarh
7/1/2025,24.6,21.6,28.4,238.6,,999.2,,Chandigarh
8/1/2025,23.7,21.1,27.1,295,,1002.6,,Chandigarh
9/1/2025,23.5,20.2,27.3,232.1,,1005.1,,Chandigarh
10/1/2025,19.4,14.6,25.3,56.9,,1011.1,,Chandigarh
11/1/2025,13.7,8.6,20.6,1.6,,1015.3,,Chandigarh
12/1/2025,10,5.6,16.2,0,,1016.7,,Chandigarh
1/1/2020,,,,,,,,Amroha
2/1/2020,,,,,,,,Amroha
3/1/2020,,,,,,,,Amroha
4/1/2020,,,,,,,,Amroha
5/1/2020,,,,,,,,Amroha
6/1/2020,,,,,,,,Amroha
7/1/2020,,,,,,,,Amroha
8/1/2020,,,,,,,,Amroha
9/1/2020,,,,,,,,Amroha
10/1/2020,,,,,,,,Amroha
11/1/2020,,,,,,,,Amroha
12/1/2020,,,,,,,,Amroha
1/1/2021,12.7,8,19.5,,,1015.8,,Amroha
2/1/2021,17.1,10.7,25.5,12.3,,1014.7,,Amroha
3/1/2021,23,15.9,31.3,1.6,,1010.5,,Amroha
4/1/2021,27.5,19.6,36.3,4.1,,1008,,Amroha
5/1/2021,28.5,23,35.2,162.6,,1004.2,,Amroha
6/1/2021,30.5,25.6,35.9,35.7,,1000.2,,Amroha
7/1/2021,30.3,27.1,34.4,331.3,,999.1,,Amroha
8/1/2021,29.7,26.9,33,171.8,,1001.8,,Amroha
9/1/2021,29,26.1,32.3,142.4,,1005.2,,Amroha
10/1/2021,25.8,21.3,31.2,192,,1008.7,,Amroha
11/1/2021,19.3,13.6,26.3,0,,1013.5,,Amroha
12/1/2021,15.5,10.5,22.2,4,,1017.8,,Amroha
1/1/2022,13.9,9.7,19.4,115.4,,1016,,Amroha
2/1/2022,16,10.8,22.3,67.1,,1013.2,,Amroha
3/1/2022,24.7,17.7,32.7,0,,1009.1,,Amroha
4/1/2022,31.1,22.7,40,0.2,,1004.6,,Amroha
5/1/2022,30.8,25.3,37.2,,,1001.2,,Amroha
6/1/2022,32.9,27,39,74.8,,998.9,,Amroha
7/1/2022,30.3,27.3,34.1,237.8,,1001.2,,Amroha
8/1/2022,29.7,26.7,33.2,130.1,,1001.7,,Amroha
9/1/2022,28.6,25.2,32.8,134.4,,1004.6,,Amroha
10/1/2022,24.3,19.9,29.5,229.9,,1011.1,,Amroha
11/1/2022,20.3,15.2,27.1,0.2,,1014.2,,Amroha
12/1/2022,15.6,10.5,22.7,0.7,,1015.1,,Amroha
1/1/2023,13.3,8.8,19.5,30.8,,1017.6,,Amroha
2/1/2023,18.9,12.7,26,0,,1013.8,,Amroha
3/1/2023,22.7,16.6,29.5,100.1,,1012.5,,Amroha
4/1/2023,26.7,19.8,34.3,17.6,,1008.5,,Amroha
5/1/2023,28.7,22.4,35.6,31.3,,1005.7,,Amroha
6/1/2023,32.1,27.2,37.4,113,,1000.6,,Amroha
7/1/2023,29.6,26.6,33.4,409.5,,1001.3,,Amroha
8/1/2023,29.7,26.6,33.6,250.3,,1001.3,,Amroha
9/1/2023,29,25.5,33.2,112.5,,1004.5,,Amroha
10/1/2023,25.1,19.6,31.6,4.1,,1011.3,,Amroha
11/1/2023,20.7,15.5,27.4,9.8,,1015.8,,Amroha
12/1/2023,16.2,11,23.3,0.4,,1017.2,,Amroha
1/1/2024,12.3,7.4,19.2,7.2,,1017.9,,Amroha
2/1/2024,16.8,11,23.6,44,,1016.5,,Amroha
3/1/2024,22.8,16.1,30,47.1,,1012.6,,Amroha
4/1/2024,30.1,22.6,37.6,0,,1006.8,,Amroha
5/1/2024,33.4,26.9,40.9,1.5,,1002.3,,Amroha
6/1/2024,34.8,29,40.9,111.4,,998.8,,Amroha
7/1/2024,30.1,27.2,33.6,297,,998.2,,Amroha
8/1/2024,,,,,,,,Amroha
9/1/2024,,,,,,,,Amroha
10/1/2024,26.7,21.9,32.4,0.3,,1009.5,,Amroha
11/1/2024,21.2,16.4,27.7,0,,1014.4,,Amroha
12/1/2024,15.2,10.4,21.8,,,1016.2,,Amroha
1/1/2025,14.4,9.9,20.8,9.5,,1016.2,,Amroha
2/1/2025,18.2,13.4,24.7,19.2,,1014.5,,Amroha
3/1/2025,,,,,,,,Amroha
4/1/2025,28.8,21.8,36.5,3.2,,1006.5,,Amroha
5/1/2025,30.3,25.2,35.7,25.7,,1002.9,,Amroha
6/1/2025,31,26.8,35.7,185.8,,999.9,,Amroha
7/1/2025,30.1,27.1,33.8,134.5,,999,,Amroha
8/1/2025,29.2,26.6,32.6,281.7,,1002.5,,Amroha
9/1/2025,29,25.8,32.9,154.6,,1004.8,,Amroha
10/1/2025,25.1,20.6,30.6,38.6,,1010.8,,Amroha
11/1/2025,19,13.6,26,0.2,,1015,,Amroha
12/1/2025,14.9,10.3,21.7,0,,1016.6,,Amroha
1/1/2020,,,,,,,,Moradabad
2/1/2020,,,,,,,,Moradabad
3/1/2020,,,,,,,,Moradabad
4/1/2020,,,,,,,,Moradabad
5/1/2020,,,,,,,,Moradabad
6/1/2020,,,,,,,,Moradabad
7/1/2020,,,,,,,,Moradabad
8/1/2020,,,,,,,,Moradabad
9/1/2020,,,,,,,,Moradabad
10/1/2020,,,,,,,,Moradabad
11/1/2020,,,,,,,,Moradabad
12/1/2020,,,,,,,,Moradabad
1/1/2021,13.2,8.3,20.2,,,1015.4,,Moradabad
2/1/2021,18,11.3,25.6,5.7,,1014.2,,Moradabad
3/1/2021,24.4,16.9,32.3,0.4,,1009.9,,Moradabad
4/1/2021,28.7,19.8,37.4,4.5,,1007.2,,Moradabad
5/1/2021,29,23.1,35.8,106.4,,1004.1,,Moradabad
6/1/2021,29.9,25.4,35.5,128.3,,1000.3,,Moradabad
7/1/2021,30.3,26.6,34.7,568.5,,999.1,,Moradabad
8/1/2021,29.7,26.9,33,171.8,,1001.8,,Moradabad
9/1/2021,29,26.1,32.3,142.4,,1005.2,,Moradabad
10/1/2021,25.8,21.3,31.2,192,,1008.7,,Moradabad
11/1/2021,19.3,13.6,26.3,0,,1013.5,,Moradabad
12/1/2021,15.5,10.5,22.2,4,,1017.8,,Moradabad
1/1/2022,13.9,9.7,19.4,115.4,,1016,,Moradabad
2/1/2022,16,10.8,22.3,67.1,,1013.2,,Moradabad
3/1/2022,24.7,17.7,32.7,0,,1009.1,,Moradabad
4/1/2022,31.1,22.7,40,0.2,,1004.6,,Moradabad
5/1/2022,30.8,25.3,37.2,,,1001.2,,Moradabad
6/1/2022,32.9,27,39,74.8,,998.9,,Moradabad
7/1/2022,30.3,27.3,34.1,237.8,,1001.2,,Moradabad
8/1/2022,29.7,26.7,33.2,130.1,,1001.7,,Moradabad
9/1/2022,28.6,25.2,32.8,134.4,,1004.6,,Moradabad
10/1/2022,24.3,19.9,29.5,229.9,,1011.1,,Moradabad
11/1/2022,20.3,15.2,27.1,0.2,,1014.2,,Moradabad
12/1/2022,15.6,10.5,22.7,0.7,,1015.1,,Moradabad
1/1/2023,13.3,8.8,19.5,30.8,,1017.6,,Moradabad
2/1/2023,18.9,12.7,26,0,,1013.8,,Moradabad
3/1/2023,22.7,16.6,29.5,100.1,,1012.5,,Moradabad
4/1/2023,26.7,19.8,34.3,17.6,,1008.5,,Moradabad
5/1/2023,28.7,22.4,35.6,31.3,,1005.7,,Moradabad
6/1/2023,32.1,27.2,37.4,113,,1000.6,,Moradabad
7/1/2023,29.6,26.6,33.4,409.5,,1001.3,,Moradabad
8/1/2023,29.7,26.6,33.6,250.3,,1001.3,,Moradabad
9/1/2023,29,25.5,33.2,112.5,,1004.5,,Moradabad
10/1/2023,25.1,19.6,31.6,4.1,,1011.3,,Moradabad
11/1/2023,20.7,15.5,27.4,9.8,,1015.8,,Moradabad
12/1/2023,16.2,11,23.3,0.4,,1017.2,,Moradabad
1/1/2024,12.3,7.4,19.2,7.2,,1017.9,,Moradabad
2/1/2024,16.8,11,23.6,44,,1016.5,,Moradabad
3/1/2024,22.8,16.1,30,47.1,,1012.6,,Moradabad
4/1/2024,30.1,22.6,37.6,0,,1006.8,,Moradabad
5/1/2024,33.4,26.9,40.9,1.5,,1002.3,,Moradabad
6/1/2024,34.8,29,40.9,111.4,,998.8,,Moradabad
7/1/2024,30.1,27.2,33.6,297,,998.2,,Moradabad
8/1/2024,29.2,25.6,33.8,,,,,Moradabad
9/1/2024,27.8,24.4,32.3,,,1003.5,,Moradabad
10/1/2024,26.7,21.9,32.4,0.3,,1009.5,,Moradabad
11/1/2024,21.2,16.4,27.7,0,,1014.4,,Moradabad
12/1/2024,15.2,10.4,21.8,,,1016.2,,Moradabad
1/1/2025,14.4,9.9,20.8,9.5,,1016.2,,Moradabad
2/1/2025,18.2,13.4,24.7,19.2,,1014.5,,Moradabad
3/1/2025,,,,,,,,Moradabad
4/1/2025,28.8,21.8,36.5,3.2,,1006.5,,Moradabad
5/1/2025,30.3,25.2,35.7,25.7,,1002.9,,Moradabad
6/1/2025,31,26.8,35.7,185.8,,999.9,,Moradabad
7/1/2025,30.1,27.1,33.8,134.5,,999,,Moradabad
8/1/2025,29.2,26.6,32.6,281.7,,1002.5,,Moradabad
9/1/2025,29,25.8,32.9,154.6,,1004.8,,Moradabad
10/1/2025,25.1,20.6,30.6,38.6,,1010.8,,Moradabad
11/1/2025,19,13.6,26,0.2,,1015,,Moradabad
12/1/2025,14.9,10.3,21.7,0,,1016.6,,Moradabad
1/1/2020,13.1,8.8,18.7,48,,1017.4,9420,Gurgaon
2/1/2020,16.9,11.4,23.6,2,,1016.7,12120,Gurgaon
3/1/2020,21.4,15.7,27.7,109,,1012.8,12420,Gurgaon
4/1/2020,28.3,21.4,35.4,14,,1009.3,15420,Gurgaon
5/1/2020,32.3,25,39.9,21,,1004.2,16080,Gurgaon
6/1/2020,33.1,27.5,38.9,82,,1000.5,13260,Gurgaon
7/1/2020,31.1,27.5,36.1,237,,1000.1,10740,Gurgaon
8/1/2020,29.8,26.8,33.9,237,,999.6,9180,Gurgaon
9/1/2020,30.6,26.7,34.9,21,,1004,13740,Gurgaon
10/1/2020,25.9,19.8,33.1,0,,1009.1,13320,Gurgaon
11/1/2020,18.6,13,26,1,,1016.7,6960,Gurgaon
12/1/2020,14.4,9.4,21.3,2,,1016.9,8520,Gurgaon
1/1/2021,12.9,8.8,18.2,57,,1016.1,6540,Gurgaon
2/1/2021,18.5,12.5,26,2,,1014.9,12120,Gurgaon
3/1/2021,24.9,18.3,32,4,,1011.1,,Gurgaon
4/1/2021,29.3,21.4,37.2,3,,1008.5,13800,Gurgaon
5/1/2021,30.5,24.6,37.7,144,,1004.7,11580,Gurgaon
6/1/2021,32.3,26.9,37.7,35,,1000.9,11700,Gurgaon
7/1/2021,31.4,27.6,36.2,507,,999.8,10320,Gurgaon
8/1/2021,30.5,27.4,34.4,214,,1002.3,9480,Gurgaon
9/1/2021,28.6,25.5,33,413,,1005.5,9360,Gurgaon
10/1/2021,26.4,21.9,32,123,,1009.9,15360,Gurgaon
11/1/2021,20,15,26.2,0,,1014.4,10260,Gurgaon
12/1/2021,15.3,10.9,21,9,,1018.6,7200,Gurgaon
1/1/2022,12.6,9.5,17.6,88,,1016.6,3600,Gurgaon
2/1/2022,17.1,11.9,23.5,29,,1013.7,12660,Gurgaon
3/1/2022,25.8,19.4,32.7,0,,1010.2,14700,Gurgaon
4/1/2022,33,25.6,40.4,0,,1005.8,13440,Gurgaon
5/1/2022,33.5,27.4,40.6,45,,1001.1,7260,Gurgaon
6/1/2022,34.7,29.2,41.1,26.7,,1000,9780,Gurgaon
7/1/2022,30.9,27.6,35.8,248.6,,1001.4,7980,Gurgaon
8/1/2022,30.2,26.9,34.4,121.5,,1002.2,9660,Gurgaon
9/1/2022,29.5,26.1,34.1,226.6,,1005.2,,Gurgaon
10/1/2022,25.4,21,30.8,73.1,,1011.8,10500,Gurgaon
11/1/2022,21.1,16,27.2,8.5,,1015.1,9000,Gurgaon
12/1/2022,15.2,10.2,21.6,0,,1016.3,9660,Gurgaon
1/1/2023,12.8,8.7,18.2,36.4,,1018.4,5340,Gurgaon
2/1/2023,19.7,13.6,26.6,0,,1014.8,13380,Gurgaon
3/1/2023,23.5,18.2,29.7,83.9,,1013.3,11400,Gurgaon
4/1/2023,28.2,22.3,35.2,1.8,,1009.3,13740,Gurgaon
5/1/2023,30.1,24.4,37.2,67.8,,1006.5,13740,Gurgaon
6/1/2023,31.4,26.8,36.8,134.8,,1001.8,11340,Gurgaon
7/1/2023,29.9,26.9,34.1,206.5,,1001.5,6240,Gurgaon
8/1/2023,30.8,27.5,35.1,101.4,,1002.2,9420,Gurgaon
9/1/2023,30,26.1,34.9,102.4,,1005.3,11040,Gurgaon
10/1/2023,26.5,21.2,32.1,9.3,,1012.4,,Gurgaon
11/1/2023,20.7,15.8,26.6,10.6,,1016.5,,Gurgaon
12/1/2023,15.9,11.2,21.9,1.2,,1018.2,8520,Gurgaon
1/1/2024,11.4,8.1,16.5,11.3,,1018.7,2460,Gurgaon
2/1/2024,16.9,11.5,23.2,28.6,,1017.4,9840,Gurgaon
3/1/2024,23.2,16.6,29.8,5.7,,1013.4,,Gurgaon
4/1/2024,29.9,23.2,36.3,0.2,,1008.3,13860,Gurgaon
5/1/2024,35.2,28.9,41.4,1.5,,1003,13860,Gurgaon
6/1/2024,35.7,30.3,41.3,143,,1000,8820,Gurgaon
7/1/2024,31.3,27.5,35.4,175.4,,998.4,,Gurgaon
8/1/2024,29.4,25.9,33.3,337.2,,1002.7,8040,Gurgaon
9/1/2024,28.5,25,32.8,201.8,,1004.7,7140,Gurgaon
10/1/2024,28.1,22.9,33.7,0,,1010.5,12780,Gurgaon
11/1/2024,21.7,16.4,27.9,0,,1015,2520,Gurgaon
12/1/2024,15,9.8,21.4,54,,1017.2,2520,Gurgaon
1/1/2025,13.8,9.5,19.6,19.7,,1017,7560,Gurgaon
2/1/2025,18.5,12.5,25.3,23.4,,1015.4,10800,Gurgaon
3/1/2025,23.9,16.7,30.8,18,,1011.9,15780,Gurgaon
4/1/2025,31.1,24,37.8,0.5,,1006.8,13320,Gurgaon
5/1/2025,31.5,26,37.6,126.3,,1002.9,10320,Gurgaon
6/1/2025,32.3,28.2,37,128.7,,1000.1,7980,Gurgaon
7/1/2025,29.7,25.9,34,256.9,,999.4,6720,Gurgaon
8/1/2025,29.2,25.8,33,282.9,,1003,5820,Gurgaon
9/1/2025,29.7,26.1,33.8,112.1,,1005.9,12060,Gurgaon
10/1/2025,25.2,20.9,30.4,89,,1011.9,9420,Gurgaon
11/1/2025,19,13.2,26,0,,1016,8820,Gurgaon
12/1/2025,14.7,9.8,21.6,0,,1017.3,7380,Gurgaon
1/1/2020,12.2,7.7,18.4,48,,1017.6,9420,Aligarh
2/1/2020,17,10.2,24.5,2,,1016.8,12120,Aligarh
3/1/2020,22.5,16.2,28.6,109,,1012.6,12420,Aligarh
4/1/2020,29.4,21.7,36.1,14,,1008.6,15420,Aligarh
5/1/2020,32.9,25.8,39.1,21,,1003.4,16080,Aligarh
6/1/2020,33,28,37.9,82,,999.9,13260,Aligarh
7/1/2020,31.6,28,36,237,,999.7,10740,Aligarh
8/1/2020,29.6,26.7,33.3,237,,999.1,9180,Aligarh
9/1/2020,30.5,26,35.7,21,,1003.5,13740,Aligarh
10/1/2020,26.2,18.5,34.3,0,,1008.2,13320,Aligarh
11/1/2020,18.4,11.8,26.9,1,,1016.3,6960,Aligarh
12/1/2020,14.3,8.8,22.5,2,,1016.8,8520,Aligarh
1/1/2021,13.5,8.5,20,57,,1015.7,6540,Aligarh
2/1/2021,17.9,11.4,25.3,23.6,,1014.6,12120,Aligarh
3/1/2021,24.2,17,32,1.9,,1010.5,,Aligarh
4/1/2021,29,21,37.4,0,,1007.8,13800,Aligarh
5/1/2021,29.9,24.4,36.5,93,,1003.9,11580,Aligarh
6/1/2021,32.3,27.2,37.5,16.4,,1000,11700,Aligarh
7/1/2021,31.1,28,34.8,367.6,,998.9,10320,Aligarh
8/1/2021,29,26.1,33,199.6,,1001.5,9480,Aligarh
9/1/2021,27.7,25,31.4,188.8,,1004.7,9360,Aligarh
10/1/2021,25.2,20.5,31.2,65,,1008.9,15360,Aligarh
11/1/2021,18.8,13.2,26.1,1.1,,1013.7,10260,Aligarh
12/1/2021,14.8,9.8,21.3,11.4,,1018,7200,Aligarh
1/1/2022,12.5,7.9,18.2,50.5,,1016.2,3600,Aligarh
2/1/2022,15.6,9.8,22.4,38.5,,1013.3,12660,Aligarh
3/1/2022,24.7,17.1,32.7,0.8,,1009.4,14700,Aligarh
4/1/2022,32.3,23.5,40.7,0,,1004.6,13440,Aligarh
5/1/2022,33,26.4,40.4,45,,1000.4,7260,Aligarh
6/1/2022,33.9,28.1,39.9,34.9,,998.9,9780,Aligarh
7/1/2022,30.2,26.7,34.6,191.8,,1000.6,7980,Aligarh
8/1/2022,28.8,25.8,32.6,134.3,,1001.4,9660,Aligarh
9/1/2022,28.1,24.8,32.3,124.5,,1004.4,,Aligarh
10/1/2022,24.1,19.3,29.8,134.1,,1011,10500,Aligarh
11/1/2022,20,14.4,27.2,0.9,,1014.4,9000,Aligarh
12/1/2022,15.2,9.7,22.8,0,,1015.6,9660,Aligarh
1/1/2023,12.4,7.3,19.1,69.1,,1017.9,5340,Aligarh
2/1/2023,18.7,12.1,26.4,0,,1014.2,13380,Aligarh
3/1/2023,22.3,15.9,29.3,55,,1012.7,11400,Aligarh
4/1/2023,27.4,20.2,34.8,10.8,,1008.6,13740,Aligarh
5/1/2023,29.8,23.1,37.1,34.1,,1005.6,13740,Aligarh
6/1/2023,31.5,26.6,36.6,124.2,,1000.7,11340,Aligarh
7/1/2023,29.1,26.1,32.8,257,,1000.9,6240,Aligarh
8/1/2023,29.4,26.2,33.3,180,,1001.5,9420,Aligarh
9/1/2023,28.4,24.8,32.7,109,,1004.3,11040,Aligarh
10/1/2023,25.2,19.2,32.1,1.5,,1011.4,,Aligarh
11/1/2023,20.2,14.7,26.6,14.2,,1015.8,,Aligarh
12/1/2023,15.4,10.1,22.2,7.9,,1017.5,8520,Aligarh
1/1/2024,11.1,5.8,18,4.7,,1018.1,2460,Aligarh
2/1/2024,15.7,10,22.4,28,,1016.8,9840,Aligarh
3/1/2024,21.4,14.6,28.6,15.7,,1012.8,,Aligarh
4/1/2024,29.2,21.5,36.5,0.3,,1007.2,13860,Aligarh
5/1/2024,33.9,26.5,41.5,0.2,,1002,13860,Aligarh
6/1/2024,35.2,29.5,41,134.6,,998.9,8820,Aligarh
7/1/2024,29.7,26.6,33.7,188,,997.8,,Aligarh
8/1/2024,29.3,27.1,32.5,390,,1001.4,8040,Aligarh
9/1/2024,29,26.3,32.9,193,,1003,7140,Aligarh
10/1/2024,26.3,20.9,32.3,0,,1009.6,12780,Aligarh
11/1/2024,21,15.3,27.8,0,,1014.5,2520,Aligarh
12/1/2024,14.5,9.5,21.2,54,,1016.4,2520,Aligarh
1/1/2025,13.6,8.6,20.2,17.3,,1016.4,7560,Aligarh
2/1/2025,18.1,12.3,24.7,14.3,,1014.8,10800,Aligarh
3/1/2025,24.5,16.8,31.4,18,,1010.7,15780,Aligarh
4/1/2025,30.9,23.2,39,5.9,,1006,13320,Aligarh
5/1/2025,31.3,25.4,38,28.9,,1002.3,10320,Aligarh
6/1/2025,31.2,26.4,36.5,141.4,,999.4,7980,Aligarh
7/1/2025,29.1,26.2,32.9,177.8,,998.6,6720,Aligarh
8/1/2025,28.5,25.8,31.9,286.3,,1002.2,5820,Aligarh
9/1/2025,28.2,24.8,32.5,130.4,,1004.7,12060,Aligarh
10/1/2025,24.1,19.5,29.5,49.3,,1010.9,9420,Aligarh
11/1/2025,18.1,12.5,25.6,0,,1015.3,8820,Aligarh
12/1/2025,14.4,9.4,21.5,0,,1016.8,7380,Aligarh
1/1/2020,,,,,,,,Solapur
2/1/2020,,,,,,,,Solapur
3/1/2020,,,,,,,,Solapur
4/1/2020,,,,,,,,Solapur
5/1/2020,,,,,,,,Solapur
6/1/2020,,,,,,,,Solapur
7/1/2020,,,,,,,,Solapur
8/1/2020,,,,,,,,Solapur
9/1/2020,,,,,,,,Solapur
10/1/2020,,,,,,,,Solapur
11/1/2020,,,,,,,,Solapur
12/1/2020,,,,,,,,Solapur
1/1/2021,26.1,20.5,32.3,,,1011.7,,Solapur
2/1/2021,26.2,19.5,32.8,0.4,,1012.7,,Solapur
3/1/2021,30.6,23.3,37.2,2,,1010,,Solapur
4/1/2021,32.1,25.4,38.2,1.2,,1008.3,,Solapur
5/1/2021,30.6,24.5,37,107.1,,1005.8,,Solapur
6/1/2021,27,22.5,32.5,183.2,,1006.2,,Solapur
7/1/2021,26.2,22.1,30.6,148.6,,1004.7,,Solapur
8/1/2021,26.7,21.9,31,85.1,,1006.5,,Solapur
9/1/2021,26.1,21.4,30.6,267.2,,1006,,Solapur
10/1/2021,26.7,20.8,32.8,41.7,,1009.2,,Solapur
11/1/2021,26,20.4,31.5,74.6,,1010.5,,Solapur
12/1/2021,23.8,17.9,30,12.8,,1014.1,,Solapur
1/1/2022,23.6,17.6,30,0.4,,1013,,Solapur
2/1/2022,26.6,20.1,33.1,0,,1011,,Solapur
3/1/2022,30.9,24,37.5,0.8,,1008.6,,Solapur
4/1/2022,33.7,27.2,40.2,25.9,,1006.8,,Solapur
5/1/2022,32.2,26.2,38.6,,,1003.7,,Solapur
6/1/2022,28.7,24.4,35,97.1,,1004.6,,Solapur
7/1/2022,25.5,22.6,29.7,307.4,,1004.9,,Solapur
8/1/2022,25.8,22.5,30.6,201.3,,1005,,Solapur
9/1/2022,25.7,22,31,262.6,,1007.2,,Solapur
10/1/2022,25,20.3,30.9,165.4,,1010.6,,Solapur
11/1/2022,25.5,19.1,32.2,0,,1012.6,,Solapur
12/1/2022,25.1,19.2,31.8,2.9,,1012.4,,Solapur
1/1/2023,24.8,18.6,31.6,0.2,,1013.6,,Solapur
2/1/2023,27.3,19.5,34.6,0,,1012.9,,Solapur
3/1/2023,28.7,22.1,35,0.4,,1011.1,,Solapur
4/1/2023,31.3,24,37.9,39.6,,1008.7,,Solapur
5/1/2023,32.8,26.3,39.2,7.7,,1007.3,,Solapur
6/1/2023,31,25.7,37,71.7,,1005.5,,Solapur
7/1/2023,25.7,22.3,30,363.8,,1005.6,,Solapur
8/1/2023,27.3,22.3,32.3,53.3,,1008.1,,Solapur
9/1/2023,27.1,22.3,31.9,194.2,,1006.8,,Solapur
10/1/2023,27.3,21.3,34,63,,1011.6,,Solapur
11/1/2023,26.6,21.2,32.1,177.6,,1012.9,,Solapur
12/1/2023,23.4,18.2,30,0.1,,1014,,Solapur
1/1/2024,25.1,19.2,31.9,1,,1013.7,,Solapur
2/1/2024,28.2,21.7,34.9,0,,1013.3,,Solapur
3/1/2024,31.7,24.9,38,0,,1010.7,,Solapur
4/1/2024,33.7,27.1,40.3,36.6,,1007.2,,Solapur
5/1/2024,32.9,26.3,40.1,45.9,,1004.8,,Solapur
6/1/2024,27.4,23.9,32.8,368.3,,1005,,Solapur
7/1/2024,26.7,23,30.3,212.4,,1003.6,,Solapur
8/1/2024,26.7,23,,,,,,Solapur
9/1/2024,26.4,22.1,,218.2,,1007.1,,Solapur
10/1/2024,26.6,22,32.9,112.3,,1009.8,,Solapur
11/1/2024,24.8,19.1,31.8,5.8,,1012.5,,Solapur
12/1/2024,24.4,19,31.2,,,1012.4,,Solapur
1/1/2025,24.3,17.9,32.2,0,,1013.1,,Solapur
2/1/2025,27.7,20.5,35.3,0,,1012.6,,Solapur
3/1/2025,,,,,,,,Solapur
4/1/2025,33.1,26.1,40.5,6.3,,1007,,Solapur
5/1/2025,29.3,24.4,35.5,222.7,,1004.8,,Solapur
6/1/2025,27.5,23.8,32.8,82.9,,1004.6,,Solapur
7/1/2025,26.9,23.3,31.7,200.6,,1004.6,,Solapur
8/1/2025,25.7,22.3,30.3,355.4,,1006.7,,Solapur
9/1/2025,24.9,21.7,29.8,321.4,,1008,,Solapur
10/1/2025,25.8,21.4,32.3,119.5,,1010.3,,Solapur
11/1/2025,25,18.8,32.5,6,,1014.1,,Solapur
12/1/2025,23.2,16,32,0,,1015,,Solapur
1/1/2020,15.8,,,,,,,Ranchi
2/1/2020,17.8,11.7,25.1,,,1017.2,,Ranchi
3/1/2020,22.2,,,,,1013.9,,Ranchi
4/1/2020,27,,,,,1011,,Ranchi
5/1/2020,28.4,,,,,,,Ranchi
6/1/2020,26.7,23.5,30.8,,,1003.7,,Ranchi
7/1/2020,26.5,,,,,1004,,Ranchi
8/1/2020,26.3,,,,,1002,,Ranchi
9/1/2020,26.6,,,,,1006.3,,Ranchi
10/1/2020,,,,,,,,Ranchi
11/1/2020,20.6,,,,,1016.6,,Ranchi
12/1/2020,17.3,,,,,1016.5,,Ranchi
1/1/2021,18,11.8,25.7,,,1015.1,,Ranchi
2/1/2021,20,13.4,27.7,3.7,,1015.5,,Ranchi
3/1/2021,26.1,19,33.5,18.8,,1011.8,,Ranchi
4/1/2021,29.4,22.5,36.8,3.8,,1009.6,,Ranchi
5/1/2021,27.3,22,33.6,332.5,,1006.6,,Ranchi
6/1/2021,26.7,23.2,31.1,283,,1003.5,,Ranchi
7/1/2021,25.9,23.1,30.1,498,,1002.7,,Ranchi
8/1/2021,26.2,23.5,30.2,282.1,,1005.2,,Ranchi
9/1/2021,25.3,22.9,29.3,360,,1006.6,,Ranchi
10/1/2021,24.8,20.9,29.6,111.6,,1010.8,,Ranchi
11/1/2021,20.2,15.6,26.1,83.8,,1014.7,,Ranchi
12/1/2021,16.8,12.3,22.4,36.4,,1017.7,,Ranchi
1/1/2022,15.6,10.9,21.8,36.4,,1016,,Ranchi
2/1/2022,18.2,12.1,25.1,25.9,,1014.2,,Ranchi
3/1/2022,26,19.3,33.3,0.3,,1011.1,,Ranchi
4/1/2022,31.5,24.9,39,6.2,,1007.7,,Ranchi
5/1/2022,29.3,23.5,36.7,59.9,,1004.1,,Ranchi
6/1/2022,28.8,24.4,35.2,103,,1003.3,,Ranchi
7/1/2022,26.1,23.2,30.4,271,,1003.5,,Ranchi
8/1/2022,25.6,22.9,29.8,591,,1003.6,,Ranchi
9/1/2022,25.7,22.8,30.2,261.3,,1007.2,,Ranchi
10/1/2022,24,20.2,28.8,70.8,,1012.7,,Ranchi
11/1/2022,19.8,14.2,26.4,0,,1015.4,,Ranchi
12/1/2022,17.9,12.4,25.2,0,,1015.6,,Ranchi
1/1/2023,17.9,12.1,25.2,0,,1017,,Ranchi
2/1/2023,21.1,14.1,28.7,0,,1014.9,,Ranchi
3/1/2023,23.9,18.1,30.8,39.1,,1013.8,,Ranchi
4/1/2023,27.8,21.9,34.4,41.5,,1010.6,,Ranchi
5/1/2023,30,23.8,36.6,16.4,,1007.9,,Ranchi
6/1/2023,30.9,25.8,36.5,96.4,,1003.2,,Ranchi
7/1/2023,27.3,23.8,31.5,185.8,,1004.1,,Ranchi
8/1/2023,26.4,23,29.7,298.5,,1005.1,,Ranchi
9/1/2023,25.9,23.1,30.5,238.1,,1006.7,,Ranchi
10/1/2023,23.6,19.1,28.7,169.2,,1013.3,,Ranchi
11/1/2023,20.4,15,27.2,0.8,,1017.3,,Ranchi
12/1/2023,16.5,11.3,23,48.6,,1018.2,,Ranchi
1/1/2024,15.8,9.8,22.7,7.2,,1018.2,,Ranchi
2/1/2024,18.8,13.2,26.3,66.6,,1017.6,,Ranchi
3/1/2024,22.6,16.5,30,72.1,,1014.5,,Ranchi
4/1/2024,29.1,23.1,36,7,,1009.8,,Ranchi
5/1/2024,29,23.6,36.1,73.9,,1006.6,,Ranchi
6/1/2024,30.2,25.4,37,131.3,,1003.5,,Ranchi
7/1/2024,26.2,23.9,30.4,312.7,,1001.4,,Ranchi
8/1/2024,25.6,23.2,30,529.6,,,,Ranchi
9/1/2024,25.6,23,29.6,374.2,,1006.1,,Ranchi
10/1/2024,24.3,21.3,28.8,75.7,,1012.1,,Ranchi
11/1/2024,19.7,14.3,25.9,0,,1016.3,,Ranchi
12/1/2024,16.8,11,24.1,,,1016.6,,Ranchi
1/1/2025,16.4,9.4,24.2,0,,1016.7,,Ranchi
2/1/2025,20.5,13.4,27.8,18,,1015.8,,Ranchi
3/1/2025,24.4,17,31.5,,,,,Ranchi
4/1/2025,26.9,20.7,34.7,50.7,,1009.5,,Ranchi
5/1/2025,26.9,22.4,33.9,62.9,,1006.4,,Ranchi
6/1/2025,26.4,23.3,31.1,713.4,,1003.2,,Ranchi
7/1/2025,25.1,23.2,28.9,357.2,,1001.4,,Ranchi
8/1/2025,24.9,22.8,29.2,344,,1006.3,,Ranchi
9/1/2025,25.1,22.8,28.8,184.7,,1009.4,,Ranchi
10/1/2025,23.6,20.2,27.5,81,,1014.2,,Ranchi
11/1/2025,18,12.1,24.5,0,,1017.8,,Ranchi
12/1/2025,14.8,8.2,22.2,0,,1018.6,,Ranchi
1/1/2020,10.9,5.3,16.4,63,,1018.3,7800,Jalandhar
2/1/2020,14.8,7.6,22,20,,1017.1,12240,Jalandhar
3/1/2020,18.2,12.3,24.2,64,,1013.1,10920,Jalandhar
4/1/2020,24.4,17.1,31.7,33,,1009.4,14880,Jalandhar
5/1/2020,29.6,22.1,37.1,9,,1003.3,15900,Jalandhar
6/1/2020,31.2,25.2,37.2,43,,999.3,14100,Jalandhar
7/1/2020,30.7,26.2,35.2,201,,998.6,10800,Jalandhar
8/1/2020,30.2,26.4,34.1,183,,998.5,11820,Jalandhar
9/1/2020,29.8,24.7,34.9,19,,1003.2,13500,Jalandhar
10/1/2020,24.7,16.2,33.2,0,,1008.7,14640,Jalandhar
11/1/2020,17.3,9.9,24.8,15,,1016.9,9240,Jalandhar
12/1/2020,12,6.2,18.2,17,,1017.5,7200,Jalandhar
1/1/2021,11.7,6.8,18,25,,1016.1,5460,Jalandhar
2/1/2021,16.5,10.1,24.6,8.9,,1015,9540,Jalandhar
3/1/2021,22.1,14.6,30.4,4.2,,1011,11700,Jalandhar
4/1/2021,25.8,17.2,34.7,18.5,,1008.9,13500,Jalandhar
5/1/2021,30.8,22.3,37.2,28.7,,1004,15360,Jalandhar
6/1/2021,31.7,24.6,37.4,112.4,,1000,15600,Jalandhar
7/1/2021,30.8,26.3,35.2,324.1,,998.8,10140,Jalandhar
8/1/2021,30.1,25.8,33.7,113.8,,1001.4,13500,Jalandhar
9/1/2021,28.7,24.6,32.8,139.9,,1005.3,9780,Jalandhar
10/1/2021,25.1,19.1,32,67.6,,1009,13440,Jalandhar
11/1/2021,17.3,11,26.6,0.5,,1013.9,,Jalandhar
12/1/2021,12.7,6.9,20.6,0.7,,1018.6,6360,Jalandhar
1/1/2022,11.7,7.6,17,107.2,,1016.4,3900,Jalandhar
2/1/2022,14.1,7.9,21.7,58,,1013.6,11220,Jalandhar
3/1/2022,22.9,15.4,31.2,2.8,,1009.8,14700,Jalandhar
4/1/2022,29.8,20.8,39.1,0.1,,1004.9,15360,Jalandhar
5/1/2022,32.5,24.6,39.7,22,,1000,11040,Jalandhar
6/1/2022,32.3,25.4,39.5,61.6,,998.6,14580,Jalandhar
7/1/2022,30.7,26.5,34.5,357.2,,1001,6420,Jalandhar
8/1/2022,29.6,25.8,34,168,,1001.6,13320,Jalandhar
9/1/2022,28.8,24.1,32.9,250.8,,1004.6,11700,Jalandhar
10/1/2022,23.6,17.9,30.6,46,,1011.2,13260,Jalandhar
11/1/2022,18.3,12.5,26.7,7.1,,1014.8,10740,Jalandhar
12/1/2022,13,7.8,21.2,2.3,,1016.1,8700,Jalandhar
1/1/2023,11.5,6.4,18,19.5,,1018.5,6240,Jalandhar
2/1/2023,16.9,9.9,25.4,3.8,,1014.7,11340,Jalandhar
3/1/2023,21.1,14.2,28.4,64.1,,1013.2,12540,Jalandhar
4/1/2023,25.6,17.1,33.6,49.1,,1009.1,15540,Jalandhar
5/1/2023,29,20.7,36.6,90.7,,1005.9,14640,Jalandhar
6/1/2023,30.9,24.9,36.5,79.4,,1000.9,14820,Jalandhar
7/1/2023,29.4,25.6,33.5,376.8,,1001,8880,Jalandhar
8/1/2023,30.5,26.1,34.3,133.1,,1000.9,12960,Jalandhar
9/1/2023,28.4,24.1,33.7,56.4,,1004.6,10740,Jalandhar
10/1/2023,23.7,17.6,31,25.3,,1011.7,13560,Jalandhar
11/1/2023,19.1,13.4,26.7,7.9,,1016.2,8520,Jalandhar
12/1/2023,13.7,8.3,21.4,9.2,,1018,8700,Jalandhar
1/1/2024,9.1,5.2,15.9,3,,1018.8,,Jalandhar
2/1/2024,14.3,8,21.9,40.9,,1017.2,,Jalandhar
3/1/2024,20,12.7,27.4,57.6,,1013.3,12540,Jalandhar
4/1/2024,26,18,34,24.7,,1008,15540,Jalandhar
5/1/2024,32.8,24.4,40.6,2.5,,1002.1,18120,Jalandhar
6/1/2024,35,27.4,41.8,38.9,,998.7,15840,Jalandhar
7/1/2024,31,26.7,35.4,194,,997.5,9420,Jalandhar
8/1/2024,30.1,25.8,34.2,287,,1001.4,10020,Jalandhar
9/1/2024,28.8,25.6,33.9,27,,1003.5,11520,Jalandhar
10/1/2024,26.3,19.8,33.5,1.5,,1009.6,14100,Jalandhar
11/1/2024,19.7,14.5,27.4,0.5,,1014.5,4260,Jalandhar
12/1/2024,12.8,7.5,20.8,25,,1017,8640,Jalandhar
1/1/2025,12.6,7.9,19.5,20.6,,1016.8,8940,Jalandhar
2/1/2025,16.5,10.5,23.7,68.7,,1015.3,9900,Jalandhar
3/1/2025,19.7,12.3,27.1,27,,1011.8,16020,Jalandhar
4/1/2025,29.3,21.6,37.7,6.4,,1006,16440,Jalandhar
5/1/2025,32.1,24.4,38.7,40.3,,1002.2,,Jalandhar
6/1/2025,32.4,26.4,38,269.6,,999,,Jalandhar
7/1/2025,29.8,26.1,33.4,212.2,,998.6,,Jalandhar
8/1/2025,29.3,25.5,32.6,301.7,,1002.1,,Jalandhar
9/1/2025,28.4,24.4,32.9,208.8,,1004.8,,Jalandhar
10/1/2025,24.1,18.6,30.6,77.5,,1010.9,,Jalandhar
11/1/2025,18,12,25.5,5.2,,1015.5,,Jalandhar
12/1/2025,14.2,9.1,20.8,0,,1017,,Jalandhar
1/1/2020,26.4,22.2,31.6,,,1012.7,,Tiruchirappalli
2/1/2020,27.5,22.4,33.7,,,1012.9,,Tiruchirappalli
3/1/2020,30.1,25,36.7,,,1010.6,,Tiruchirappalli
4/1/2020,31.9,27,38.5,,,1009.6,,Tiruchirappalli
5/1/2020,33,,,,,,,Tiruchirappalli
6/1/2020,31.9,,38,,,1005.2,,Tiruchirappalli
7/1/2020,30.4,25.7,36.4,,,1005.5,,Tiruchirappalli
8/1/2020,30.5,26,36.1,,,1006,,Tiruchirappalli
9/1/2020,29.1,25,34.9,,,1006.7,,Tiruchirappalli
10/1/2020,29.4,25.3,34.9,,,1006.9,,Tiruchirappalli
11/1/2020,27.4,24,32.6,,,1010.8,,Tiruchirappalli
12/1/2020,25.1,22.1,29.5,,,1011.7,,Tiruchirappalli
1/1/2021,25.5,22.3,30.1,174.9,,1011.4,,Tiruchirappalli
2/1/2021,26.5,21.6,32.6,5.3,,1012.4,,Tiruchirappalli
3/1/2021,29.3,24,36,1.1,,1010.6,,Tiruchirappalli
4/1/2021,31.8,26.8,38.9,22.1,,1008.9,,Tiruchirappalli
5/1/2021,31.6,27.1,37.9,90.8,,1006.7,,Tiruchirappalli
6/1/2021,31.3,26.6,37.9,90.5,,1006.8,,Tiruchirappalli
7/1/2021,30.3,26.1,35.9,140.4,,1006.1,,Tiruchirappalli
8/1/2021,29.9,25.9,35.5,169.1,,1007.2,,Tiruchirappalli
9/1/2021,29.5,25.3,35.3,125.5,,1006.8,,Tiruchirappalli
10/1/2021,28.1,24.7,33.5,233.2,,1008.2,,Tiruchirappalli
11/1/2021,26.1,23.4,30.4,400.9,,1008.8,,Tiruchirappalli
12/1/2021,25.7,22.4,30.5,57.8,,1013.1,,Tiruchirappalli
1/1/2022,26.3,22.7,31.7,28.8,,1012.3,,Tiruchirappalli
2/1/2022,26.9,22.5,32.8,13.1,,1011.4,,Tiruchirappalli
3/1/2022,29.3,24.2,36.2,23.9,,1009.2,,Tiruchirappalli
4/1/2022,31.2,26.7,37.3,63.3,,1008.2,,Tiruchirappalli
5/1/2022,31.1,26.6,37.1,,,1005.1,,Tiruchirappalli
6/1/2022,30.6,26.1,36.7,89.6,,1005.8,,Tiruchirappalli
7/1/2022,30,26.4,35.3,57,,1005.9,,Tiruchirappalli
8/1/2022,29.3,25.4,35.2,108.9,,1005.9,,Tiruchirappalli
9/1/2022,29.3,25.3,34.5,142.8,,1007.5,,Tiruchirappalli
10/1/2022,27.8,24.5,32.5,134.3,,1009.3,,Tiruchirappalli
11/1/2022,26.2,23.1,30.7,99.8,,1011.1,,Tiruchirappalli
12/1/2022,25.9,23,29.9,86.9,,1011,,Tiruchirappalli
1/1/2023,25,21.1,29.7,2.6,,1013.5,,Tiruchirappalli
2/1/2023,25.8,21.1,31.7,20.1,,1012.8,,Tiruchirappalli
3/1/2023,29,24.3,34.9,46.4,,1011.3,,Tiruchirappalli
4/1/2023,30.8,25.7,37.5,37.8,,1009.2,,Tiruchirappalli
5/1/2023,30.5,25.9,37.2,165.1,,1008.2,,Tiruchirappalli
6/1/2023,31.5,27.2,37.7,43,,1006.4,,Tiruchirappalli
7/1/2023,30.9,27,36.3,54.7,,1007.1,,Tiruchirappalli
8/1/2023,31.1,25.9,37.7,118.6,,1008.1,,Tiruchirappalli
9/1/2023,29.9,25.6,36,196,,1007.6,,Tiruchirappalli
10/1/2023,29.2,25.2,34.6,149.2,,1011,,Tiruchirappalli
11/1/2023,27.6,24.1,32.3,142.8,,1011.7,,Tiruchirappalli
12/1/2023,27.4,23.7,32.1,26.8,,1012.2,,Tiruchirappalli
1/1/2024,26.8,22.8,32,55.6,,1013.5,,Tiruchirappalli
2/1/2024,28.6,23.7,34.9,7.8,,1013.6,,Tiruchirappalli
3/1/2024,30.4,24.7,37.5,2.4,,1011.7,,Tiruchirappalli
4/1/2024,33,27.7,40,5.3,,1008.1,,Tiruchirappalli
5/1/2024,32.1,27.8,38.4,238.3,,1005.3,,Tiruchirappalli
6/1/2024,30.8,26.2,36.3,170.6,,1006,,Tiruchirappalli
7/1/2024,31.5,27.7,36.6,32,,1005.4,,Tiruchirappalli
8/1/2024,30.7,,,,,,,Tiruchirappalli
9/1/2024,32.2,27.6,37.7,,,1006.4,,Tiruchirappalli
10/1/2024,29.1,24.8,34.5,345.5,,1008.6,,Tiruchirappalli
11/1/2024,27.3,24.5,31.2,111.8,,1009.9,,Tiruchirappalli
12/1/2024,27.2,23.6,31.4,,,1010.5,,Tiruchirappalli
1/1/2025,26,22.2,31.1,40.9,,1012.1,,Tiruchirappalli
2/1/2025,27.5,22.4,34.1,3.2,,1012.5,,Tiruchirappalli
3/1/2025,29.9,24.7,36.4,,,,,Tiruchirappalli
4/1/2025,31.9,27,38.4,70.2,,1008,,Tiruchirappalli
5/1/2025,31.2,26.4,37.5,142.2,,1005.5,,Tiruchirappalli
6/1/2025,32.1,27.6,37.8,20,,1005.8,,Tiruchirappalli
7/1/2025,32,28.2,37,45.1,,1005.6,,Tiruchirappalli
8/1/2025,30.4,26,36.3,108,,1006.7,,Tiruchirappalli
9/1/2025,30.5,26.4,36,104.7,,1007,,Tiruchirappalli
10/1/2025,28.9,25.5,33.7,286.3,,1008.3,,Tiruchirappalli
11/1/2025,27.5,24.6,31.6,237,,1011.2,,Tiruchirappalli
12/1/2025,25.7,21.9,30.7,50,,1012.2,,Tiruchirappalli
1/1/2020,22.1,16.1,28.1,12,,1015.4,7680,Bhubaneswar
2/1/2020,22.8,16.6,29,94,,1015.6,7860,Bhubaneswar
3/1/2020,28.2,21.9,34.4,58,,1011.5,10140,Bhubaneswar
4/1/2020,30.8,24.6,37,98,,1009.1,11520,Bhubaneswar
5/1/2020,30.4,25.4,35.3,158,,1005,10140,Bhubaneswar
6/1/2020,30.3,26.2,34.4,90,,1001.5,4920,Bhubaneswar
7/1/2020,30,26.1,33.9,134,,1002,4560,Bhubaneswar
8/1/2020,28.8,25.6,32,591,,999.6,3300,Bhubaneswar
9/1/2020,29.8,26,33.6,204,,1003.6,5880,Bhubaneswar
10/1/2020,27.4,23.8,31,211,,1006,5160,Bhubaneswar
11/1/2020,25.7,20,31.4,3,,1013.8,9720,Bhubaneswar
12/1/2020,22.8,15.9,29.8,0,,1014.5,6720,Bhubaneswar
1/1/2021,24.2,17.4,31,0,,1013.3,3300,Bhubaneswar
2/1/2021,25.5,16.8,34.2,0,,1013.1,12300,Bhubaneswar
3/1/2021,30.8,23.1,38.4,3,,1009.5,8340,Bhubaneswar
4/1/2021,32.1,25.5,38.7,5,,1007.9,11100,Bhubaneswar
5/1/2021,31.2,25.9,36.5,236,,1004,11220,Bhubaneswar
6/1/2021,29.8,26,33.6,308,,1001.4,4620,Bhubaneswar
7/1/2021,29.4,25.8,32.9,291,,1000.4,5820,Bhubaneswar
8/1/2021,29.5,25.6,33.3,287,,1002.7,7080,Bhubaneswar
9/1/2021,28.4,25,31.8,510,,1003.2,4500,Bhubaneswar
10/1/2021,28.2,24.2,32.2,90,,1007.9,6540,Bhubaneswar
11/1/2021,24.1,20.5,27.8,81,,1012,6240,Bhubaneswar
12/1/2021,21.3,16.1,26.5,69,,1015.5,5760,Bhubaneswar
1/1/2022,21,15.1,26.9,35,,1014.3,8040,Bhubaneswar
2/1/2022,23.9,17.2,30.6,36,,1012.3,10140,Bhubaneswar
3/1/2022,29.2,22.5,35.9,0,,1008.6,8700,Bhubaneswar
4/1/2022,32.2,26.3,38,0,,1006.3,11160,Bhubaneswar
5/1/2022,30.9,25.8,35.9,171,,1002.1,10500,Bhubaneswar
6/1/2022,30.8,26.4,35.2,55,,1001.4,5100,Bhubaneswar
7/1/2022,28.9,25.4,32.3,447,,1000,4140,Bhubaneswar
8/1/2022,28.7,25.3,32.2,388,,1000.8,6060,Bhubaneswar
9/1/2022,29.2,25.5,32.9,275,,1004.5,6960,Bhubaneswar
10/1/2022,27.4,23.1,31.8,187,,1010.2,8460,Bhubaneswar
11/1/2022,24.7,18.6,30.8,0,,1013.6,8040,Bhubaneswar
12/1/2022,23.3,16.7,29.9,0,,1014,5160,Bhubaneswar
1/1/2023,23.4,16.6,30.2,0,,1015.5,5520,Bhubaneswar
2/1/2023,26.5,18.4,34.6,0,,1013.3,11040,Bhubaneswar
3/1/2023,28.3,21.6,35,69,,1011.9,9000,Bhubaneswar
4/1/2023,31.2,24.4,38,78,,1008.3,10680,Bhubaneswar
5/1/2023,31.9,25.9,37.9,82,,1006.3,8880,Bhubaneswar
6/1/2023,32.5,27.2,37.9,163,,1001.3,4500,Bhubaneswar
7/1/2023,29.8,26.3,33.3,160,,1000.7,4620,Bhubaneswar
8/1/2023,29.2,25.5,33,501,,1003.2,5280,Bhubaneswar
9/1/2023,29,25.2,32.8,231,,1003.5,4140,Bhubaneswar
10/1/2023,28.3,23.6,32.9,43,,1010.6,7920,Bhubaneswar
11/1/2023,25.7,20.8,30.7,17,,1014.6,6420,Bhubaneswar
12/1/2023,22.1,16.6,27.6,22,,1016,3660,Bhubaneswar
1/1/2024,22.2,16.7,27.7,26,,1016.5,1260,Bhubaneswar
2/1/2024,26.5,20.3,32.6,10,,1015.3,6660,Bhubaneswar
3/1/2024,28.9,23.3,34.4,52,,1012.1,8520,Bhubaneswar
4/1/2024,32.9,25.8,40,26,,1007.1,10680,Bhubaneswar
5/1/2024,32.5,27.1,37.9,108,,1004,10920,Bhubaneswar
6/1/2024,32.2,27.3,37.1,199,,1001.4,4440,Bhubaneswar
7/1/2024,29.3,26.3,32.3,297,,998.7,2340,Bhubaneswar
8/1/2024,29.2,25.8,32.6,343,,1003.9,3780,Bhubaneswar
9/1/2024,29.5,26,33,254,,1003.7,6840,Bhubaneswar
10/1/2024,29.3,25.1,33.6,87,,1009.6,9780,Bhubaneswar
11/1/2024,25.2,19.6,30.8,7,,1013.9,10740,Bhubaneswar
12/1/2024,23,17.9,28.1,103,,1015.5,4980,Bhubaneswar
1/1/2025,22.2,15.6,28.8,0,,1015.5,7080,Bhubaneswar
2/1/2025,27.1,20.7,33.5,32,,1013.9,10980,Bhubaneswar
3/1/2025,28.9,22.3,35.5,13,,1010.9,11160,Bhubaneswar
4/1/2025,30.7,25.1,36.3,79,,1008.5,13440,Bhubaneswar
5/1/2025,31.3,26,36.6,85,,1004.2,9840,Bhubaneswar
6/1/2025,29.9,25.8,33.9,299,,1001.5,2760,Bhubaneswar
7/1/2025,29.2,25.7,32.6,415,,999.9,3060,Bhubaneswar
8/1/2025,29.1,25.5,32.8,232,,1003.6,5640,Bhubaneswar
9/1/2025,29.2,25.3,33.2,213,,1005,5940,Bhubaneswar
10/1/2025,28.5,24.1,32.9,198,,1010,9480,Bhubaneswar
11/1/2025,24,17.4,30.7,0,,1014.7,11640,Bhubaneswar
12/1/2025,20.9,13.9,27.9,0,,1015.9,4620,Bhubaneswar
1/1/2020,,,,,,,,Salem
2/1/2020,,,,,,,,Salem
3/1/2020,,,,,,,,Salem
4/1/2020,,,,,,,,Salem
5/1/2020,,,,,,,,Salem
6/1/2020,,,,,,,,Salem
7/1/2020,,,,,,,,Salem
8/1/2020,,,,,,,,Salem
9/1/2020,,,,,,,,Salem
10/1/2020,,,,,,,,Salem
11/1/2020,,,,,,,,Salem
12/1/2020,,,,,,,,Salem
1/1/2021,24.6,20.1,30.6,39.8,,1012.2,,Salem
2/1/2021,25.3,18.9,33,4.6,,1012.9,,Salem
3/1/2021,28.7,21.8,37.3,0,,1011.2,,Salem
4/1/2021,30.9,24.9,38,62.9,,1009.7,,Salem
5/1/2021,30.3,24.9,36.7,137.7,,1007.8,,Salem
6/1/2021,29.1,24,35.3,103.1,,1008.2,,Salem
7/1/2021,28.2,23.2,33.7,283.9,,1007.4,,Salem
8/1/2021,28.3,23.4,34.1,111.8,,1008.3,,Salem
9/1/2021,28,23,33.2,335,,1008,,Salem
10/1/2021,27.2,22.7,32.1,221.7,,1009.3,,Salem
11/1/2021,25.5,21.4,29.5,227.1,,1009.8,,Salem
12/1/2021,24.5,19.9,29.9,87.8,,1013.8,,Salem
1/1/2022,25.2,20.2,31.7,13.2,,1012.8,,Salem
2/1/2022,26,19.6,33.3,0.3,,1011.7,,Salem
3/1/2022,28.9,22,36.5,52.7,,1009.7,,Salem
4/1/2022,29.6,23.8,36.4,101.6,,1009,,Salem
5/1/2022,29.2,23.2,35.1,193.4,,1006.5,,Salem
6/1/2022,28.9,23,34.9,144.8,,1006.9,,Salem
7/1/2022,27.7,22.5,33.1,111.5,,1007.2,,Salem
8/1/2022,27.4,22.2,33.2,204.5,,1007.1,,Salem
9/1/2022,27.3,22.5,32.8,151,,1008.5,,Salem
10/1/2022,26,21.6,31.4,295.4,,1010.3,,Salem
11/1/2022,25.3,19.9,30.3,115.8,,1011.8,,Salem
12/1/2022,24.6,19.2,29.8,55.4,,1011.7,,Salem
1/1/2023,23.7,17.7,30.5,2.8,,1013.9,,Salem
2/1/2023,25.7,19.3,33.7,6.4,,1013.1,,Salem
3/1/2023,28.3,21,35.7,23.6,,1011.8,,Salem
4/1/2023,30.1,23.6,37.3,30.2,,1009.8,,Salem
5/1/2023,29.4,24.4,35.6,167.8,,1009.3,,Salem
6/1/2023,29.3,24.3,35.3,131.7,,1007.9,,Salem
7/1/2023,28.1,22.6,33.6,109.4,,1008.5,,Salem
8/1/2023,29.5,23.5,35.7,138.3,,1009.2,,Salem
9/1/2023,28,21.8,33.2,309.4,,1008.9,,Salem
10/1/2023,27.5,23.2,33.3,186.2,,1011.9,,Salem
11/1/2023,26.2,22.2,31.5,127.7,,1012.7,,Salem
12/1/2023,25.6,21.5,30.8,31.1,,1013,,Salem
1/1/2024,25.4,20.2,31.6,7.2,,1014.2,,Salem
2/1/2024,27.3,20.9,34.9,0,,1014.2,,Salem
3/1/2024,29.7,22.6,37.8,0.2,,1012.3,,Salem
4/1/2024,32.1,25.2,39.9,3.1,,1009,,Salem
5/1/2024,29.8,25.5,35.8,222.3,,1006.9,,Salem
6/1/2024,28,23.8,33.9,262.6,,1007.7,,Salem
7/1/2024,27.3,23.5,33.2,139.3,,1007.2,,Salem
8/1/2024,,,,,,,,Salem
9/1/2024,,,,,,,,Salem
10/1/2024,27.1,22.9,32,360.9,,1010.1,,Salem
11/1/2024,25.6,21.5,30.6,97.1,,1011.3,,Salem
12/1/2024,25.1,20.9,29.6,,,1011.7,,Salem
1/1/2025,23.8,18.8,29.8,13.7,,1013.1,,Salem
2/1/2025,25.6,19.7,33.6,0.1,,1013.3,,Salem
3/1/2025,,,,,,,,Salem
4/1/2025,29.7,23.8,36.8,80.5,,1009.3,,Salem
5/1/2025,28.9,24.1,35.2,263,,1007.1,,Salem
6/1/2025,28.6,24.3,34.2,115.4,,1007.7,,Salem
7/1/2025,28.1,24.2,33.7,54.2,,1007.4,,Salem
8/1/2025,27.3,23.4,32.8,147.7,,1008.5,,Salem
9/1/2025,26.6,23.1,31.4,150.6,,1009,,Salem
10/1/2025,25.8,22.8,30.1,178.1,,1010.1,,Salem
11/1/2025,25.4,21.1,30.9,132.4,,1012.8,,Salem
12/1/2025,23.4,18,29.7,39.9,,1013.4,,Salem
1/1/2020,,,,,,,,Warangal
2/1/2020,,,,,,,,Warangal
3/1/2020,,,,,,,,Warangal
4/1/2020,,,,,,,,Warangal
5/1/2020,,,,,,,,Warangal
6/1/2020,,,,,,,,Warangal
7/1/2020,,,,,,,,Warangal
8/1/2020,,,,,,,,Warangal
9/1/2020,,,,,,,,Warangal
10/1/2020,,,,,,,,Warangal
11/1/2020,,,,,,,,Warangal
12/1/2020,,,,,,,,Warangal
1/1/2021,23.9,18.4,30.4,,,1012.6,,Warangal
2/1/2021,24.3,17.7,31.3,1.3,,1013.3,,Warangal
3/1/2021,28.5,21.4,36.1,0,,1010.5,,Warangal
4/1/2021,30.6,24.7,37,11.3,,1008.5,,Warangal
5/1/2021,31.7,27.2,37.4,22.4,,1005.2,,Warangal
6/1/2021,28.5,25.1,33,143.8,,1004.5,,Warangal
7/1/2021,27.3,24.6,30.9,286.7,,1003.1,,Warangal
8/1/2021,27.5,24.7,31.3,165.7,,1005,,Warangal
9/1/2021,26.5,24,30.3,235,,1004.9,,Warangal
10/1/2021,26.5,22.6,31.4,61.1,,1008.7,,Warangal
11/1/2021,24.7,20.8,29.6,76.1,,1011,,Warangal
12/1/2021,22.7,17.2,29,1.8,,1014.7,,Warangal
1/1/2022,21.3,16.3,27.4,16.1,,1013.9,,Warangal
2/1/2022,24,17.7,30.9,0,,1012.1,,Warangal
3/1/2022,29,22,36.5,0,,1009,,Warangal
4/1/2022,31.9,25.5,38.9,2.6,,1007.3,,Warangal
5/1/2022,32.7,27.4,38.9,,,1002.8,,Warangal
6/1/2022,30.6,26.7,36.1,155.3,,1003,,Warangal
7/1/2022,26.2,23.9,29.8,698.9,,1003,,Warangal
8/1/2022,27.1,24.4,31.1,221.4,,1003.7,,Warangal
9/1/2022,26.4,23.7,30.5,201.2,,1006.1,,Warangal
10/1/2022,24.8,21.3,29.6,117.3,,1010.1,,Warangal
11/1/2022,23.2,17.9,29.2,1.2,,1012.9,,Warangal
12/1/2022,23.3,18.3,29.5,24.8,,1012.9,,Warangal
1/1/2023,22.4,16.8,29.2,5.6,,1014.6,,Warangal
2/1/2023,24.7,17.3,32.4,0,,1013.3,,Warangal
3/1/2023,26.6,20.7,33.3,36.9,,1011.7,,Warangal
4/1/2023,29.3,23.6,36,73.4,,1009.1,,Warangal
5/1/2023,30.7,25.4,37.1,44.9,,1007,,Warangal
6/1/2023,32.1,28,37.9,41,,1003.4,,Warangal
7/1/2023,27.3,24.6,31.3,533.8,,1003.4,,Warangal
8/1/2023,27.9,24.9,32,55.3,,1006.2,,Warangal
9/1/2023,27,24.2,31.2,201.3,,1005.4,,Warangal
10/1/2023,26.7,21.9,32.5,8.8,,1011.2,,Warangal
11/1/2023,25.4,20.9,30.7,41.8,,1013.5,,Warangal
12/1/2023,22.5,17.4,28.5,29.5,,1014.4,,Warangal
1/1/2024,23.7,18.4,29.8,0.3,,1014.6,,Warangal
2/1/2024,26,20.2,32.6,1.8,,1014.2,,Warangal
3/1/2024,28.5,22.8,35,4.9,,1011.7,,Warangal
4/1/2024,32.2,26,39,0.7,,1008,,Warangal
5/1/2024,31.9,26.7,38.7,59.8,,1004.5,,Warangal
6/1/2024,29.3,25.6,34.9,172.9,,1003.6,,Warangal
7/1/2024,26.9,24.5,30.7,447.6,,1001.9,,Warangal
8/1/2024,28.2,25.2,32.4,211.2,,,,Warangal
9/1/2024,27.9,24.9,32.2,246.7,,1004.7,,Warangal
10/1/2024,26.8,23.1,31.9,45.8,,1009.8,,Warangal
11/1/2024,23.8,18.8,29.4,5.6,,1013,,Warangal
12/1/2024,23.3,19.1,28.6,,,1013.3,,Warangal
1/1/2025,22.5,16.9,28.7,0,,1014.2,,Warangal
2/1/2025,26.2,19.8,32.7,0,,1013.3,,Warangal
3/1/2025,,,,,,,,Warangal
4/1/2025,30.6,24.8,37.1,23.1,,1008.1,,Warangal
5/1/2025,30.6,25.8,36.4,70.1,,1004.5,,Warangal
6/1/2025,29.7,26,34.5,152.2,,1003.3,,Warangal
7/1/2025,27.5,24.9,31.4,251.1,,1003.1,,Warangal
8/1/2025,26.9,24.1,30.7,315.8,,1005,,Warangal
9/1/2025,26.3,23.7,29.9,272.3,,1005.8,,Warangal
10/1/2025,26.1,22.9,30.5,249.4,,1009.2,,Warangal
11/1/2025,23.6,18.7,29.3,2.3,,1013.7,,Warangal
12/1/2025,21.6,15.5,28.2,0,,1014.8,,Warangal
1/1/2020,28.3,23.5,33,80,,1011.3,15420,Thiruvananthapuram
2/1/2020,29.1,24.1,34,0,,1011.2,14640,Thiruvananthapuram
3/1/2020,30,25.4,34.6,17,,1010.4,13080,Thiruvananthapuram
4/1/2020,30.2,25.7,34.7,215,,1010,13380,Thiruvananthapuram
5/1/2020,29.4,25.5,33.3,482,,1007.9,7500,Thiruvananthapuram
6/1/2020,28,24.4,31.7,364,,1007.9,6960,Thiruvananthapuram
7/1/2020,27.9,24.2,31.7,161,,1007.6,,Thiruvananthapuram
8/1/2020,27.9,24.5,31.3,213,,1008.5,8460,Thiruvananthapuram
9/1/2020,27.3,24.1,30.6,487,,1008.9,5640,Thiruvananthapuram
10/1/2020,27.7,23.9,31.5,236,,1008.9,9480,Thiruvananthapuram
11/1/2020,28.5,24.4,32.6,109,,1009.8,8280,Thiruvananthapuram
12/1/2020,28.2,23.9,32.4,44,,1009.8,7560,Thiruvananthapuram
1/1/2021,27.7,23.4,32,93,,1009.5,9420,Thiruvananthapuram
2/1/2021,28.7,23.6,33.9,0,,1010.6,13860,Thiruvananthapuram
3/1/2021,29.4,24.7,34.1,64,,1009.7,11580,Thiruvananthapuram
4/1/2021,29.7,25.5,34,131,,1009.5,10800,Thiruvananthapuram
5/1/2021,28.3,24.7,31.9,781,,1008.2,6780,Thiruvananthapuram
6/1/2021,28.4,24.8,32,99,,1009,9660,Thiruvananthapuram
7/1/2021,27.9,24.3,31.5,264,,1008.3,8400,Thiruvananthapuram
8/1/2021,27.7,24.1,31.3,181,,1009.4,7560,Thiruvananthapuram
9/1/2021,28,24.6,31.5,202,,1008.7,8100,Thiruvananthapuram
10/1/2021,27.5,24.1,30.8,451,,1009.1,5280,Thiruvananthapuram
11/1/2021,27.1,23.9,30.3,440,,1008.8,5280,Thiruvananthapuram
12/1/2021,27.9,23.1,32.6,49,,1011.4,12840,Thiruvananthapuram
1/1/2022,28.5,23.4,33.6,2,,1010.8,14700,Thiruvananthapuram
2/1/2022,29,24.2,33.8,39,,1009.8,11220,Thiruvananthapuram
3/1/2022,29.8,25.1,34.5,4,,1008.9,11520,Thiruvananthapuram
4/1/2022,29,24.8,33.2,251,,1008.7,9240,Thiruvananthapuram
5/1/2022,28.4,24.9,31.8,340,,1007.5,6480,Thiruvananthapuram
6/1/2022,28.1,24.5,31.8,205,,1007.9,8700,Thiruvananthapuram
7/1/2022,27.2,23.9,30.5,162,,1007.9,6720,Thiruvananthapuram
8/1/2022,27.1,23.9,30.4,216,,1008,,Thiruvananthapuram
9/1/2022,27.7,24.3,31.1,79,,1009.3,10440,Thiruvananthapuram
10/1/2022,27.8,23.9,31.7,281,,1010,8580,Thiruvananthapuram
11/1/2022,27.6,23.4,31.8,142,,1010.5,8040,Thiruvananthapuram
12/1/2022,27.8,23.3,32.2,122,,1009.9,7920,Thiruvananthapuram
1/1/2023,27.2,22.1,32.3,56,,1011.6,12600,Thiruvananthapuram
2/1/2023,27.4,22.4,32.4,7,,1011.2,12360,Thiruvananthapuram
3/1/2023,29.7,24.8,34.5,4,,1010.2,13200,Thiruvananthapuram
4/1/2023,30.2,25.7,34.7,121,,1009,10500,Thiruvananthapuram
5/1/2023,29.8,26,33.6,130,,1009.3,10860,Thiruvananthapuram
6/1/2023,28.7,24.9,32.5,136,,1009,7860,Thiruvananthapuram
7/1/2023,28.1,24.4,31.8,179,,1009.7,8580,Thiruvananthapuram
8/1/2023,29.1,24.8,33.3,27,,1009.9,14400,Thiruvananthapuram
9/1/2023,27.9,24.3,31.5,403,,1010.1,5100,Thiruvananthapuram
10/1/2023,27.9,24.2,31.6,633,,1011.4,6660,Thiruvananthapuram
11/1/2023,28.3,24.3,32.3,271,,1010.4,6000,Thiruvananthapuram
12/1/2023,28.9,24.3,33.5,136,,1010.1,10560,Thiruvananthapuram
1/1/2024,29,23.9,34.1,15,,1011.6,12120,Thiruvananthapuram
2/1/2024,29.5,24.4,34.6,0,,1011.7,14940,Thiruvananthapuram
3/1/2024,29.7,24.8,34.5,4,,1010.2,12660,Thiruvananthapuram
4/1/2024,30.9,26.6,35.3,69,,1008.2,10800,Thiruvananthapuram
5/1/2024,29.4,25.7,33.1,716,,1007,5580,Thiruvananthapuram
6/1/2024,28.4,25.1,31.7,390,,1008.5,6120,Thiruvananthapuram
7/1/2024,27.9,24.5,31.2,253,,1008.2,4740,Thiruvananthapuram
8/1/2024,28.3,24.8,31.9,210,,1008.8,8700,Thiruvananthapuram
9/1/2024,28.4,24.7,32.1,139,,1009.1,10560,Thiruvananthapuram
10/1/2024,28.2,24.5,31.9,332,,1009.8,6420,Thiruvananthapuram
11/1/2024,28.1,24.2,31.9,220,,1009.6,5640,Thiruvananthapuram
12/1/2024,28.8,24.4,33.2,51,,1010,11220,Thiruvananthapuram
1/1/2025,28.8,23.8,33.7,48,,1010,6600,Thiruvananthapuram
2/1/2025,28.7,23.3,34.2,1,,1011.2,13920,Thiruvananthapuram
3/1/2025,29.5,25,34,194,,1010.1,11100,Thiruvananthapuram
4/1/2025,29.7,25.5,34,129,,1009,9120,Thiruvananthapuram
5/1/2025,28.9,25,32.7,447,,1007.7,7980,Thiruvananthapuram
6/1/2025,28,24.4,31.5,324,,1008.9,7920,Thiruvananthapuram
7/1/2025,27.5,23.6,31.3,191,,1008.9,7740,Thiruvananthapuram
8/1/2025,27.7,24.1,31.2,111,,1009.3,8340,Thiruvananthapuram
9/1/2025,28.4,24.5,32.4,217,,1009.6,10500,Thiruvananthapuram
10/1/2025,28.1,24.2,32.1,383,,1009.4,7320,Thiruvananthapuram
11/1/2025,27.4,23.6,31.1,215,,1011.4,6660,Thiruvananthapuram
12/1/2025,27.9,22.9,32.9,4,,1010.9,13020,Thiruvananthapuram
1/1/2020,24.9,19.2,29.9,0,,1013.4,13800,Bhiwandi
2/1/2020,27.3,21,32.6,0,,1012.7,11220,Bhiwandi
3/1/2020,27.7,22.6,31.9,0,,1011.2,12900,Bhiwandi
4/1/2020,30.2,26.4,33.9,0,,1009.6,14220,Bhiwandi
5/1/2020,31.1,28.6,34,0,,1007.3,15960,Bhiwandi
6/1/2020,29.2,26,32.3,525,,1003.7,8340,Bhiwandi
7/1/2020,28.1,25.4,30.5,1501.9,,1003.2,4620,Bhiwandi
8/1/2020,27.6,25,29.6,826.5,,1003.3,2760,Bhiwandi
9/1/2020,28.4,25.3,31.4,320,,1005.6,7080,Bhiwandi
10/1/2020,29.2,25.6,32.7,224,,1007.3,7920,Bhiwandi
11/1/2020,28.7,23.1,33.9,0,,1011.8,12720,Bhiwandi
12/1/2020,26.6,20.8,32.3,25,,1012,11400,Bhiwandi
1/1/2021,25.9,20.5,30.9,1,,1011.1,11100,Bhiwandi
2/1/2021,27.3,21.4,32.9,0,,1012.1,11280,Bhiwandi
3/1/2021,29.7,23.9,35,0,,1010,13200,Bhiwandi
4/1/2021,30,26.2,33.6,0,,1009.1,13620,Bhiwandi
5/1/2021,30.7,27.8,33.8,154.4,,1005.5,12000,Bhiwandi
6/1/2021,28.6,25.5,31.5,317,,1005.3,6360,Bhiwandi
7/1/2021,28.6,25.7,30.8,773.9,,1003.8,4800,Bhiwandi
8/1/2021,27.8,25.1,30,295.1,,1006.3,5520,Bhiwandi
9/1/2021,27.7,24.8,30.1,436.9,,1005.1,5820,Bhiwandi
10/1/2021,29.4,25.2,33.5,31.8,,1008.6,13620,Bhiwandi
11/1/2021,29.5,25,34.1,50.1,,1009.2,12720,Bhiwandi
12/1/2021,25.8,21,30.6,103.3,,1013.3,10080,Bhiwandi
1/1/2022,24.5,19.3,29.3,9.6,,1012.9,11940,Bhiwandi
2/1/2022,25.3,19.3,30.5,0,,1011.3,14220,Bhiwandi
3/1/2022,30,24.7,34.9,0.1,,1008.9,9240,Bhiwandi
4/1/2022,30.6,26.8,34.5,0,,1008,12120,Bhiwandi
5/1/2022,30.9,28.8,34,7,,1005.7,13080,Bhiwandi
6/1/2022,29.3,26.6,32.9,298.3,,1004.4,7860,Bhiwandi
7/1/2022,27.8,25.3,29.8,1185.2,,1004,3060,Bhiwandi
8/1/2022,27.7,25.1,30.3,550.9,,1004.2,5160,Bhiwandi
9/1/2022,27.5,24.7,30.2,528.4,,1006.6,5700,Bhiwandi
10/1/2022,28.4,24.5,32.4,165.5,,1009.8,11700,Bhiwandi
11/1/2022,27.9,21.9,33.6,0,,1011.7,12180,Bhiwandi
12/1/2022,27.3,21.8,32.5,6.2,,1011.4,10680,Bhiwandi
1/1/2023,24.4,18.7,29.5,0,,1013.4,11520,Bhiwandi
2/1/2023,28.1,20.6,34.2,0,,1012.4,13980,Bhiwandi
3/1/2023,28.9,23.6,33.5,21,,1011.2,12120,Bhiwandi
4/1/2023,30,25.8,33.8,15.3,,1009,14220,Bhiwandi
5/1/2023,30.8,28.3,33.6,0.6,,1008.8,17220,Bhiwandi
6/1/2023,30.4,27.8,33.7,561.1,,1005.7,11460,Bhiwandi
7/1/2023,27.8,25.3,29.4,1768.9,,1004.7,1680,Bhiwandi
8/1/2023,28.6,26.3,30.8,187.3,,1007.9,7140,Bhiwandi
9/1/2023,28.2,25.2,31,483.8,,1006.6,6660,Bhiwandi
10/1/2023,30.2,25.8,34.5,13,,1011,10200,Bhiwandi
11/1/2023,29.4,24.3,34.4,7.1,,1011.7,11040,Bhiwandi
12/1/2023,27.9,22.8,32.9,0,,1012.3,10140,Bhiwandi
1/1/2024,26.3,19.9,31.3,1.1,,1013.2,12240,Bhiwandi
2/1/2024,27.1,20.6,32.6,0,,1013.5,14700,Bhiwandi
3/1/2024,28.3,23.2,32.8,0.1,,1011.9,14340,Bhiwandi
4/1/2024,30.7,26.6,34.7,0,,1008.2,14340,Bhiwandi
5/1/2024,31.1,28.6,34.2,1.4,,1005.9,,Bhiwandi
6/1/2024,29.7,27.2,33.2,351.3,,1004,6780,Bhiwandi
7/1/2024,27.5,25.3,29.8,1663.8,,1002.1,1020,Bhiwandi
8/1/2024,28.2,26.3,30.9,390.5,,1005.7,5700,Bhiwandi
9/1/2024,27.7,25.2,30.6,659.3,,1006.5,8040,Bhiwandi
10/1/2024,29.3,25.6,33.3,112,,1008.8,11040,Bhiwandi
11/1/2024,28.4,22.6,34.1,0.5,,1011.2,10560,Bhiwandi
12/1/2024,26.2,20.6,32,0,,1011.7,8040,Bhiwandi
1/1/2025,26.2,20,32.2,0,,1011.9,11100,Bhiwandi
2/1/2025,28,21.2,34,0,,1012.2,13560,Bhiwandi
3/1/2025,29.3,24.2,34.4,0,,1010,13680,Bhiwandi
4/1/2025,30.2,26.7,34.1,0.7,,1008.2,13800,Bhiwandi
5/1/2025,29.5,25.8,32.9,237,,1005,10140,Bhiwandi
6/1/2025,28.6,26.2,31.4,510.9,,1003.6,5460,Bhiwandi
7/1/2025,28.1,26,30,801.7,,1003.5,2760,Bhiwandi
8/1/2025,27.4,25.5,29.5,1098,,1005.7,4500,Bhiwandi
9/1/2025,27,25.4,29,480.7,,1007.2,4020,Bhiwandi
10/1/2025,29.1,26.3,32.8,170.2,,1008,10800,Bhiwandi
11/1/2025,27.8,24.3,32,9.2,,1012.5,11880,Bhiwandi
12/1/2025,27,22.8,32.1,0,,1012.9,11700,Bhiwandi
1/1/2020,,,,,,,,Saharanpur
2/1/2020,,,,,,,,Saharanpur
3/1/2020,,,,,,,,Saharanpur
4/1/2020,,,,,,,,Saharanpur
5/1/2020,,,,,,,,Saharanpur
6/1/2020,,,,,,,,Saharanpur
7/1/2020,,,,,,,,Saharanpur
8/1/2020,27.2,,,,,,,Saharanpur
9/1/2020,,,,,,,,Saharanpur
10/1/2020,,,,,,,,Saharanpur
11/1/2020,,,,,,,,Saharanpur
12/1/2020,,,,,,,,Saharanpur
1/1/2021,13.1,8.6,18.5,,,1015.4,,Saharanpur
2/1/2021,16.7,10.8,24,12.3,,1015,,Saharanpur
3/1/2021,21.4,14.5,29.8,2.1,,1011.3,,Saharanpur
4/1/2021,24.3,17.5,31.1,20.1,,1009.4,,Saharanpur
5/1/2021,25.7,20.4,31.1,90.8,,1005.9,,Saharanpur
6/1/2021,27.2,23,31.4,283.6,,1002.3,,Saharanpur
7/1/2021,27.5,24.6,30.6,292,,1001.3,,Saharanpur
8/1/2021,26.3,23.8,29.4,262.7,,1003.5,,Saharanpur
9/1/2021,25.8,22.9,29.2,135.9,,1007.1,,Saharanpur
10/1/2021,22.7,18.6,27.6,178.8,,1010,,Saharanpur
11/1/2021,17.2,12.6,23.1,0,,1014.2,,Saharanpur
12/1/2021,13.3,8.8,18.9,13.9,,1018,,Saharanpur
1/1/2022,11.7,7.5,16.4,168.7,,1015.9,,Saharanpur
2/1/2022,12.8,7.3,19.5,95.8,,1014,,Saharanpur
3/1/2022,21.7,15.5,28.7,0.7,,1010.3,,Saharanpur
4/1/2022,26.8,20,34,1,,1006.2,,Saharanpur
5/1/2022,27,21.1,33.2,13.5,,1003.3,,Saharanpur
6/1/2022,28.8,22,34.7,50.5,,1001.7,,Saharanpur
7/1/2022,26.8,24.1,30,306.7,,1003.2,,Saharanpur
8/1/2022,26.5,23.7,29.8,315.5,,1003.5,,Saharanpur
9/1/2022,25.2,21.9,29,289.3,,1006.3,,Saharanpur
10/1/2022,21.6,17.3,26.6,64.2,,1012.3,,Saharanpur
11/1/2022,18,13.6,23.7,0.8,,1014.9,,Saharanpur
12/1/2022,14.6,10.1,20.1,0.7,,1015.3,,Saharanpur
1/1/2023,12.6,8,18,36.3,,1017.5,,Saharanpur
2/1/2023,16.5,11.3,22.8,3.1,,1014.3,,Saharanpur
3/1/2023,19,13.4,25.4,115,,1013.8,,Saharanpur
4/1/2023,22.8,15.5,30.6,19.9,,1010.8,,Saharanpur
5/1/2023,24.8,18.1,31.7,114,,1008.4,,Saharanpur
6/1/2023,27.5,22.4,33.4,91.8,,1003.7,,Saharanpur
7/1/2023,26.3,23.4,30,361,,1004.3,,Saharanpur
8/1/2023,26,23.3,29.5,243.5,,1004,,Saharanpur
9/1/2023,26,22.1,30.8,65.7,,1007.5,,Saharanpur
10/1/2023,21.8,15.7,28.8,11.2,,1013.7,,Saharanpur
11/1/2023,18,12.2,25.2,16.7,,1017.5,,Saharanpur
12/1/2023,14.2,8.2,21.6,0.4,,1018.3,,Saharanpur
1/1/2024,11.1,5.4,17.9,4.1,,1018.2,,Saharanpur
2/1/2024,13.6,7.7,20.8,51.4,,1017.5,,Saharanpur
3/1/2024,19.1,12.8,26.1,45.5,,1014.1,,Saharanpur
4/1/2024,24.6,17.2,32.2,1.4,,1009.7,,Saharanpur
5/1/2024,29.1,21.8,36.1,4.8,,1005.5,,Saharanpur
6/1/2024,30.4,23.9,37.1,72.3,,1002,,Saharanpur
7/1/2024,27.2,24.2,30.8,284.6,,1001.1,,Saharanpur
8/1/2024,27.5,24,32.7,743.5,,,,Saharanpur
9/1/2024,26.1,22.3,32.1,,,1004.5,,Saharanpur
10/1/2024,23.1,17.9,29.6,0.2,,1012.1,,Saharanpur
11/1/2024,18,12.4,25.2,0,,1016.1,,Saharanpur
12/1/2024,13,8.5,19.4,,,1016.7,,Saharanpur
1/1/2025,13.2,7.4,20.2,18,,1016.8,,Saharanpur
2/1/2025,15.2,8.9,23.1,73.2,,1015.7,,Saharanpur
3/1/2025,,,,,,,,Saharanpur
4/1/2025,25,17.8,32.4,17.4,,1008.2,,Saharanpur
5/1/2025,26.7,20.7,32.6,37.7,,1004.7,,Saharanpur
6/1/2025,27.5,23,32.3,116.1,,1001.8,,Saharanpur
7/1/2025,26.7,23.8,30.3,232.9,,1000.9,,Saharanpur
8/1/2025,27.4,24.9,30.7,330.5,,1002.4,,Saharanpur
9/1/2025,25.1,21.8,28.9,206.4,,1006.6,,Saharanpur
10/1/2025,23,18.1,28.8,49.8,,1010.8,,Saharanpur
11/1/2025,16.7,11.4,23.9,0,,1015,,Saharanpur
12/1/2025,12.9,8.4,19.7,0,,1016.6,,Saharanpur
1/1/2020,26.5,22,30.9,1,,1013.8,13680,Guntur
2/1/2020,27.3,22.7,32,12,,1013.8,15480,Guntur
3/1/2020,29.2,24.4,34,0,,1011.1,16440,Guntur
4/1/2020,30.6,26,35.2,46,,1009.5,16620,Guntur
5/1/2020,32.9,28.5,37.4,0,,1005,16920,Guntur
6/1/2020,32.3,28,36.5,126,,1002.5,9480,Guntur
7/1/2020,30,26.5,33.5,244,,1003.1,8340,Guntur
8/1/2020,29.1,26.2,32.1,236,,1002.9,6180,Guntur
9/1/2020,29.9,26.5,33.3,298,,1003.9,8280,Guntur
10/1/2020,29,25.8,32.2,229,,1005.3,7380,Guntur
11/1/2020,27.3,23.5,31,318,,1011.8,10740,Guntur
12/1/2020,25.5,20.8,30.3,4,,1012.7,12780,Guntur
1/1/2021,25,20.3,30.4,0,,1012.3,12420,Guntur
2/1/2021,25.4,19.9,31.9,0.3,,1013,14460,Guntur
3/1/2021,28.5,22.4,36.5,0.2,,1010.4,15780,Guntur
4/1/2021,30.9,25.6,38.1,32.3,,1008.3,16080,Guntur
5/1/2021,32,27.3,38.1,132.3,,1004.8,15840,Guntur
6/1/2021,31.1,26.5,36.7,115.7,,1003.8,9720,Guntur
7/1/2021,29.2,25.6,33.7,521.2,,1002.7,7380,Guntur
8/1/2021,29.1,25.9,33.2,187.4,,1004.8,10260,Guntur
9/1/2021,28.7,26,32.4,172.9,,1004.6,7140,Guntur
10/1/2021,28.2,24.9,32.2,152.1,,1007.6,11220,Guntur
11/1/2021,25.6,23.2,28.6,361,,1009.8,6840,Guntur
12/1/2021,24.2,20,28.8,15.4,,1013.9,13020,Guntur
1/1/2022,24.3,20.2,28.8,23.7,,1013,12840,Guntur
2/1/2022,25.4,21,30.2,2,,1011.9,14760,Guntur
3/1/2022,28.1,23.9,32.8,3.1,,1009.1,14160,Guntur
4/1/2022,29.9,27.6,33.4,0,,1007.8,15240,Guntur
5/1/2022,30.9,27.7,35.2,37,,1002.6,15180,Guntur
6/1/2022,31.2,27.4,35.8,104.3,,1002.9,9240,Guntur
7/1/2022,28.3,25.5,31.9,264.5,,1003,7200,Guntur
8/1/2022,28.8,25.8,32.6,204.4,,1003.5,10440,Guntur
9/1/2022,28.2,25.3,31.9,211.9,,1005.5,8640,Guntur
10/1/2022,26.4,23.1,30.5,234.8,,1008.9,10380,Guntur
11/1/2022,25.3,21.6,29.4,95,,1011.7,9420,Guntur
12/1/2022,24.8,21.3,29,78.5,,1011.9,11220,Guntur
1/1/2023,24,19.3,29.3,1.6,,1014.1,13980,Guntur
2/1/2023,25.7,20.6,31.3,0,,1012.8,14880,Guntur
3/1/2023,27.1,22.8,32,93.9,,1011.5,13860,Guntur
4/1/2023,29.7,26,34.4,46.8,,1008.7,15900,Guntur
5/1/2023,31.4,27,36.7,94.6,,1006.4,14100,Guntur
6/1/2023,33.3,28.9,39.4,44,,1003,11580,Guntur
7/1/2023,29.1,26.2,33,271.7,,1003.5,4560,Guntur
8/1/2023,30.4,27,35.5,35.7,,1005.7,11220,Guntur
9/1/2023,29.1,25.6,33.7,190.3,,1004.9,6300,Guntur
10/1/2023,28.7,24.7,33.5,26.5,,1010.2,12840,Guntur
11/1/2023,26.5,23.2,30.5,133.1,,1012.6,8940,Guntur
12/1/2023,24.7,20.8,29.4,208.9,,1013.3,9720,Guntur
1/1/2024,24.5,20.7,29,3.3,,1014.5,11880,Guntur
2/1/2024,26,21.8,30.7,5,,1014.3,15660,Guntur
3/1/2024,28.2,24.9,32,5.4,,1011.8,15120,Guntur
4/1/2024,30.3,27,34.3,0,,1008,16980,Guntur
5/1/2024,31.6,28.1,35.9,38.8,,1004.3,13680,Guntur
6/1/2024,30.6,27,35.3,164,,1003.4,6480,Guntur
7/1/2024,28.6,25.7,32.2,287.9,,1002.2,3840,Guntur
8/1/2024,29.7,25.8,34.1,281,,1004.2,10200,Guntur
9/1/2024,28.7,25.4,33.6,314.6,,1005,8280,Guntur
10/1/2024,28,24.6,32.4,163.7,,1008.6,13080,Guntur
11/1/2024,26.4,22.5,31,73.6,,1011.3,10260,Guntur
12/1/2024,25.1,22,29.7,24,,1011.9,7920,Guntur
1/1/2025,24.1,19.5,30,0.5,,1013.4,13620,Guntur
2/1/2025,26.3,21.3,32.7,1,,1012.9,16140,Guntur
3/1/2025,29.5,24.3,34.6,0,,1010,15000,Guntur
4/1/2025,30.5,27.2,35.1,5.8,,1008,15480,Guntur
5/1/2025,30.5,26.7,34.9,172,,1004,10440,Guntur
6/1/2025,31.2,27.4,36.3,70.7,,1003,9000,Guntur
7/1/2025,30.3,26.5,35,219.5,,1002.6,9060,Guntur
8/1/2025,29.2,25.9,33.6,282.5,,1004.6,9360,Guntur
9/1/2025,28.5,25.3,32.5,193.2,,1005.2,9240,Guntur
10/1/2025,26.8,24.3,30.1,373.2,,1008.3,8280,Guntur
11/1/2025,25.5,21.7,29.6,38.8,,1012.5,12000,Guntur
12/1/2025,23.1,18.8,28,70.8,,1013.9,9480,Guntur
1/1/2020,21.4,13.7,29.1,1,,1014.5,,Amravati
2/1/2020,24.3,15.8,32.7,0,,1013.9,,Amravati
3/1/2020,27.9,19.7,36.2,18,,1010.1,,Amravati
4/1/2020,33.2,24.6,41.8,2,,1006.3,,Amravati
5/1/2020,36.1,28.1,44,3,,1002.8,,Amravati
6/1/2020,30.3,24.3,36.2,129,,1001.3,,Amravati
7/1/2020,29.1,24.6,33.5,245,,1001.5,,Amravati
8/1/2020,27.3,23.9,30.6,212,,1001.1,,Amravati
9/1/2020,28.9,24.1,33.8,109,,1004.1,,Amravati
10/1/2020,28.5,22.7,34.3,45,,1007.1,,Amravati
11/1/2020,25.1,17,33.1,4,,1013.8,,Amravati
12/1/2020,22.9,14.6,31.3,0,,1014.1,,Amravati
1/1/2021,23.3,17.8,30.3,3,,1012.8,,Amravati
2/1/2021,23.9,17,31.6,4.9,,1013.6,,Amravati
3/1/2021,28.3,21.1,36.6,9.9,,1010.5,,Amravati
4/1/2021,31.4,24,39.1,0.3,,1007.8,,Amravati
5/1/2021,33.4,26.3,39,49.3,,1004.5,,Amravati
6/1/2021,29.1,24,34,221.7,,1003.6,,Amravati
7/1/2021,27.8,24,31,225,,1002.2,,Amravati
8/1/2021,26.8,23,30.3,188.6,,1004.6,,Amravati
9/1/2021,26.9,22.4,29.8,474.5,,1004.4,,Amravati
10/1/2021,25.4,20.7,31.6,129.9,,1009.3,,Amravati
11/1/2021,24.7,19.7,30.6,4.9,,1011.7,,Amravati
12/1/2021,21.5,16,28.2,24.4,,1015.3,,Amravati
1/1/2022,19.6,14.2,26.6,36.2,,1014.3,,Amravati
2/1/2022,23,16.2,31.2,1.5,,1011.9,,Amravati
3/1/2022,29.7,21.9,37.9,1.2,,1009,,Amravati
4/1/2022,34.1,26.4,42,0,,1006,,Amravati
5/1/2022,35.3,28.6,41.9,12.6,,1001.9,,Amravati
6/1/2022,31.3,26.2,37,110.8,,1002.5,,Amravati
7/1/2022,25.9,23.1,29.1,414.3,,1002.4,,Amravati
8/1/2022,26.1,23.1,29.8,357.6,,1003.1,,Amravati
9/1/2022,26,22.9,30.5,259.2,,1005.9,,Amravati
10/1/2022,25.1,20.6,31.1,82.7,,1010.7,,Amravati
11/1/2022,22.9,17.2,30.7,0,,1013.7,,Amravati
12/1/2022,22.9,17.4,30.2,4.6,,1013.5,,Amravati
1/1/2023,21.8,16.1,29.7,2.2,,1014.8,,Amravati
2/1/2023,24.5,16.8,33.9,0,,1013.7,,Amravati
3/1/2023,27.4,19.9,34.5,24.6,,1011.7,,Amravati
4/1/2023,30.1,22.5,37.1,56.3,,1009.2,,Amravati
5/1/2023,32.3,24.9,39.4,25,,1006.7,,Amravati
6/1/2023,32.8,26.4,37.9,97.2,,1003.2,,Amravati
7/1/2023,27.2,23.5,30.2,400.9,,1002.7,,Amravati
8/1/2023,26.8,23,30.3,77.6,,1005.9,,Amravati
9/1/2023,27.5,23.3,31,171.5,,1005,,Amravati
10/1/2023,26.4,20.7,33.8,23.9,,1011.6,,Amravati
11/1/2023,24.3,19.1,30.9,67.4,,1014,,Amravati
12/1/2023,21.8,16.5,28.1,3.5,,1015.2,,Amravati
1/1/2024,21.9,16.5,28.8,1,,1014.8,,Amravati
2/1/2024,25,18.4,32.4,4.6,,1014.3,,Amravati
3/1/2024,28.6,21.2,36.5,7.3,,1011.4,,Amravati
4/1/2024,31.4,23.8,38.1,56.4,,1008.3,,Amravati
5/1/2024,33.5,26.1,41,15.7,,1003.8,,Amravati
6/1/2024,32,25,37,139.5,,1002.8,,Amravati
7/1/2024,27.4,23.7,29.8,496.4,,1000.6,,Amravati
8/1/2024,27.2,23.4,29.9,224.5,,1003.5,,Amravati
9/1/2024,27.3,23.2,30.8,153.4,,1003.9,,Amravati
10/1/2024,27.2,22.3,33.5,71.2,,1009.9,,Amravati
11/1/2024,24,18.6,31.3,0,,1013.5,,Amravati
12/1/2024,22.9,17.5,29.8,9,,1013.6,,Amravati
1/1/2025,23,16.8,30.8,0.4,,1013.9,,Amravati
2/1/2025,26.7,20,34.4,0,,1013.1,,Amravati
3/1/2025,30.5,21,39.9,0,,1009.1,,Amravati
4/1/2025,33.5,26.1,41.1,11.7,,1006.3,,Amravati
5/1/2025,32,25.1,37.7,97.6,,1003.8,,Amravati
6/1/2025,29.9,24.8,34.6,165,,1001.9,,Amravati
7/1/2025,26.9,23.3,29.5,280.7,,1001.9,,Amravati
8/1/2025,26.4,23,30.2,287.5,,1004.4,,Amravati
9/1/2025,25.6,22.9,29.7,328.5,,1006,,Amravati
10/1/2025,25.8,22.1,30.2,107.8,,1009.9,,Amravati
11/1/2025,22.3,17.2,28.1,3.7,,1014.6,,Amravati
12/1/2025,20.6,14.5,27.8,0,,1015.7,,Amravati
1/1/2020,14.4,8.1,20.8,18,,1016.7,,Bikaner
2/1/2020,19.8,11.9,27.8,0,,1015.8,,Bikaner
3/1/2020,23.6,17.1,30.1,27,,1010.8,,Bikaner
4/1/2020,31,23.7,38.3,9,,1007.2,,Bikaner
5/1/2020,35.3,28,42.6,21,,1001.7,,Bikaner
6/1/2020,36.6,30.5,42.7,7,,997.9,,Bikaner
7/1/2020,35.4,30.1,40.7,55,,997.2,,Bikaner
8/1/2020,33,28.3,37.7,105,,996.7,,Bikaner
9/1/2020,32.4,26.8,38,54,,1002.4,,Bikaner
10/1/2020,29.3,21.5,37,0,,1007.4,,Bikaner
11/1/2020,21.7,13.8,29.6,0,,1015.3,,Bikaner
12/1/2020,17.6,10.1,25.1,0,,1016,,Bikaner
1/1/2021,15.8,8.2,23.3,0,,1015,,Bikaner
2/1/2021,22.9,14.6,31.1,0,,1012.9,,Bikaner
3/1/2021,27.9,20.1,35.6,2,,1009.1,,Bikaner
4/1/2021,31.2,23.5,38.8,2,,1006.8,,Bikaner
5/1/2021,33.7,27.4,40.5,11,,1001.7,,Bikaner
6/1/2021,34.6,28.5,40.7,51,,998.5,,Bikaner
7/1/2021,34.5,29.2,39.8,46,,996.4,,Bikaner
8/1/2021,33.3,27.7,38.9,14,,999.6,,Bikaner
9/1/2021,30.9,26.1,35.7,90,,1002.3,,Bikaner
10/1/2021,28.3,21.6,35,7,,1008.3,,Bikaner
11/1/2021,23.1,14.7,31.4,0,,1012.8,,Bikaner
12/1/2021,16.8,9.2,24.4,2,,1017.3,,Bikaner
1/1/2022,14.7,8.2,21.2,30,,1015.2,,Bikaner
2/1/2022,20.3,12.4,28.1,6,,1011.4,,Bikaner
3/1/2022,28.5,19.9,37.1,0,,1008.1,,Bikaner
4/1/2022,33.9,25.2,42.6,0,,1003.5,,Bikaner
5/1/2022,36.2,28.6,43.9,1,,997.9,,Bikaner
6/1/2022,34.9,28.2,41.5,52,,997.4,,Bikaner
7/1/2022,31.3,26.3,36.3,192,,997.9,,Bikaner
8/1/2022,30.2,25.3,35.2,103,,999.3,,Bikaner
9/1/2022,31.3,24.8,37.7,3,,1003,,Bikaner
10/1/2022,28.2,20.1,36.3,0,,1009.5,,Bikaner
11/1/2022,23.1,14.3,31.8,0,,1013.5,,Bikaner
12/1/2022,17.4,8.2,26.6,0,,1015.2,,Bikaner
1/1/2023,13.9,5.5,22.3,0,,1017.1,,Bikaner
2/1/2023,22.4,13.1,31.6,0,,1013,,Bikaner
3/1/2023,25.5,18.2,32.8,23,,1010.7,,Bikaner
4/1/2023,29.8,23.1,36.4,32,,1006.9,,Bikaner
5/1/2023,32.4,25.8,39.5,102,,1004,,Bikaner
6/1/2023,33.2,27.5,38.9,84,,999.3,,Bikaner
7/1/2023,32.5,27.7,37.3,195,,998.2,,Bikaner
8/1/2023,31.7,27,36.3,3,,1000.1,,Bikaner
9/1/2023,32.6,27.2,38.1,40,,1002.5,,Bikaner
10/1/2023,29.3,22.8,35.9,5,,1010.4,,Bikaner
11/1/2023,23.3,16.9,29.6,7,,1014.7,,Bikaner
12/1/2023,18.8,11,26.5,0,,1016.6,,Bikaner
1/1/2024,13.9,7.3,20.5,0,,1016.8,,Bikaner
2/1/2024,19.2,12.8,25.6,4,,1015.4,,Bikaner
3/1/2024,25.1,18.2,32,0,,1011.1,,Bikaner
4/1/2024,30.7,24.3,37,18,,1005.7,,Bikaner
5/1/2024,36.6,29.3,43.8,19,,1000.4,,Bikaner
6/1/2024,36.6,30.8,42.4,12,,997.6,,Bikaner
7/1/2024,35,29.7,40.3,114,,994.8,,Bikaner
8/1/2024,30.9,27.3,34.6,122,,999.8,,Bikaner
9/1/2024,31.7,26.7,36.7,49,,1002.2,,Bikaner
10/1/2024,30.5,23.6,37.5,13,,1008.3,,Bikaner
11/1/2024,25,17.8,32.3,0,,1013.2,,Bikaner
12/1/2024,16.1,9.3,22.9,1,,1016.1,,Bikaner
1/1/2025,16.3,9.1,23.4,1,,1015.9,,Bikaner
2/1/2025,21.3,14,28.6,2,,1013.5,,Bikaner
3/1/2025,25.8,17.9,33.7,7,,1010.1,,Bikaner
4/1/2025,33.6,25.4,41.7,4,,1003.4,,Bikaner
5/1/2025,35.5,28.8,42.3,17,,999,,Bikaner
6/1/2025,35.4,29.7,41.1,18,,996.6,,Bikaner
7/1/2025,32.1,27.8,36.3,168,,996.1,,Bikaner
8/1/2025,32.1,27.9,36.2,111,,999.8,,Bikaner
9/1/2025,30.3,25.4,35.3,84,,1003.4,,Bikaner
10/1/2025,27.6,21.5,33.7,29,,1009.5,,Bikaner
11/1/2025,22.3,14.3,30.2,0,,1014.8,,Bikaner
12/1/2025,19.4,11.2,27.5,0,,1016.1,,Bikaner
1/1/2020,13.7,8,19.5,48,,1017.3,9420,Noida
2/1/2020,17,9.9,24.1,2,,1016.5,12120,Noida
3/1/2020,21.6,15,28.2,109,,1012.2,12420,Noida
4/1/2020,27.7,20.1,35.3,14,,1008.1,15420,Noida
5/1/2020,31.9,24.4,39.5,21,,1002.6,16080,Noida
6/1/2020,32.6,26.7,38.5,82,,998.9,13260,Noida
7/1/2020,31.5,26.8,36.3,237,,998.7,10740,Noida
8/1/2020,30.6,26.6,34.6,237,,998.3,9180,Noida
9/1/2020,31,25.7,36.2,21,,1002.6,13740,Noida
10/1/2020,25.9,17.2,34.5,0,,1008,13320,Noida
11/1/2020,19,10.2,27.8,1,,1016.3,6960,Noida
12/1/2020,15.2,7.1,23.4,2,,1016.7,8520,Noida
1/1/2021,13.1,7,19.2,57,,1016,6540,Noida
2/1/2021,18.6,10.6,27.9,2,,1014.2,12120,Noida
3/1/2021,25,17,33.2,4,,1010.1,,Noida
4/1/2021,28.1,18.7,37.5,3,,1007.1,13800,Noida
5/1/2021,30.4,23.3,37.5,144,,1003.1,11580,Noida
6/1/2021,32,25.8,38.1,35,,998.9,11700,Noida
7/1/2021,31.4,26.4,36.5,507,,998.1,10320,Noida
8/1/2021,30.8,26.3,35.2,214,,1000.5,9480,Noida
9/1/2021,29.4,25.5,33.2,413,,1003.7,9360,Noida
10/1/2021,26.8,20.5,33.1,123,,1008.6,15360,Noida
11/1/2021,19.9,11.9,27.8,0,,1013.7,10260,Noida
12/1/2021,15.3,8.2,22.4,9,,1018.2,7200,Noida
1/1/2022,13.1,8.2,18,88,,1016.3,3600,Noida
2/1/2022,17.2,10.2,24.2,29,,1013.3,12660,Noida
3/1/2022,25.3,17.6,32.9,0,,1009,14700,Noida
4/1/2022,31.2,22.2,40.2,0,,1004.2,13440,Noida
5/1/2022,33.1,26,40.1,45,,999.3,7260,Noida
6/1/2022,33.7,27.2,40.1,25,,997.9,9780,Noida
7/1/2022,31.2,27,35.5,286,,999.4,7980,Noida
8/1/2022,30.4,26.4,34.4,41,,1000.2,9660,Noida
9/1/2022,29.4,24.7,34.2,165,,1003.6,,Noida
10/1/2022,24.9,18.5,31.4,128,,1010.6,10500,Noida
11/1/2022,20.5,12.3,28.7,0,,1014.2,9000,Noida
12/1/2022,15.5,7.5,23.4,0,,1015.7,9660,Noida
1/1/2023,13.2,6.6,19.7,20,,1017.9,5340,Noida
2/1/2023,19.5,11.2,27.7,0,,1013.8,13380,Noida
3/1/2023,23.6,16.2,30.9,54,,1012,11400,Noida
4/1/2023,27.3,19.4,35.3,16,,1007.7,13740,Noida
5/1/2023,29.6,22.4,36.8,86,,1004.9,13740,Noida
6/1/2023,31.5,25.9,37.1,101,,999,11340,Noida
7/1/2023,30.7,26.7,34.8,383,,999.5,6240,Noida
8/1/2023,31.1,26.8,35.4,106,,1000.5,9420,Noida
9/1/2023,30.4,25.3,35.6,83,,1003.5,11040,Noida
10/1/2023,25.5,18.2,33.4,5,,1011.3,,Noida
11/1/2023,20.4,13.1,27.8,18,,1015.8,,Noida
12/1/2023,16.3,8.6,24.1,0,,1017.6,8520,Noida
1/1/2024,12.3,6.6,18.1,0,,1018.3,2460,Noida
2/1/2024,16.7,9.3,24.1,32,,1016.7,9840,Noida
3/1/2024,22.4,14.2,30.5,4,,1012.6,,Noida
4/1/2024,28.9,20.7,37,7,,1006.5,13860,Noida
5/1/2024,33.9,26.5,41.4,4,,1001,13860,Noida
6/1/2024,34.7,28.8,40.6,244,,997.7,8820,Noida
7/1/2024,31.5,27.6,35.9,203,,996.7,,Noida
8/1/2024,29.9,25.7,34.2,390,,1001,8040,Noida
9/1/2024,29.3,24.7,33.8,193,,1003.3,7140,Noida
10/1/2024,28.2,21.4,35.1,0,,1009.1,12780,Noida
11/1/2024,22.2,14.7,29.7,0,,1014.3,2520,Noida
12/1/2024,15.8,8.4,23.2,54,,1016.8,2520,Noida
1/1/2025,14.6,8.5,20.8,7,,1016.6,7560,Noida
2/1/2025,19.2,11.6,26.7,1,,1014.7,10800,Noida
3/1/2025,23.8,15.5,32,18,,1010.7,15780,Noida
4/1/2025,30.4,21.9,38.9,0.5,,1005,13320,Noida
5/1/2025,31.4,25.3,37.6,186,,1001.4,10320,Noida
6/1/2025,32.3,27.1,37.5,107,,998.3,7980,Noida
7/1/2025,30.3,26.1,34.5,259,,997.4,6720,Noida
8/1/2025,29.1,25.1,33.2,400,,1001.4,5820,Noida
9/1/2025,28.8,24,33.6,136,,1004,12060,Noida
10/1/2025,25.8,20.1,31.6,89,,1010.1,9420,Noida
11/1/2025,19.6,11.4,27.8,0,,1015.5,8820,Noida
12/1/2025,15,8.2,23,0,,1017.1,7380,Noida
1/1/2020,,,,,,,,Jamshedpur
2/1/2020,,,,,,,,Jamshedpur
3/1/2020,,,,,,,,Jamshedpur
4/1/2020,,,,,,,,Jamshedpur
5/1/2020,,,,,,,,Jamshedpur
6/1/2020,,,,,,,,Jamshedpur
7/1/2020,,,,,,,,Jamshedpur
8/1/2020,,,,,,,,Jamshedpur
9/1/2020,,,,,,,,Jamshedpur
10/1/2020,,,,,,,,Jamshedpur
11/1/2020,,,,,,,,Jamshedpur
12/1/2020,,,,,,,,Jamshedpur
1/1/2021,19.4,13.3,27.3,,,1013.6,,Jamshedpur
2/1/2021,21.6,14,30.6,1.6,,1013.5,,Jamshedpur
3/1/2021,27.8,20,36.8,0.4,,1009.5,,Jamshedpur
4/1/2021,30.9,23.3,39.6,2.8,,1007.3,,Jamshedpur
5/1/2021,29.2,24.5,35.3,201.7,,1004,,Jamshedpur
6/1/2021,28.9,25.4,33.6,309.3,,1001,,Jamshedpur
7/1/2021,28.6,25.3,33.2,274.9,,1000.2,,Jamshedpur
8/1/2021,28.6,25.1,33.3,247.2,,1002.8,,Jamshedpur
9/1/2021,27.6,24.5,31.8,315.3,,1004.2,,Jamshedpur
10/1/2021,27.2,22.6,32.8,104.2,,1008.2,,Jamshedpur
11/1/2021,22.6,17.5,29.2,46.4,,1012.5,,Jamshedpur
12/1/2021,18.8,13.7,25.5,118.5,,1016.1,,Jamshedpur
1/1/2022,17.4,12,23.9,30.9,,1014.8,,Jamshedpur
2/1/2022,20,13.4,27.9,33.3,,1012.6,,Jamshedpur
3/1/2022,27.3,19.4,36,0.2,,1008.5,,Jamshedpur
4/1/2022,32.6,24.7,41.4,1.2,,1004.7,,Jamshedpur
5/1/2022,30.5,25.1,37.4,,,1001.9,,Jamshedpur
6/1/2022,30.7,26.1,37.2,115.8,,1000.8,,Jamshedpur
7/1/2022,28.4,25,32.8,195.8,,1001,,Jamshedpur
8/1/2022,28.1,24.7,32.6,373.5,,1001.2,,Jamshedpur
9/1/2022,28,24.4,33,292.9,,1004.8,,Jamshedpur
10/1/2022,26.2,21.7,32,117.6,,1010.3,,Jamshedpur
11/1/2022,22,16.1,29.6,0,,1013.4,,Jamshedpur
12/1/2022,19.6,13.4,27.9,0,,1013.9,,Jamshedpur
1/1/2023,19.7,13.5,27.6,0.1,,1015.6,,Jamshedpur
2/1/2023,22.9,15.2,31.9,0,,1013.1,,Jamshedpur
3/1/2023,26.2,19.5,34.3,51.6,,1011.8,,Jamshedpur
4/1/2023,29.9,22.6,37.7,28.4,,1008,,Jamshedpur
5/1/2023,31.4,24.9,39.1,16.9,,1005.6,,Jamshedpur
6/1/2023,32.6,27.5,39.1,99.1,,1000.5,,Jamshedpur
7/1/2023,29.2,25.6,33.9,220.9,,1001.3,,Jamshedpur
8/1/2023,28.4,25,32.8,274.3,,1002.3,,Jamshedpur
9/1/2023,28.1,24.7,32.6,268.2,,1003.7,,Jamshedpur
10/1/2023,26.9,21.8,32.8,73.9,,1010.5,,Jamshedpur
11/1/2023,23.5,18.1,30.5,4.5,,1014.8,,Jamshedpur
12/1/2023,19.1,14,26,60.2,,1016.2,,Jamshedpur
1/1/2024,18,12.5,25,37.5,,1016.5,,Jamshedpur
2/1/2024,22,15.9,29,6.5,,1015.5,,Jamshedpur
3/1/2024,25.7,19,33.5,31.1,,1012,,Jamshedpur
4/1/2024,32.1,24.3,40,3.5,,1006.5,,Jamshedpur
5/1/2024,31.6,25.8,38,81.2,,1003.5,,Jamshedpur
6/1/2024,32.6,27.5,39.3,83.4,,1000.4,,Jamshedpur
7/1/2024,28.9,25.5,33.5,330.4,,998.6,,Jamshedpur
8/1/2024,,,,,,,,Jamshedpur
9/1/2024,28.5,,,,,1003.1,,Jamshedpur
10/1/2024,27.7,23.5,32.6,95.3,,1009.1,,Jamshedpur
11/1/2024,23.4,18.1,29.8,0,,1013.7,,Jamshedpur
12/1/2024,20,15,26.6,,,1014.9,,Jamshedpur
1/1/2025,19.4,13.2,27.1,0,,1014.9,,Jamshedpur
2/1/2025,23.8,17.1,31.7,26.2,,1013.4,,Jamshedpur
3/1/2025,,,,,,,,Jamshedpur
4/1/2025,30.1,23.7,37.3,18.1,,1007.2,,Jamshedpur
5/1/2025,30,25.1,36.6,114.2,,1003.6,,Jamshedpur
6/1/2025,29.2,25.6,33.7,589.7,,1000.2,,Jamshedpur
7/1/2025,27.8,25.1,31.6,403.6,,998.6,,Jamshedpur
8/1/2025,27.2,24.7,31.2,259,,1003.2,,Jamshedpur
9/1/2025,27.9,24.6,32.7,167.2,,1005,,Jamshedpur
10/1/2025,26.8,22.8,31.6,38.5,,1009.8,,Jamshedpur
11/1/2025,21.6,16.1,28.1,0.7,,1014.1,,Jamshedpur
12/1/2025,17.9,11.9,24.7,1.1,,1015.8,,Jamshedpur
1/1/2020,,,,,,,,Bhilai
2/1/2020,,,,,,,,Bhilai
3/1/2020,,,,,,,,Bhilai
4/1/2020,,,,,,,,Bhilai
5/1/2020,,,,,,,,Bhilai
6/1/2020,,,,,,,,Bhilai
7/1/2020,,,,,,,,Bhilai
8/1/2020,,,,,,,,Bhilai
9/1/2020,,,,,,,,Bhilai
10/1/2020,,,,,,,,Bhilai
11/1/2020,,,,,,,,Bhilai
12/1/2020,,,,,,,,Bhilai
1/1/2021,20.9,14.3,28.3,,,1013.5,,Bhilai
2/1/2021,21.7,14.2,29.8,2.2,,1014,,Bhilai
3/1/2021,26.7,19.3,34.6,0.3,,1010.6,,Bhilai
4/1/2021,29.6,22.3,37.6,1.8,,1008,,Bhilai
5/1/2021,31.5,25.7,37.9,17.5,,1004.5,,Bhilai
6/1/2021,28.2,25.2,32.5,306.6,,1002.8,,Bhilai
7/1/2021,27.3,24.8,30.9,215.6,,1001.6,,Bhilai
8/1/2021,27.3,24.6,31.1,178.3,,1003.9,,Bhilai
9/1/2021,26.3,23.8,30.2,329.8,,1004.4,,Bhilai
10/1/2021,26,21.5,31.4,59.7,,1008.9,,Bhilai
11/1/2021,23.3,18.4,29.4,44.4,,1012.3,,Bhilai
12/1/2021,19.5,13.6,26.5,7.1,,1015.9,,Bhilai
1/1/2022,18.1,12.5,24.8,23.4,,1014.8,,Bhilai
2/1/2022,21.2,14.1,29.2,1.1,,1012.5,,Bhilai
3/1/2022,27,19.3,35.5,0.1,,1009.1,,Bhilai
4/1/2022,31.7,24.7,39.2,0,,1005.9,,Bhilai
5/1/2022,32.9,27.3,39.5,,,1001.7,,Bhilai
6/1/2022,30.6,26.4,36.3,173.6,,1001.7,,Bhilai
7/1/2022,26.4,24,30.4,479.9,,1001.2,,Bhilai
8/1/2022,26.5,23.9,30.4,483.1,,1002.2,,Bhilai
9/1/2022,26.4,23.7,30.5,188.3,,1005.2,,Bhilai
10/1/2022,24.6,20.3,30,95.9,,1010.7,,Bhilai
11/1/2022,21.2,14.6,28.3,0,,1013.8,,Bhilai
12/1/2022,20.6,14.3,27.9,2.4,,1014,,Bhilai
1/1/2023,20.2,13.7,27.7,0,,1015.3,,Bhilai
2/1/2023,22.9,14.7,31.5,0,,1013.6,,Bhilai
3/1/2023,25.9,19,33.1,19.8,,1011.9,,Bhilai
4/1/2023,28.8,22.1,36,16.8,,1009.1,,Bhilai
5/1/2023,30.7,24.1,37.9,20.9,,1006.3,,Bhilai
6/1/2023,32,27.1,37.8,235.8,,1001.8,,Bhilai
7/1/2023,27.4,24.7,31.4,517.5,,1001.7,,Bhilai
8/1/2023,27.3,24.3,31.1,247,,1004.4,,Bhilai
9/1/2023,26.6,24,30.7,254,,1004.3,,Bhilai
10/1/2023,25.7,20.3,31.7,2.7,,1011.3,,Bhilai
11/1/2023,23.2,17.7,29.8,7.8,,1014.6,,Bhilai
12/1/2023,19.8,14.5,26.2,25.8,,1015.8,,Bhilai
1/1/2024,20.3,14.6,26.9,12.8,,1015.6,,Bhilai
2/1/2024,23.2,16.6,30.3,4.3,,1014.9,,Bhilai
3/1/2024,26.8,20,34.3,37.1,,1011.7,,Bhilai
4/1/2024,30.2,23.8,37.3,20.3,,1008.2,,Bhilai
5/1/2024,32.2,26.3,39.6,24.9,,1003.5,,Bhilai
6/1/2024,31,27,36.8,182.3,,1002,,Bhilai
7/1/2024,26.8,24.1,30.5,610.9,,999.6,,Bhilai
8/1/2024,,,,,,,,Bhilai
9/1/2024,27.2,,,,,1003.9,,Bhilai
10/1/2024,27.2,23.1,32.4,30.8,,1009.6,,Bhilai
11/1/2024,23.4,17.5,29.6,0,,1013.7,,Bhilai
12/1/2024,21.9,16.7,28,,,1014.2,,Bhilai
1/1/2025,21.1,14.4,28.6,0,,1014.7,,Bhilai
2/1/2025,25.5,18.7,32.8,0,,1013.4,,Bhilai
3/1/2025,,,,,,,,Bhilai
4/1/2025,31.8,25.2,39,17.7,,1006.8,,Bhilai
5/1/2025,31,26,37.3,56.2,,1003.7,,Bhilai
6/1/2025,29.7,25.6,34.8,141.3,,1001.4,,Bhilai
7/1/2025,26.7,23.8,30.3,493.9,,1000.5,,Bhilai
8/1/2025,26.9,24.2,31.1,313.6,,1003.6,,Bhilai
9/1/2025,26.6,24.1,30.6,252.8,,1005.1,,Bhilai
10/1/2025,25.6,22.4,29.9,189.3,,1009.6,,Bhilai
11/1/2025,22,16.3,28.2,0.4,,1014.4,,Bhilai
12/1/2025,19.1,12.5,26.6,0,,1015.8,,Bhilai
1/1/2020,22.1,16.1,28.1,12,,1015.4,7680,Cuttack
2/1/2020,22.8,16.6,29,94,,1015.6,7860,Cuttack
3/1/2020,28.2,21.9,34.4,58,,1011.5,10140,Cuttack
4/1/2020,30.8,24.6,37,98,,1009.1,11520,Cuttack
5/1/2020,30.4,25.4,35.3,158,,1005,10140,Cuttack
6/1/2020,30.3,26.2,34.4,90,,1001.5,4920,Cuttack
7/1/2020,30,26.1,33.9,134,,1002,4560,Cuttack
8/1/2020,28.8,25.6,32,591,,999.6,3300,Cuttack
9/1/2020,29.8,26,33.6,204,,1003.6,5880,Cuttack
10/1/2020,27.4,23.8,31,211,,1006,5160,Cuttack
11/1/2020,25.7,20,31.4,3,,1013.8,9720,Cuttack
12/1/2020,22.8,15.9,29.8,0,,1014.5,6720,Cuttack
1/1/2021,22.6,17.8,28.6,0,,1013.4,3300,Cuttack
2/1/2021,23.9,17.7,31.2,0.2,,1013.4,12300,Cuttack
3/1/2021,28.9,22.8,36.8,0,,1009.8,8340,Cuttack
4/1/2021,30.6,25.9,37.2,4.9,,1008.1,11100,Cuttack
5/1/2021,30.2,26.7,35.2,112.5,,1004.3,11220,Cuttack
6/1/2021,29.1,26.3,32.5,201.2,,1002,4620,Cuttack
7/1/2021,28.5,26.2,31.7,233.4,,1001,5820,Cuttack
8/1/2021,28.4,26.1,31.7,261.7,,1003.3,7080,Cuttack
9/1/2021,27.3,25.2,30.3,351.3,,1004,4500,Cuttack
10/1/2021,27.3,24.4,31.1,105.4,,1008.2,6540,Cuttack
11/1/2021,24.4,20.9,29.1,63.8,,1012,6240,Cuttack
12/1/2021,20.6,16.4,25.5,126,,1015.5,5760,Cuttack
1/1/2022,19.7,15.1,25,63.9,,1014.6,8040,Cuttack
2/1/2022,22.6,16.9,29.3,11.6,,1012.6,10140,Cuttack
3/1/2022,28,22.3,35.5,1.1,,1008.9,8700,Cuttack
4/1/2022,30.7,26.1,37.5,1.2,,1006.3,11160,Cuttack
5/1/2022,30.6,26.4,36,171,,1002.6,10500,Cuttack
6/1/2022,30.1,27.2,34.6,142.3,,1001.8,5100,Cuttack
7/1/2022,27.8,25.5,31.2,335.7,,1000.7,4140,Cuttack
8/1/2022,27.8,25.6,31.1,380.2,,1001.4,6060,Cuttack
9/1/2022,27.6,25.2,31.1,239.7,,1004.8,6960,Cuttack
10/1/2022,26.3,23.2,30.5,158.1,,1009.8,8460,Cuttack
11/1/2022,24,19.1,29.5,0,,1012.8,8040,Cuttack
12/1/2022,21.9,17,28.2,0.1,,1013.5,5160,Cuttack
1/1/2023,21.9,16.9,28.3,1.3,,1015.1,5520,Cuttack
2/1/2023,24.6,18.8,32.1,0.4,,1012.9,11040,Cuttack
3/1/2023,27.2,22,33.9,40.5,,1011.7,9000,Cuttack
4/1/2023,29.7,24.2,36.3,59,,1008.1,10680,Cuttack
5/1/2023,30.6,26.3,36.6,86.3,,1005.8,8880,Cuttack
6/1/2023,31.2,27.8,36.3,179.2,,1001.1,4500,Cuttack
7/1/2023,28.5,26,32,325.9,,1001,4620,Cuttack
8/1/2023,28.5,25.9,32.1,247.9,,1002.9,5280,Cuttack
9/1/2023,27.8,25.4,31.5,300.1,,1003.5,4140,Cuttack
10/1/2023,27.4,23.5,32.2,91,,1010,7920,Cuttack
11/1/2023,25.1,20.4,30.6,28.4,,1013.9,6420,Cuttack
12/1/2023,21.3,16.4,26.6,21.3,,1015.3,3660,Cuttack
1/1/2024,20.9,16.1,26.7,32.6,,1015.9,1260,Cuttack
2/1/2024,24.3,19.5,30.7,15.4,,1014.9,6660,Cuttack
3/1/2024,27.6,22.6,34.2,41.2,,1011.6,8520,Cuttack
4/1/2024,31.3,25.4,38.5,7.8,,1006.8,10680,Cuttack
5/1/2024,31.3,27.5,37,120.7,,1003.7,10920,Cuttack
6/1/2024,31,27.6,35.9,182.5,,1001.4,4440,Cuttack
7/1/2024,28.4,26.2,31.7,358.7,,998.9,2340,Cuttack
8/1/2024,29.2,25.8,32.6,343,,1003.9,3780,Cuttack
9/1/2024,29.5,26,33,254,,1003.7,6840,Cuttack
10/1/2024,27.5,24.3,31.4,165.5,,1008.5,9780,Cuttack
11/1/2024,24.3,19.8,29.6,6.2,,1013,10740,Cuttack
12/1/2024,22.1,18.2,27.4,103,,1014.1,4980,Cuttack
1/1/2025,21,16,27.4,0.1,,1014.5,7080,Cuttack
2/1/2025,25.9,20.9,32.5,13.2,,1013.1,10980,Cuttack
3/1/2025,28.9,22.3,35.5,13,,1010.9,11160,Cuttack
4/1/2025,30.3,25.6,37.3,36.4,,1007.5,13440,Cuttack
5/1/2025,30.1,26.2,35.5,153.2,,1003.8,9840,Cuttack
6/1/2025,29.2,26.4,33.2,309,,1000.8,2760,Cuttack
7/1/2025,28.2,26,31.6,340,,999.3,3060,Cuttack
8/1/2025,28,25.6,31.3,294.1,,1003.1,5640,Cuttack
9/1/2025,27.6,25.3,31.3,209.6,,1004.3,5940,Cuttack
10/1/2025,26.9,24,30.9,146.1,,1009,9480,Cuttack
11/1/2025,23.5,18.5,29.3,5.7,,1013.3,11640,Cuttack
12/1/2025,20,14.8,26.2,0.2,,1015.1,4620,Cuttack
1/1/2020,11.1,6.7,16.3,65,,1018.2,7800,Firozpur
2/1/2020,15.9,9.9,22.3,9,,1017.3,12240,Firozpur
3/1/2020,19,13.8,24.5,106,,1013.6,10920,Firozpur
4/1/2020,26,19.6,32.3,25,,1010.5,14880,Firozpur
5/1/2020,30.9,24.2,37.3,19,,1004.8,15900,Firozpur
6/1/2020,32,26.6,37.7,44,,1000.6,14100,Firozpur
7/1/2020,31.4,27.1,36,152,,999.5,10800,Firozpur
8/1/2020,30.5,27.3,34.3,316,,999.3,11820,Firozpur
9/1/2020,31.1,26.7,36,108,,1003.7,13500,Firozpur
10/1/2020,26.1,19.1,33.3,0,,1008.6,14640,Firozpur
11/1/2020,17.7,11.6,24.2,22,,1016.3,9240,Firozpur
12/1/2020,12.4,7.6,18.4,17,,1016.3,7200,Firozpur
1/1/2021,11.4,6.6,16.5,60,,1015.3,5460,Firozpur
2/1/2021,16.9,10.8,23.5,2,,1014.4,9540,Firozpur
3/1/2021,23,17.2,29.1,11,,1010.6,11700,Firozpur
4/1/2021,26.4,19.6,33,19,,1008.7,13500,Firozpur
5/1/2021,30.6,24.4,36.8,29,,1004,15360,Firozpur
6/1/2021,32.8,27.1,38.3,17,,1000,15600,Firozpur
7/1/2021,31.3,27.4,35.4,120,,998.8,10140,Firozpur
8/1/2021,31.2,27.2,35.7,145,,1001.2,13500,Firozpur
9/1/2021,29.1,25.9,32.8,177,,1005.3,9780,Firozpur
10/1/2021,26.6,21.3,32.1,60,,1009,13440,Firozpur
11/1/2021,19.6,12.8,26.7,0,,1013.7,,Firozpur
12/1/2021,13.6,7.4,20,0,,1017.9,6360,Firozpur
1/1/2022,11.6,8.2,15.4,132,,1015.6,3900,Firozpur
2/1/2022,15.2,9.5,21.2,15,,1013,11220,Firozpur
3/1/2022,24.9,18.3,31.3,5,,1009.8,14700,Firozpur
4/1/2022,31.6,23.8,38.6,0,,1005.3,15360,Firozpur
5/1/2022,33.4,27,39.7,6,,1000.1,11040,Firozpur
6/1/2022,33.9,28.1,39.5,67,,999,14580,Firozpur
7/1/2022,30,26.9,33.7,264.2,,1001.1,6420,Firozpur
8/1/2022,30.5,27.1,34.4,108.7,,1001.7,13320,Firozpur
9/1/2022,29.8,26,34,33.7,,1005,11700,Firozpur
10/1/2022,26.3,20.5,32.1,7.7,,1011.4,13260,Firozpur
11/1/2022,19.7,13.3,26.1,27.3,,1014.9,10740,Firozpur
12/1/2022,13.9,8.4,20.1,3.9,,1016.3,8700,Firozpur
1/1/2023,11.1,6.4,16.2,19.3,,1018.2,6240,Firozpur
2/1/2023,18.5,11.8,25.3,1.8,,1014.7,11340,Firozpur
3/1/2023,21.6,15.9,27.2,75.1,,1013.1,12540,Firozpur
4/1/2023,26.5,19.5,33.2,45.9,,1009.3,15540,Firozpur
5/1/2023,29.4,23.1,35.3,69,,1006.2,14640,Firozpur
6/1/2023,31.7,26,37,55.2,,1001.1,14820,Firozpur
7/1/2023,29.8,26.2,33.4,252.4,,1001.1,8880,Firozpur
8/1/2023,31.6,27.5,36,108.2,,1000.9,12960,Firozpur
9/1/2023,29.5,25.4,33.9,111.1,,1005.2,10740,Firozpur
10/1/2023,24.9,18.9,30.5,23.6,,1012.2,13560,Firozpur
11/1/2023,20.1,14.5,25.6,29,,1016.4,8520,Firozpur
12/1/2023,14,8.3,20.1,1.4,,1018,8700,Firozpur
1/1/2024,9.3,6.1,13.2,16.6,,1018.7,,Firozpur
2/1/2024,15.5,9.8,21.2,22.2,,1017.2,,Firozpur
3/1/2024,20.7,14.5,26.7,20.1,,1013.5,12540,Firozpur
4/1/2024,26.4,20,33.1,20.9,,1008.7,15540,Firozpur
5/1/2024,33.7,26.4,40.7,1.7,,1002.9,18120,Firozpur
6/1/2024,35,28.7,41.3,6.8,,999.3,15840,Firozpur
7/1/2024,31.7,27.2,36.2,130.5,,997.6,9420,Firozpur
8/1/2024,29.8,26.2,34,291,,1002.4,10020,Firozpur
9/1/2024,30.1,26,35,85,,1004.6,11520,Firozpur
10/1/2024,27.6,22.3,33.3,1.8,,1010.3,14100,Firozpur
11/1/2024,20.8,16.1,26.4,2.6,,1014.8,4260,Firozpur
12/1/2024,13.3,7.6,19.5,8,,1017.5,8640,Firozpur
1/1/2025,13.1,7.6,18.9,13.5,,1016.8,8940,Firozpur
2/1/2025,17.1,11.4,23.1,58,,1015.4,9900,Firozpur
3/1/2025,21.8,15.9,27.7,6,,1011.8,16020,Firozpur
4/1/2025,30.3,22.7,37.5,9,,1006.4,16440,Firozpur
5/1/2025,32,26.1,38,21.7,,1002.2,,Firozpur
6/1/2025,33.3,28.2,38.4,79.9,,999.1,,Firozpur
7/1/2025,29.8,26.7,33.3,264.3,,998.6,,Firozpur
8/1/2025,28.7,26,31.9,265.3,,1001.5,,Firozpur
9/1/2025,30.3,26.3,34.7,119.1,,1005.2,,Firozpur
10/1/2025,23.7,18.4,30.4,33.7,,1011,,Firozpur
11/1/2025,16.9,10.9,25.2,0.7,,1015.7,,Firozpur
12/1/2025,13.1,7.8,20.2,0.2,,1017.2,,Firozpur
1/1/2020,,,,,,,,Kochi
2/1/2020,28.9,24.2,35,,,1011,,Kochi
3/1/2020,30,26,35.1,,,1009.9,,Kochi
4/1/2020,29.6,,,,,1009.5,,Kochi
5/1/2020,,,,,,,,Kochi
6/1/2020,27.2,,,,,1007.7,,Kochi
7/1/2020,27,,,,,1007.2,,Kochi
8/1/2020,27.2,,,,,1008.1,,Kochi
9/1/2020,26.4,,,,,1008.3,,Kochi
10/1/2020,,,,,,,,Kochi
11/1/2020,28.1,,,,,1009.4,,Kochi
12/1/2020,27.4,23.6,32.6,,,1009.5,,Kochi
1/1/2021,26.2,22.8,30.4,,,1009.9,,Kochi
2/1/2021,26.9,23.1,31.2,21.4,,1011,,Kochi
3/1/2021,27.9,24.3,32,56.4,,1010.2,,Kochi
4/1/2021,27.7,24.8,31.8,150.5,,1010,,Kochi
5/1/2021,27,24.6,30.7,500.5,,1008.4,,Kochi
6/1/2021,26.6,24.4,30.1,367.2,,1009.7,,Kochi
7/1/2021,26,24,28.8,444.9,,1009.1,,Kochi
8/1/2021,25.8,24.1,28.9,434.1,,1009.9,,Kochi
9/1/2021,26.1,24.3,29.3,269.3,,1009.3,,Kochi
10/1/2021,25.9,23.8,29.5,472.8,,1009.1,,Kochi
11/1/2021,25.7,23.3,29.4,420.9,,1008.9,,Kochi
12/1/2021,26.5,22.7,31,52.9,,1011.7,,Kochi
1/1/2022,26.9,23.1,30.8,16.1,,1011.1,,Kochi
2/1/2022,27.2,23.4,31.2,34.6,,1010.2,,Kochi
3/1/2022,27.8,24.1,32,46.2,,1009.2,,Kochi
4/1/2022,27.6,24.9,31.7,213.5,,1009,,Kochi
5/1/2022,26.7,24.5,30,602.9,,1007.7,,Kochi
6/1/2022,26.2,24.1,30,353.8,,1008.4,,Kochi
7/1/2022,25.7,24,28.4,375.9,,1008.7,,Kochi
8/1/2022,25.6,24,28.3,567.8,,1008.5,,Kochi
9/1/2022,26.1,24,29.8,216,,1009.7,,Kochi
10/1/2022,25.9,23.2,29.7,203.3,,1010.3,,Kochi
11/1/2022,25.8,22.9,30.1,148.7,,1010.8,,Kochi
12/1/2022,26.1,22.6,30.5,92.2,,1010.1,,Kochi
1/1/2023,25.8,21.4,30.6,35.4,,1011.8,,Kochi
2/1/2023,26.7,22.1,31.1,0.5,,1011.4,,Kochi
3/1/2023,28,23.8,32.2,30.1,,1010.7,,Kochi
4/1/2023,28.4,25,32.5,109,,1009.4,,Kochi
5/1/2023,28,25.1,31.9,191.4,,1009.8,,Kochi
6/1/2023,26.7,24.4,29.9,416.7,,1009.4,,Kochi
7/1/2023,25.9,24,28.9,537.6,,1010.4,,Kochi
8/1/2023,26.8,24.4,30.3,90.3,,1010.7,,Kochi
9/1/2023,25.7,23.7,28.9,489.6,,1010.2,,Kochi
10/1/2023,26.4,23.8,30.2,255.4,,1011.6,,Kochi
11/1/2023,26.9,23.9,31.3,149.1,,1010.8,,Kochi
12/1/2023,27.2,23.6,31.5,76.5,,1010.5,,Kochi
1/1/2024,27,23.2,31.2,85.4,,1011.8,,Kochi
2/1/2024,28.3,23.9,32.5,4,,1012.1,,Kochi
3/1/2024,28.8,24.9,32.3,23.1,,1011.4,,Kochi
4/1/2024,29.3,25.4,33.1,67.6,,1008.7,,Kochi
5/1/2024,27.9,25.4,31.6,510.6,,1007.1,,Kochi
6/1/2024,26.4,24.3,29.7,623.6,,1008.8,,Kochi
7/1/2024,26.1,24.1,29.1,558.5,,1008.8,,Kochi
8/1/2024,,,,,,,,Kochi
9/1/2024,26.6,,,,,1009.5,,Kochi
10/1/2024,26.3,23.9,30.2,281.5,,1009.8,,Kochi
11/1/2024,26.9,23.8,30.9,113.5,,1009.7,,Kochi
12/1/2024,,,,,,,,Kochi
1/1/2025,27.8,23.7,32.2,29.7,,1010.1,,Kochi
2/1/2025,28.3,24.3,32.5,6.6,,1011.1,,Kochi
3/1/2025,,,,,,,,Kochi
4/1/2025,28.2,24.7,32.6,153.6,,1009.2,,Kochi
5/1/2025,27.7,24.9,31.1,632.6,,1007.9,,Kochi
6/1/2025,26.2,24,29.4,521.9,,1009.2,,Kochi
7/1/2025,25.6,23.7,28.8,462.6,,1009.4,,Kochi
8/1/2025,25.7,23.7,28.6,394.3,,1009.8,,Kochi
9/1/2025,26,24,28.9,203.1,,1009.9,,Kochi
10/1/2025,26.1,23.8,29.2,210.6,,1009.5,,Kochi
11/1/2025,26,23.4,29.4,118.7,,1011.5,,Kochi
12/1/2025,26.3,22.5,30.7,38.8,,1010.9,,Kochi
1/1/2020,,,,,,,,Nellore
2/1/2020,,,,,,,,Nellore
3/1/2020,,,,,,,,Nellore
4/1/2020,,,,,,,,Nellore
5/1/2020,,,,,,,,Nellore
6/1/2020,,,,,,,,Nellore
7/1/2020,,,,,,,,Nellore
8/1/2020,,,,,,,,Nellore
9/1/2020,,,,,,,,Nellore
10/1/2020,,,,,,,,Nellore
11/1/2020,,,,,,,,Nellore
12/1/2020,,,,,,,,Nellore
1/1/2021,24.9,20.9,29.7,,,1012.4,,Nellore
2/1/2021,24.4,19,30.5,44.1,,1013.2,,Nellore
3/1/2021,27.5,21.5,34.7,0,,1010.7,,Nellore
4/1/2021,30.4,25.8,36.8,2.7,,1008.6,,Nellore
5/1/2021,31.9,27.7,37.9,18.6,,1005.5,,Nellore
6/1/2021,32.2,27.9,37.6,37.9,,1005,,Nellore
7/1/2021,30.6,26.6,35.8,151.7,,1004,,Nellore
8/1/2021,30.8,27,35.6,64.8,,1005.5,,Nellore
9/1/2021,30.4,26.8,35.3,92,,1005.2,,Nellore
10/1/2021,28.9,25.2,33.4,130.7,,1007.7,,Nellore
11/1/2021,26.2,24.2,29,697.5,,1009.4,,Nellore
12/1/2021,24.7,20.6,29.1,74.3,,1013.8,,Nellore
1/1/2022,24.8,21.1,29.1,93.1,,1012.9,,Nellore
2/1/2022,25.3,20,30.6,4.5,,1011.9,,Nellore
3/1/2022,28.4,22.6,35.2,2.7,,1009.1,,Nellore
4/1/2022,30.5,25.7,37.2,1.3,,1007.8,,Nellore
5/1/2022,31.2,27,37,,,1003.2,,Nellore
6/1/2022,31.7,27.5,37.6,101.5,,1003.7,,Nellore
7/1/2022,29.5,25.9,34.3,211.1,,1003.9,,Nellore
8/1/2022,30,26.1,35.2,124.9,,1004.1,,Nellore
9/1/2022,29.6,25.7,34.6,176.4,,1006,,Nellore
10/1/2022,27.9,24.4,32.7,131.8,,1009,,Nellore
11/1/2022,25.6,22.5,29.7,410,,1011.7,,Nellore
12/1/2022,25.1,21.9,29.3,291,,1011.8,,Nellore
1/1/2023,23.9,18.9,29.5,7,,1014.2,,Nellore
2/1/2023,25.7,19.9,32.3,0,,1013,,Nellore
3/1/2023,27.6,22.3,33.7,57,,1011.5,,Nellore
4/1/2023,30.4,25,37.3,20.4,,1008.7,,Nellore
5/1/2023,32.3,27.5,39.3,51.4,,1006.6,,Nellore
6/1/2023,33.5,28.9,39.7,76.7,,1004,,Nellore
7/1/2023,30.6,27.1,34.8,107.1,,1004.6,,Nellore
8/1/2023,31.8,27.6,37.4,47.9,,1006.4,,Nellore
9/1/2023,31,26.8,36.5,98.6,,1005.6,,Nellore
10/1/2023,29.9,25.2,35.7,9.5,,1010.5,,Nellore
11/1/2023,26.9,24.1,31,253.3,,1012.5,,Nellore
12/1/2023,24.9,21.6,29,497.1,,1013,,Nellore
1/1/2024,25.3,20.8,30.3,4.9,,1014.3,,Nellore
2/1/2024,26.9,21.5,33,3.5,,1014.2,,Nellore
3/1/2024,28.7,23.5,35.5,0.9,,1011.7,,Nellore
4/1/2024,31.2,25.5,38.9,0,,1007.9,,Nellore
5/1/2024,32.8,28.6,39.4,80.2,,1004.4,,Nellore
6/1/2024,31.7,27.1,37.6,135.9,,1004.1,,Nellore
7/1/2024,30.5,26.7,35.5,219.3,,1003.2,,Nellore
8/1/2024,30.7,26.6,36.5,,,,,Nellore
9/1/2024,30.4,26.4,36.2,66.6,,1005.5,,Nellore
10/1/2024,29.1,25.4,34.1,390.8,,1008.6,,Nellore
11/1/2024,26.5,23.4,30.7,272.1,,1011.1,,Nellore
12/1/2024,25.7,23.1,29.5,,,1011.6,,Nellore
1/1/2025,24.3,20,29.6,6.6,,1013.3,,Nellore
2/1/2025,25.8,20.6,32.7,0.4,,1013.1,,Nellore
3/1/2025,,,,,,,,Nellore
4/1/2025,30.8,26,37.3,3.4,,1007.9,,Nellore
5/1/2025,31.2,27,37.3,92.1,,1004.3,,Nellore
6/1/2025,32,27.5,37.5,50,,1003.8,,Nellore
7/1/2025,31.4,27.1,36.8,104.6,,1003.6,,Nellore
8/1/2025,30,26,35.2,117.5,,1005.3,,Nellore
9/1/2025,29.6,26,34.8,123.6,,1005.8,,Nellore
10/1/2025,27,23.9,31.1,494.3,,1008.5,,Nellore
11/1/2025,25.9,22.8,29.7,132.8,,1012.4,,Nellore
12/1/2025,23.1,19.5,27.6,117.7,,1013.6,,Nellore
1/1/2020,,,,,,,,Bhavnagar
2/1/2020,,,,,,1013.5,,Bhavnagar
3/1/2020,,,,,,,,Bhavnagar
4/1/2020,,,,,,,,Bhavnagar
5/1/2020,,,,,,,,Bhavnagar
6/1/2020,,,,,,,,Bhavnagar
7/1/2020,,,,,,,,Bhavnagar
8/1/2020,27.7,,,,,,,Bhavnagar
9/1/2020,,,,,,,,Bhavnagar
10/1/2020,,,,,,,,Bhavnagar
11/1/2020,,,,,,,,Bhavnagar
12/1/2020,,,,,,,,Bhavnagar
1/1/2021,21.4,15.3,26.8,,,1012.9,,Bhavnagar
2/1/2021,24.8,18.9,30.8,0,,1013.4,,Bhavnagar
3/1/2021,29.1,23.1,35.4,0,,1010.5,,Bhavnagar
4/1/2021,31.5,25.9,37.3,0.2,,1008.4,,Bhavnagar
5/1/2021,31.6,27,36.7,249.2,,1004.5,,Bhavnagar
6/1/2021,30.7,27.2,35.1,38.6,,1003.5,,Bhavnagar
7/1/2021,29.9,27.3,33.7,88.9,,1001.7,,Bhavnagar
8/1/2021,28.9,25.7,32.8,43.6,,1004.7,,Bhavnagar
9/1/2021,28.2,24.6,31.8,331.2,,1003.4,,Bhavnagar
10/1/2021,28.4,24.3,33,20.1,,1009.2,,Bhavnagar
11/1/2021,26.6,21.4,31.6,7.6,,1010.9,,Bhavnagar
12/1/2021,22,17.7,26.3,2.2,,1015.2,,Bhavnagar
1/1/2022,20.7,15.6,25.6,3.1,,1014.4,,Bhavnagar
2/1/2022,23.5,17.8,29.5,0,,1011.9,,Bhavnagar
3/1/2022,29.4,24.1,35.2,0,,1009.6,,Bhavnagar
4/1/2022,32.2,27.3,37.9,0.1,,1007.1,,Bhavnagar
5/1/2022,32.9,28.1,38.9,1.2,,1003.4,,Bhavnagar
6/1/2022,31.6,27.6,36,27.3,,1002.7,,Bhavnagar
7/1/2022,29.4,25.6,32.2,288.5,,1002,,Bhavnagar
8/1/2022,29.6,25.6,32.8,113.9,,1002.3,,Bhavnagar
9/1/2022,29.2,25,33.3,156.2,,1006,,Bhavnagar
10/1/2022,29,24.6,33.4,73.9,,1010.2,,Bhavnagar
11/1/2022,26.7,21.4,31.5,0,,1013,,Bhavnagar
12/1/2022,24.1,18.7,28.8,1.6,,1013,,Bhavnagar
1/1/2023,21.1,15.4,26,0.8,,1015.1,,Bhavnagar
2/1/2023,24.8,18.5,31.5,0,,1013.8,,Bhavnagar
3/1/2023,28.4,22.2,33.4,57.9,,1011.4,,Bhavnagar
4/1/2023,30.5,25.2,35.8,0.4,,1008.7,,Bhavnagar
5/1/2023,32.5,27.1,37.6,35.8,,1007.3,,Bhavnagar
6/1/2023,31.6,27.2,35.7,186.3,,1003.6,,Bhavnagar
7/1/2023,29.5,26.1,32.6,617,,1002.6,,Bhavnagar
8/1/2023,29.8,25.7,33.5,9.2,,1005.7,,Bhavnagar
9/1/2023,30,26,33.9,93.7,,1005.5,,Bhavnagar
10/1/2023,29.4,24.6,34.7,0.7,,1011.4,,Bhavnagar
11/1/2023,27.3,22.5,31.9,64.9,,1013,,Bhavnagar
12/1/2023,23.6,19.5,28.2,0,,1014.2,,Bhavnagar
1/1/2024,22.3,17,27.5,0.1,,1014.9,,Bhavnagar
2/1/2024,25.1,19.6,30.6,0,,1014.4,,Bhavnagar
3/1/2024,28,22.1,34.1,6.3,,1012,,Bhavnagar
4/1/2024,31.9,26.8,37.3,1.1,,1008,,Bhavnagar
5/1/2024,33.9,28.9,39.8,0,,1004.3,,Bhavnagar
6/1/2024,32.1,28.4,36.4,82.1,,1002.2,,Bhavnagar
7/1/2024,29.4,26.6,32.5,266.8,,999.4,,Bhavnagar
8/1/2024,29.4,25.7,32.1,360.5,,,,Bhavnagar
9/1/2024,28.9,25.2,,,,1006,,Bhavnagar
10/1/2024,29.3,25.5,33.3,50.4,,1009.4,,Bhavnagar
11/1/2024,26.6,20,31.3,0,,1012.9,,Bhavnagar
12/1/2024,21.8,16.4,26.7,,,1013.6,,Bhavnagar
1/1/2025,21.8,15.6,27.2,0,,1013.8,,Bhavnagar
2/1/2025,24.6,18.2,30.7,0,,1013.6,,Bhavnagar
3/1/2025,,,,,,,,Bhavnagar
4/1/2025,31.6,25.2,37,4.1,,1007.2,,Bhavnagar
5/1/2025,31.3,26.5,35.5,72,,1003.7,,Bhavnagar
6/1/2025,30.6,27.4,34.2,107.1,,1001.3,,Bhavnagar
7/1/2025,29.3,26.2,32.1,187.6,,1001.3,,Bhavnagar
8/1/2025,29,25.7,32.1,123,,1004,,Bhavnagar
9/1/2025,27.6,25.2,31,203.7,,1005.9,,Bhavnagar
10/1/2025,27.5,24.2,31.5,194.5,,1009,,Bhavnagar
11/1/2025,24.3,20.1,29,11.5,,1013.9,,Bhavnagar
12/1/2025,22.5,17.8,28,0,,1014.8,,Bhavnagar
1/1/2020,,,,,,,,Dehradun
2/1/2020,,,,,,,,Dehradun
3/1/2020,,,,,,,,Dehradun
4/1/2020,,,,,,,,Dehradun
5/1/2020,,,,,,,,Dehradun
6/1/2020,,,,,,,,Dehradun
7/1/2020,,,,,,,,Dehradun
8/1/2020,27.2,,,,,,,Dehradun
9/1/2020,,,,,,,,Dehradun
10/1/2020,,,,,,,,Dehradun
11/1/2020,,,,,,,,Dehradun
12/1/2020,,,,,,,,Dehradun
1/1/2021,12.4,7.3,21,,,1015,,Dehradun
2/1/2021,15.9,10.2,24.6,23.7,,1014.4,,Dehradun
3/1/2021,20.8,13.9,30.5,10.2,,1010.3,,Dehradun
4/1/2021,24.2,16.3,33.9,29.6,,1008.3,,Dehradun
5/1/2021,26,20,33.6,166,,1004.9,,Dehradun
6/1/2021,27.7,22.6,34,177,,1001,,Dehradun
7/1/2021,27.3,23.7,32.7,789.1,,1000.1,,Dehradun
8/1/2021,26.7,23.5,32.1,479.3,,1002.2,,Dehradun
9/1/2021,26.2,22.5,31.7,371.5,,1005.9,,Dehradun
10/1/2021,22.5,17.9,29.6,54.3,,1009.1,,Dehradun
11/1/2021,16.7,11.7,25.2,0,,1013.6,,Dehradun
12/1/2021,12.8,7.7,21,3.7,,1017.7,,Dehradun
1/1/2022,12.1,7.9,18.8,168.2,,1015.4,,Dehradun
2/1/2022,13.2,7.5,21.6,47.3,,1013,,Dehradun
3/1/2022,21.4,14.8,30.4,3.6,,1009.2,,Dehradun
4/1/2022,26.5,18.6,36.3,0.9,,1005,,Dehradun
5/1/2022,27.9,21.3,35.8,78.8,,1001.5,,Dehradun
6/1/2022,29.4,23,37.2,173.9,,999.1,,Dehradun
7/1/2022,27.6,23.8,33.2,589.3,,1001.7,,Dehradun
8/1/2022,27.5,23.6,33.3,477,,1002,,Dehradun
9/1/2022,25.7,22,31.4,278.9,,1005.1,,Dehradun
10/1/2022,21.9,17.1,29.3,116.3,,1011.3,,Dehradun
11/1/2022,17.6,12.5,25.9,0.8,,1014.2,,Dehradun
12/1/2022,13.6,8.3,22.7,1.5,,1014.9,,Dehradun
1/1/2023,12.7,7.5,20.8,53,,1017.1,,Dehradun
2/1/2023,16.2,10.1,25.3,10.4,,1013.6,,Dehradun
3/1/2023,19.2,13.3,28.5,80.4,,1012.7,,Dehradun
4/1/2023,22.9,15.9,31.6,65.4,,1008.9,,Dehradun
5/1/2023,24.7,18.4,33.3,110.8,,1006.2,,Dehradun
6/1/2023,27.8,22.5,34.9,228.4,,1001.2,,Dehradun
7/1/2023,27.1,23.7,32.3,829.2,,1001.9,,Dehradun
8/1/2023,27.1,23.6,32,797.2,,1001.5,,Dehradun
9/1/2023,27,22.5,32.9,199.5,,1005,,Dehradun
10/1/2023,21.8,16.4,30.1,7.2,,1011.7,,Dehradun
11/1/2023,17.8,12.7,26.5,4,,1016,,Dehradun
12/1/2023,14,8.7,23.1,0.5,,1017.2,,Dehradun
1/1/2024,11.4,6.4,20.1,6.1,,1017.3,,Dehradun
2/1/2024,13.9,7.9,22.2,52.3,,1016.4,,Dehradun
3/1/2024,18.7,12.2,27.2,68.4,,1012.8,,Dehradun
4/1/2024,24.1,16.7,33.3,13,,1007.7,,Dehradun
5/1/2024,29.1,21.5,37.6,2.1,,1002.7,,Dehradun
6/1/2024,31,24.4,38.8,55.5,,999.1,,Dehradun
7/1/2024,27.9,24.4,33.1,821.9,,998.8,,Dehradun
8/1/2024,27.5,24,32.7,743.5,,,,Dehradun
9/1/2024,26.1,22.3,32.1,,,1004.5,,Dehradun
10/1/2024,23.2,17.9,31.1,0.8,,1010,,Dehradun
11/1/2024,18,13.4,26,0.1,,1014.7,,Dehradun
12/1/2024,13.1,8,22.3,,,1016,,Dehradun
1/1/2025,13.3,8.1,21.9,7.7,,1015.7,,Dehradun
2/1/2025,15.3,9.1,24.6,28,,1014.5,,Dehradun
3/1/2025,,,,,,,,Dehradun
4/1/2025,25,17.1,34.4,24.9,,1006.9,,Dehradun
5/1/2025,27.3,20.9,35.1,127.3,,1003.4,,Dehradun
6/1/2025,27.8,23.1,34.3,334,,1000.6,,Dehradun
7/1/2025,27.4,23.8,32.4,486.1,,999.7,,Dehradun
8/1/2025,26.3,23.3,30.9,723.9,,1003.4,,Dehradun
9/1/2025,24.8,21.7,28.8,206.5,,1006.3,,Dehradun
10/1/2025,21.2,16.6,27,23.1,,1011.9,,Dehradun
11/1/2025,16.2,11.6,22.7,0,,1015.4,,Dehradun
12/1/2025,13.4,9.5,19.9,0,,1016.4,,Dehradun
1/1/2020,,,,,,,,Durgapur
2/1/2020,,,,,,,,Durgapur
3/1/2020,,,,,,,,Durgapur
4/1/2020,,,,,,,,Durgapur
5/1/2020,,,,,,,,Durgapur
6/1/2020,,,,,,,,Durgapur
7/1/2020,,,,,,,,Durgapur
8/1/2020,,,,,,,,Durgapur
9/1/2020,,,,,,,,Durgapur
10/1/2020,,,,,,,,Durgapur
11/1/2020,,,,,,,,Durgapur
12/1/2020,,,,,,,,Durgapur
1/1/2021,18.8,12.1,27.7,,,1014.1,,Durgapur
2/1/2021,21.2,13.8,30.1,2.4,,1013.9,,Durgapur
3/1/2021,26.9,19.2,35.5,0.5,,1010,,Durgapur
4/1/2021,30.2,23.2,38.1,7.2,,1007.6,,Durgapur
5/1/2021,29.2,25,35.7,192,,1004.8,,Durgapur
6/1/2021,28.6,25.6,32.7,274.7,,1001.6,,Durgapur
7/1/2021,28,25.4,31.7,510.7,,1000.7,,Durgapur
8/1/2021,27.6,24.8,31.5,240.9,,1003.8,,Durgapur
9/1/2021,26.7,24.2,30.4,353.1,,1005.1,,Durgapur
10/1/2021,26.3,22.8,30.9,140.1,,1008.8,,Durgapur
11/1/2021,21.7,16.9,27.8,38.7,,1012.7,,Durgapur
12/1/2021,18.9,13.9,26.3,154.2,,1016.2,,Durgapur
1/1/2022,16.9,12.1,23.4,20.5,,1015.2,,Durgapur
2/1/2022,19.1,12.5,27.1,33.5,,1013,,Durgapur
3/1/2022,26.3,19.2,34.5,0,,1008.8,,Durgapur
4/1/2022,31.2,24.8,39.7,18.1,,1005.3,,Durgapur
5/1/2022,29.6,25.2,36.2,,,1002.4,,Durgapur
6/1/2022,29.8,26.3,35,143.2,,1001,,Durgapur
7/1/2022,28,24,32.5,142.7,,1001.8,,Durgapur
8/1/2022,27.4,24.7,31.5,346.4,,1002.3,,Durgapur
9/1/2022,27.2,24.8,31,316,,1005.2,,Durgapur
10/1/2022,25.8,22.3,30.6,121.1,,1010.3,,Durgapur
11/1/2022,22.3,16.8,28.8,0,,1013.1,,Durgapur
12/1/2022,19.3,13.6,26.4,0.4,,1013.9,,Durgapur
1/1/2023,18.7,12.5,26,0,,1015.8,,Durgapur
2/1/2023,22.4,15,30.2,0,,1013.1,,Durgapur
3/1/2023,26.1,19.9,33.1,55.6,,1011.7,,Durgapur
4/1/2023,30.3,23.2,37.7,37.3,,1007.4,,Durgapur
5/1/2023,30.8,25.4,37.8,64.6,,1005.3,,Durgapur
6/1/2023,32.3,28,38.2,111.3,,1000.4,,Durgapur
7/1/2023,28.9,26.1,32.9,139.3,,1001.7,,Durgapur
8/1/2023,28.4,25.8,32.2,255.3,,1001.9,,Durgapur
9/1/2023,27.7,25.2,31.6,331.4,,1003.9,,Durgapur
10/1/2023,26.1,22.1,31.1,131,,1010.3,,Durgapur
11/1/2023,23.3,18.3,29.2,5.9,,1014.5,,Durgapur
12/1/2023,19.1,14.4,25.1,65.9,,1015.9,,Durgapur
1/1/2024,16.9,11.3,23.2,13.2,,1016.7,,Durgapur
2/1/2024,20.9,14.9,27.6,9.8,,1015.5,,Durgapur
3/1/2024,25.3,18.9,32.7,51.1,,1011.8,,Durgapur
4/1/2024,32.5,25,39.8,2.5,,1005.7,,Durgapur
5/1/2024,30.7,26.1,36.5,102.3,,1003.3,,Durgapur
6/1/2024,32,27.9,37.8,136.9,,1000.1,,Durgapur
7/1/2024,28.6,26.1,32.3,198.6,,998.9,,Durgapur
8/1/2024,,,,,,,,Durgapur
9/1/2024,28.1,,,,,1002.9,,Durgapur
10/1/2024,26.6,23.6,30.8,141.7,,1009.2,,Durgapur
11/1/2024,23.4,18.4,29.1,0,,1013.3,,Durgapur
12/1/2024,19.5,14.1,26.2,,,1014.8,,Durgapur
1/1/2025,18.8,13,25.8,0,,1014.8,,Durgapur
2/1/2025,22.8,16.4,30.4,16.1,,1013.4,,Durgapur
3/1/2025,,,,,,,,Durgapur
4/1/2025,28.6,23.5,35.1,51.2,,1007.3,,Durgapur
5/1/2025,29.3,25.3,34.8,176.1,,1003.5,,Durgapur
6/1/2025,28.8,25.7,33,392.5,,1000.2,,Durgapur
7/1/2025,27.8,25.5,31.3,492.8,,998.7,,Durgapur
8/1/2025,27.6,25.2,31.4,223.8,,1003.2,,Durgapur
9/1/2025,27.4,25,31.8,216.3,,1005.5,,Durgapur
10/1/2025,26.6,23.1,31,124,,1009.6,,Durgapur
11/1/2025,21.8,17,27.9,1.6,,1013.6,,Durgapur
12/1/2025,17.9,12.5,24.5,0.2,,1015.5,,Durgapur
1/1/2020,,,,,,,,Asansol
2/1/2020,,,,,,,,Asansol
3/1/2020,,,,,,,,Asansol
4/1/2020,,,,,,,,Asansol
5/1/2020,,,,,,,,Asansol
6/1/2020,,,,,,,,Asansol
7/1/2020,,,,,,,,Asansol
8/1/2020,,,,,,,,Asansol
9/1/2020,,,,,,,,Asansol
10/1/2020,,,,,,,,Asansol
11/1/2020,,,,,,,,Asansol
12/1/2020,,,,,,,,Asansol
1/1/2021,18.8,12.1,27.7,,,1014.1,,Asansol
2/1/2021,21.2,13.8,30.1,2.4,,1013.9,,Asansol
3/1/2021,26.9,19.2,35.5,0.5,,1010,,Asansol
4/1/2021,30.2,23.2,38.1,7.2,,1007.6,,Asansol
5/1/2021,29.2,25,35.7,192,,1004.8,,Asansol
6/1/2021,28.6,25.6,32.7,274.7,,1001.6,,Asansol
7/1/2021,28,25.4,31.7,510.7,,1000.7,,Asansol
8/1/2021,27.6,24.8,31.5,240.9,,1003.8,,Asansol
9/1/2021,26.7,24.2,30.4,353.1,,1005.1,,Asansol
10/1/2021,26.3,22.8,30.9,140.1,,1008.8,,Asansol
11/1/2021,21.7,16.9,27.8,38.7,,1012.7,,Asansol
12/1/2021,18.9,13.9,26.3,154.2,,1016.2,,Asansol
1/1/2022,16.9,12.1,23.4,20.5,,1015.2,,Asansol
2/1/2022,19.1,12.5,27.1,33.5,,1013,,Asansol
3/1/2022,26.3,19.2,34.5,0,,1008.8,,Asansol
4/1/2022,31.2,24.8,39.7,18.1,,1005.3,,Asansol
5/1/2022,29.6,25.2,36.2,,,1002.4,,Asansol
6/1/2022,29.8,26.3,35,143.2,,1001,,Asansol
7/1/2022,28,24,32.5,142.7,,1001.8,,Asansol
8/1/2022,27.4,24.7,31.5,346.4,,1002.3,,Asansol
9/1/2022,26.9,24.6,31.1,307.7,,1005.7,,Asansol
10/1/2022,25.6,22,30.9,147.5,,1010.6,,Asansol
11/1/2022,22.4,16.8,29.6,0,,1013.5,,Asansol
12/1/2022,19.6,13.4,27.9,0,,1014,,Asansol
1/1/2023,19.1,12.4,27.8,0,,1015.9,,Asansol
2/1/2023,22.6,14.6,32,0,,1013.6,,Asansol
3/1/2023,25.9,19.5,34,62.8,,1012,,Asansol
4/1/2023,30.1,23.2,38.2,10.3,,1007.9,,Asansol
5/1/2023,30.5,24.9,38,43.3,,1006,,Asansol
6/1/2023,31.9,27.4,38.2,115,,1001.5,,Asansol
7/1/2023,28.4,25.5,32.9,181.9,,1002.3,,Asansol
8/1/2023,27.9,25.5,32,258,,1003.1,,Asansol
9/1/2023,27.2,24.9,31.7,357.5,,1004.5,,Asansol
10/1/2023,26.3,21.7,33,116.1,,1011.1,,Asansol
11/1/2023,23.2,17.9,30.2,7.7,,1014.7,,Asansol
12/1/2023,19.2,14.2,26.3,70,,1016,,Asansol
1/1/2024,17,11.1,24.4,5.2,,1016.6,,Asansol
2/1/2024,21.1,14.6,29.2,7.5,,1015.6,,Asansol
3/1/2024,25.5,18.5,34.2,51.4,,1012,,Asansol
4/1/2024,31.9,24.7,39.4,1.7,,1007.1,,Asansol
5/1/2024,31.6,25.7,40.4,95.2,,1004.1,,Asansol
6/1/2024,31.4,27,38.2,157.8,,1001.4,,Asansol
7/1/2024,28,25.5,32.3,284.4,,1000.2,,Asansol
8/1/2024,,,,,,,,Asansol
9/1/2024,28.1,,,,,1002.9,,Asansol
10/1/2024,27.1,23.5,32.8,124.1,,1009.8,,Asansol
11/1/2024,23.9,18.3,30.6,0.1,,1013.8,,Asansol
12/1/2024,19.5,14.1,26.2,,,1014.8,,Asansol
1/1/2025,20.4,13.1,30.4,0,,1014.9,,Asansol
2/1/2025,24.6,17,34.5,17.2,,1013.8,,Asansol
3/1/2025,,,,,,,,Asansol
4/1/2025,30.8,23.9,40.5,83.9,,1007.7,,Asansol
5/1/2025,30.1,25.4,37.4,123.4,,1004,,Asansol
6/1/2025,29.2,25.7,34.6,328,,1001.3,,Asansol
7/1/2025,27.7,25.2,31.9,445.1,,1000.1,,Asansol
8/1/2025,27.5,24.9,31.6,223.8,,1004.1,,Asansol
9/1/2025,27.4,25,31.8,216.3,,1005.5,,Asansol
10/1/2025,27.3,23.4,32.5,123,,1010,,Asansol
11/1/2025,22.6,17,29.2,0.3,,1014.2,,Asansol
12/1/2025,19.3,12.5,27.7,0,,1015.9,,Asansol
1/1/2020,,,,,,,,Rourkela
2/1/2020,,,,,,,,Rourkela
3/1/2020,,,,,,,,Rourkela
4/1/2020,,,,,,,,Rourkela
5/1/2020,,,,,,,,Rourkela
6/1/2020,,,,,,,,Rourkela
7/1/2020,,,,,,,,Rourkela
8/1/2020,27.7,,,,,,,Rourkela
9/1/2020,,,,,,,,Rourkela
10/1/2020,,,,,,,,Rourkela
11/1/2020,,,,,,,,Rourkela
12/1/2020,,,,,,,,Rourkela
1/1/2021,21.1,13.7,29.5,,,1013.9,,Rourkela
2/1/2021,22.1,13.7,31.2,6,,1014.3,,Rourkela
3/1/2021,28.3,19.8,37,27.4,,1010.4,,Rourkela
4/1/2021,31.3,23.5,39.4,0.4,,1008,,Rourkela
5/1/2021,31,24.9,36.4,138.5,,1004.8,,Rourkela
6/1/2021,29.4,25.1,33.1,174.4,,1002.3,,Rourkela
7/1/2021,28.6,25,31.9,243.4,,1001.5,,Rourkela
8/1/2021,28.6,26.1,32.2,270.3,,1003.5,,Rourkela
9/1/2021,27.9,25.5,31.4,414.8,,1004.4,,Rourkela
10/1/2021,26.9,23,31.8,117,,1008.8,,Rourkela
11/1/2021,23.4,18.6,29.3,93,,1012.8,,Rourkela
12/1/2021,19.6,14.5,26,43.2,,1016.3,,Rourkela
1/1/2022,18.1,13.1,24.3,24.2,,1015.1,,Rourkela
2/1/2022,21,14.1,28.8,22.8,,1012.8,,Rourkela
3/1/2022,28,20.2,36.3,0,,1009,,Rourkela
4/1/2022,33.2,25.6,41.3,0.7,,1005.4,,Rourkela
5/1/2022,31.7,26.5,38.6,,,1002.2,,Rourkela
6/1/2022,30.5,26.9,35.9,169,,1001.5,,Rourkela
7/1/2022,28.5,26,32.2,326.3,,1001,,Rourkela
8/1/2022,28.1,25.6,31.7,518.3,,1001.5,,Rourkela
9/1/2022,28,25.4,32.1,320.6,,1005.2,,Rourkela
10/1/2022,25.8,21.9,31.2,97.5,,1010.7,,Rourkela
11/1/2022,22.3,16.1,29.4,0,,1013.7,,Rourkela
12/1/2022,20.8,14.3,28.3,0,,1014.2,,Rourkela
1/1/2023,20.6,14.7,28.1,0,,1015.6,,Rourkela
2/1/2023,23.2,15.7,31.2,0,,1013.5,,Rourkela
3/1/2023,26.7,20.4,33.7,43.6,,1012.1,,Rourkela
4/1/2023,29.9,22.9,37.4,18.6,,1008.6,,Rourkela
5/1/2023,32.5,26.1,39.6,17.6,,1005.7,,Rourkela
6/1/2023,33,28,39.1,172.8,,1000.9,,Rourkela
7/1/2023,29.1,26.4,33.2,309,,1001.4,,Rourkela
8/1/2023,28.3,25.7,32.1,374.8,,1003.1,,Rourkela
9/1/2023,27.9,25.5,31.8,340,,1004,,Rourkela
10/1/2023,26.3,21.9,31.7,88.6,,1010.9,,Rourkela
11/1/2023,23.5,18.4,29.7,3.4,,1014.9,,Rourkela
12/1/2023,19.5,14.4,25.3,74.2,,1016.3,,Rourkela
1/1/2024,19.3,14.2,25.5,56.6,,1016.3,,Rourkela
2/1/2024,22.6,16.8,29.2,28.7,,1015.5,,Rourkela
3/1/2024,26,19.6,33.4,17.8,,1012.1,,Rourkela
4/1/2024,30.8,23.9,38.1,8.7,,1007.5,,Rourkela
5/1/2024,32.4,27.1,38.7,13.8,,1003.6,,Rourkela
6/1/2024,32.1,28.1,37.1,118,,1001.2,,Rourkela
7/1/2024,28.6,26.5,31.6,520,,999.1,,Rourkela
8/1/2024,28.1,24.4,,437.1,,,,Rourkela
9/1/2024,29.1,24.7,,,,1003.6,,Rourkela
10/1/2024,27.3,24.2,31.5,78.6,,1009.6,,Rourkela
11/1/2024,22.4,17.1,28.7,0,,1014,,Rourkela
12/1/2024,20.4,15.2,26.7,,,1014.9,,Rourkela
1/1/2025,19.2,11.8,27.3,0,,1014.9,,Rourkela
2/1/2025,24,16.7,32,5.4,,1013.6,,Rourkela
3/1/2025,,,,,,,,Rourkela
4/1/2025,30.8,24.6,38,20.3,,1007.4,,Rourkela
5/1/2025,30.7,26.1,36.4,76.7,,1003.9,,Rourkela
6/1/2025,29.2,26.3,33.3,479.3,,1001.1,,Rourkela
7/1/2025,27.3,25.6,30.1,673.6,,999.4,,Rourkela
8/1/2025,27.8,25.5,31,313.6,,1003.6,,Rourkela
9/1/2025,27.7,25.2,31.7,268.6,,1005,,Rourkela
10/1/2025,26.6,23.3,30.8,56.4,,1009.9,,Rourkela
11/1/2025,20.9,15.3,27.8,0.1,,1014.6,,Rourkela
12/1/2025,17.4,10.5,25.2,1.5,,1015.9,,Rourkela
1/1/2020,19.9,12.7,27,66,,1016,11460,Nanded
2/1/2020,22,14,30,12,,1015.7,13860,Nanded
3/1/2020,26.7,18.7,34.8,29,,1011.1,14160,Nanded
4/1/2020,31.1,22.1,40.2,12,,1007.9,16740,Nanded
5/1/2020,34.3,25.3,43.3,23,,1003.3,18900,Nanded
6/1/2020,29.3,24.1,34.6,279,,1001.9,7680,Nanded
7/1/2020,28.7,24.1,33.2,376,,1002.1,8520,Nanded
8/1/2020,26.9,23.6,30.1,440,,1001.3,4200,Nanded
9/1/2020,28.9,24.1,33.7,214,,1004.3,9240,Nanded
10/1/2020,28,22.3,33.7,93,,1007.5,12060,Nanded
11/1/2020,23.9,16.1,31.6,11,,1014.9,15420,Nanded
12/1/2020,21.8,13.7,29.9,1,,1015.3,14160,Nanded
1/1/2021,23.2,17.2,30.2,3,,1012.9,11760,Nanded
2/1/2021,23.7,16.4,31.2,3.9,,1013.6,14100,Nanded
3/1/2021,28.6,21.2,36,0.8,,1010.5,15900,Nanded
4/1/2021,31.4,24.6,38.6,0.2,,1007.8,14700,Nanded
5/1/2021,32.9,27.7,39.2,2.9,,1004.3,15360,Nanded
6/1/2021,28.6,25.5,32.8,233.4,,1003.2,8280,Nanded
7/1/2021,27.5,25,31.1,336.2,,1001.9,6840,Nanded
8/1/2021,27.3,24.8,30.8,188.4,,1004.1,6660,Nanded
9/1/2021,26.4,24.1,30.1,276.7,,1004.3,6420,Nanded
10/1/2021,26.4,22.1,31.8,70.9,,1008.8,13320,Nanded
11/1/2021,24.8,20,31.1,18.3,,1011.6,12000,Nanded
12/1/2021,21.1,15.3,28.3,37.8,,1015.4,11700,Nanded
1/1/2022,19.3,14,26.3,23,,1014.4,12000,Nanded
2/1/2022,22.5,15.8,30.6,1,,1012.1,14100,Nanded
3/1/2022,28.5,21.2,37.1,0,,1008.8,15720,Nanded
4/1/2022,33.7,27,41.4,0.2,,1005.9,,Nanded
5/1/2022,34.7,29,41.8,6,,1001.5,15180,Nanded
6/1/2022,31.7,27.3,37.7,129.3,,1001.8,8160,Nanded
7/1/2022,26.1,24.1,30,792.8,,1001.6,2520,Nanded
8/1/2022,26.9,24.2,31,494.5,,1002.4,7980,Nanded
9/1/2022,26.7,23.9,31.6,266.5,,1005.3,7140,Nanded
10/1/2022,25.2,21,31.6,115,,1010.3,13500,Nanded
11/1/2022,22.2,15.9,30.5,0,,1013.5,15360,Nanded
12/1/2022,22.7,16.7,30.7,3.9,,1013.4,12660,Nanded
1/1/2023,22.1,15.7,30.4,0,,1014.7,13020,Nanded
2/1/2023,24.6,16.8,34,0,,1013.5,16020,Nanded
3/1/2023,27.3,20.6,35.7,12.6,,1011.4,13680,Nanded
4/1/2023,29.6,23.3,38,48.5,,1008.9,12780,Nanded
5/1/2023,31.5,25.3,38.7,21.8,,1006.2,16740,Nanded
6/1/2023,32.7,28.1,38.5,122.4,,1002.2,11400,Nanded
7/1/2023,27.4,24.9,31.8,462.7,,1002,4200,Nanded
8/1/2023,27.5,24.6,31.4,178.3,,1004.9,7980,Nanded
9/1/2023,26.8,24.1,31.4,278.1,,1004.4,5940,Nanded
10/1/2023,26.5,20.8,34.3,7.1,,1011.1,15180,Nanded
11/1/2023,24.7,19,32.6,11.4,,1013.8,11580,Nanded
12/1/2023,21.3,15.8,29.6,9.5,,1015,10260,Nanded
1/1/2024,22.4,16.7,30.2,4.1,,1014.7,8940,Nanded
2/1/2024,24.9,18.7,32.7,8.2,,1014.3,12060,Nanded
3/1/2024,28.6,22,37,14.1,,1011.1,14100,Nanded
4/1/2024,31.3,25,39.1,8.8,,1007.8,12660,Nanded
5/1/2024,33.2,27.3,41.5,20.5,,1003.4,14640,Nanded
6/1/2024,31.1,26.7,38.4,272.6,,1002.1,8940,Nanded
7/1/2024,27,24.7,31.2,753.1,,999.9,2700,Nanded
8/1/2024,27.9,24.3,31.5,213,,1003.8,5340,Nanded
9/1/2024,28.4,24.4,32.4,184,,1003.7,8040,Nanded
10/1/2024,27.6,23.4,34.4,52.1,,1009.2,12540,Nanded
11/1/2024,23.2,17.1,31.6,0,,1013.2,10620,Nanded
12/1/2024,22.2,16.9,30.3,3,,1013.5,8580,Nanded
1/1/2025,21.2,14.6,31.9,0,,1014.1,12240,Nanded
2/1/2025,25.9,18.6,35.8,0,,1012.8,14760,Nanded
3/1/2025,29,19.5,38.5,0,,1009.5,15300,Nanded
4/1/2025,32.3,25.6,40.9,9.3,,1006.4,14280,Nanded
5/1/2025,31.5,26.3,38.7,57.7,,1003.3,11760,Nanded
6/1/2025,30.1,25.9,36.2,131.6,,1001.5,9120,Nanded
7/1/2025,26.8,24.4,31.2,727.8,,1001,3180,Nanded
8/1/2025,26.9,24.3,31.5,349.4,,1003.7,6180,Nanded
9/1/2025,26.5,24,30.5,279.5,,1005.2,7020,Nanded
10/1/2025,26.1,22.4,30.7,115.4,,1009.3,11340,Nanded
11/1/2025,21.8,15.8,28.5,2.1,,1014.3,14340,Nanded
12/1/2025,18.6,11.7,26.8,0,,1015.5,17160,Nanded
1/1/2020,,,,,,,,Kolhapur
2/1/2020,,,,,,,,Kolhapur
3/1/2020,,,,,,,,Kolhapur
4/1/2020,,,,,,,,Kolhapur
5/1/2020,,,,,,,,Kolhapur
6/1/2020,27.1,22.8,,,,,,Kolhapur
7/1/2020,26.1,22.5,,,,,,Kolhapur
8/1/2020,25.5,21.8,,438,,,,Kolhapur
9/1/2020,,,,,,,,Kolhapur
10/1/2020,,,,,,,,Kolhapur
11/1/2020,,,,,,,,Kolhapur
12/1/2020,,,,,,,,Kolhapur
1/1/2021,24.2,18.6,30,,,1012.4,,Kolhapur
2/1/2021,24.1,17.7,31.3,5,,1013.4,,Kolhapur
3/1/2021,27.7,21.1,35.8,0,,1011.2,,Kolhapur
4/1/2021,29.1,21.5,36.1,57.9,,1010.4,,Kolhapur
5/1/2021,28.7,23.1,33.3,154.3,,1007.8,,Kolhapur
6/1/2021,26.3,22,28.8,296.4,,1008.4,,Kolhapur
7/1/2021,25.4,21.8,27.4,648.8,,1007.1,,Kolhapur
8/1/2021,25.6,21.6,27.8,81.5,,1008.8,,Kolhapur
9/1/2021,25.3,21.5,27.7,140.6,,1008.1,,Kolhapur
10/1/2021,26.4,20.6,31.6,90.4,,1010.2,,Kolhapur
11/1/2021,25.2,20.3,29.9,80,,1011.1,,Kolhapur
12/1/2021,22.6,16.9,28.7,108.4,,1014.5,,Kolhapur
1/1/2022,21.1,15.1,28.6,0.5,,1013.6,,Kolhapur
2/1/2022,23.9,17,32.4,0,,1011.9,,Kolhapur
3/1/2022,27.4,21,35.4,11.5,,1010.3,,Kolhapur
4/1/2022,29.7,22.3,36.3,52.1,,1009.4,,Kolhapur
5/1/2022,27.5,22.5,33.9,,,1007.2,,Kolhapur
6/1/2022,26.9,22.4,30.8,124.7,,1007.1,,Kolhapur
7/1/2022,24.7,21.6,26.7,379.7,,1007.1,,Kolhapur
8/1/2022,25.3,21.6,27.3,298,,1007.1,,Kolhapur
9/1/2022,25.4,21.3,28.6,208.8,,1009.2,,Kolhapur
10/1/2022,25,19.6,29.6,273.1,,1011.8,,Kolhapur
11/1/2022,23.8,18.4,30.4,3,,1013.3,,Kolhapur
12/1/2022,23.5,17.7,30.5,4.7,,1013,,Kolhapur
1/1/2023,22.4,16,30.1,0.2,,1014.3,,Kolhapur
2/1/2023,25.2,18,33.1,0,,1013.8,,Kolhapur
3/1/2023,25.6,18.9,33.4,0.8,,1012.6,,Kolhapur
4/1/2023,28.2,21.4,35.8,8.5,,1010.6,,Kolhapur
5/1/2023,28.6,22.4,35.4,46.9,,1010.4,,Kolhapur
6/1/2023,27.8,23.4,32.2,63,,1008.6,,Kolhapur
7/1/2023,24.7,21.9,26.1,437.9,,1008.3,,Kolhapur
8/1/2023,25.9,21.8,28.2,58.1,,1010.6,,Kolhapur
9/1/2023,26,21.9,28.4,109,,1009.2,,Kolhapur
10/1/2023,26.1,20.9,31.8,20.7,,1012.8,,Kolhapur
11/1/2023,24.8,19.9,30.4,16.2,,1013.7,,Kolhapur
12/1/2023,23.1,18,29.1,5.7,,1014.3,,Kolhapur
1/1/2024,23.1,17.1,30.2,8,,1014.5,,Kolhapur
2/1/2024,25.4,18.6,33.3,0,,1014.5,,Kolhapur
3/1/2024,27.7,21.3,35.9,0.1,,1012.5,,Kolhapur
4/1/2024,30.8,24.1,38,23,,1009.7,,Kolhapur
5/1/2024,29.4,23.2,35.6,27.6,,1007.9,,Kolhapur
6/1/2024,26.7,22.8,29.9,119,,1007.3,,Kolhapur
7/1/2024,24.7,22,26.3,609.4,,1005.9,,Kolhapur
8/1/2024,25.5,22.1,,242.5,,,,Kolhapur
9/1/2024,25.5,21.6,,123.3,,,,Kolhapur
10/1/2024,26.3,21.3,30.3,238.5,,1011.2,,Kolhapur
11/1/2024,23.7,18,29.6,5.6,,1013.5,,Kolhapur
12/1/2024,23,17.7,29.3,,,1013.1,,Kolhapur
1/1/2025,22.9,16.7,30.2,0,,1013.6,,Kolhapur
2/1/2025,25.2,18.2,33.3,0,,1013.8,,Kolhapur
3/1/2025,,,,,,,,Kolhapur
4/1/2025,28.6,21.5,36.8,32.2,,1009.7,,Kolhapur
5/1/2025,26.8,22.1,31.6,241.4,,1007.4,,Kolhapur
6/1/2025,25.8,22.4,28.1,333.5,,1007.3,,Kolhapur
7/1/2025,24.7,22.1,26.3,214.2,,1007.2,,Kolhapur
8/1/2025,24,21.5,26.2,182.5,,1008.9,,Kolhapur
9/1/2025,23,20.9,26.7,188.8,,1010.2,,Kolhapur
10/1/2025,23.9,20.5,29.4,138.4,,1011.3,,Kolhapur
11/1/2025,22.3,16.9,28.8,6.1,,1015.1,,Kolhapur
12/1/2025,20.9,14.6,28.1,0.2,,1015.3,,Kolhapur
1/1/2020,,,,,,,,Ajmer
2/1/2020,,,,,,,,Ajmer
3/1/2020,,,,,,,,Ajmer
4/1/2020,,,,,,,,Ajmer
5/1/2020,,,,,,,,Ajmer
6/1/2020,,,,,,,,Ajmer
7/1/2020,,,,,,,,Ajmer
8/1/2020,,,,,,,,Ajmer
9/1/2020,,,,,,,,Ajmer
10/1/2020,,,,,,,,Ajmer
11/1/2020,,,,,,,,Ajmer
12/1/2020,,,,,,,,Ajmer
1/1/2021,15.4,9.7,23,,,1015.2,,Ajmer
2/1/2021,20.5,13.6,28.4,0,,1014.7,,Ajmer
3/1/2021,26.7,19.3,34.2,0.7,,1010.7,,Ajmer
4/1/2021,30,22.5,37.4,0.2,,1008.4,,Ajmer
5/1/2021,30.8,24.6,37.5,140.5,,1004.2,,Ajmer
6/1/2021,31.3,25.7,37,30.7,,1001.4,,Ajmer
7/1/2021,30.2,26.3,35.4,127.2,,999.9,,Ajmer
8/1/2021,28.6,24.7,32.7,184,,1002.8,,Ajmer
9/1/2021,27.1,24,31.3,179.8,,1004.2,,Ajmer
10/1/2021,25.6,20.3,32.1,29.6,,1010,,Ajmer
11/1/2021,20.6,14.7,28.2,9.1,,1014,,Ajmer
12/1/2021,16,10.6,23,3.7,,1018,,Ajmer
1/1/2022,13.6,8.3,20.9,61.4,,1016.1,,Ajmer
2/1/2022,19.1,12.4,26.7,0.6,,1012.8,,Ajmer
3/1/2022,26.8,19.2,34.7,3.1,,1010.2,,Ajmer
4/1/2022,32.5,24.9,40.2,0.3,,1006.2,,Ajmer
5/1/2022,34.2,27.2,40.9,,,1001,,Ajmer
6/1/2022,32.4,26.6,38.6,90.1,,1000.6,,Ajmer
7/1/2022,27.9,24.3,32.9,502.8,,1001.1,,Ajmer
8/1/2022,26.8,23.2,31.5,204.4,,1002,,Ajmer
9/1/2022,27.5,23.1,33.2,24.1,,1005.4,,Ajmer
10/1/2022,25.2,19.6,32.9,10.2,,1011.5,,Ajmer
11/1/2022,21.3,15.4,30,2.6,,1015,,Ajmer
12/1/2022,17,11,25,0,,1015.9,,Ajmer
1/1/2023,14.1,8.4,21.8,50.7,,1017.7,,Ajmer
2/1/2023,21.1,14.4,29.6,0,,1014.8,,Ajmer
3/1/2023,23.7,17.4,31.5,26.7,,1012.6,,Ajmer
4/1/2023,27.7,21.2,35.1,33.2,,1009,,Ajmer
5/1/2023,29.7,22.7,36.9,172.9,,1006.6,,Ajmer
6/1/2023,29.3,24.7,35.3,232.6,,1002.2,,Ajmer
7/1/2023,28.5,25,33.2,401.9,,1001.4,,Ajmer
8/1/2023,27.7,23.8,32.1,17.3,,1003.5,,Ajmer
9/1/2023,28.4,24,34.2,77.4,,1004.9,,Ajmer
10/1/2023,26.1,20.4,33.3,2.8,,1012.3,,Ajmer
11/1/2023,21.2,15.7,28.1,8.2,,1015.8,,Ajmer
12/1/2023,17,11.6,24.2,0,,1017.5,,Ajmer
1/1/2024,14.8,8.9,22.7,0,,1017.3,,Ajmer
2/1/2024,18.3,12.5,25.2,9.3,,1016.5,,Ajmer
3/1/2024,23.9,17,31.2,3.7,,1012.8,,Ajmer
4/1/2024,29.4,22.8,36.1,1.5,,1008.1,,Ajmer
5/1/2024,34.6,27.4,41.7,5.4,,1002.9,,Ajmer
6/1/2024,33.3,28.2,39.1,53,,1000.7,,Ajmer
7/1/2024,30.2,25.9,35,46.3,,998.2,,Ajmer
8/1/2024,26.6,24,30.7,485.7,,,,Ajmer
9/1/2024,27.1,23.1,32.5,162.4,,1004.7,,Ajmer
10/1/2024,27.3,21.8,34.3,0.2,,1010.4,,Ajmer
11/1/2024,22.8,16.7,30.6,0,,1014.8,,Ajmer
12/1/2024,16,10.6,23,,,1016.4,,Ajmer
1/1/2025,16.2,10.3,23.7,3.8,,1016.2,,Ajmer
2/1/2025,20.7,14.3,28,4.1,,1014.7,,Ajmer
3/1/2025,,,,,,,,Ajmer
4/1/2025,31.9,24.7,39.1,0,,1006.1,,Ajmer
5/1/2025,32.1,25.5,39.2,36.2,,1002.3,,Ajmer
6/1/2025,30.7,25.3,37,124.4,,999.9,,Ajmer
7/1/2025,27.4,23.5,31.9,605.6,,999.6,,Ajmer
8/1/2025,27.5,24.1,31.7,91.4,,1003,,Ajmer
9/1/2025,26.4,22.8,30.6,46.1,,1006.2,,Ajmer
10/1/2025,23.8,19.7,28.6,52,,1011.6,,Ajmer
11/1/2025,19.9,15.4,25.9,4.3,,1016,,Ajmer
12/1/2025,18.4,13.1,25.7,0,,1017,,Ajmer
1/1/2020,21.4,13.7,29.1,1,,1014.5,,Akola
2/1/2020,24.3,15.8,32.7,0,,1013.9,,Akola
3/1/2020,27.9,19.7,36.2,18,,1010.1,,Akola
4/1/2020,33.2,24.6,41.8,2,,1006.3,,Akola
5/1/2020,36.1,28.1,44,3,,1002.8,,Akola
6/1/2020,30.3,24.3,36.2,129,,1001.3,,Akola
7/1/2020,29.1,24.6,33.5,245,,1001.5,,Akola
8/1/2020,27.3,23.9,30.6,212,,1001.1,,Akola
9/1/2020,28.9,24.1,33.8,109,,1004.1,,Akola
10/1/2020,28.5,22.7,34.3,45,,1007.1,,Akola
11/1/2020,25.1,17,33.1,4,,1013.8,,Akola
12/1/2020,22.9,14.6,31.3,0,,1014.1,,Akola
1/1/2021,22.8,17.3,29.4,3,,1012.9,,Akola
2/1/2021,23.6,16.3,31.2,5.4,,1013.7,,Akola
3/1/2021,28.7,20.8,36.5,2.2,,1010.6,,Akola
4/1/2021,32.2,24.7,39.4,0.4,,1008,,Akola
5/1/2021,33.3,28.1,38.9,5.3,,1004.7,,Akola
6/1/2021,29.5,26.1,33.9,95.9,,1004,,Akola
7/1/2021,27.7,25,31.2,225.7,,1002.5,,Akola
8/1/2021,26.7,24.3,29.8,213.2,,1005,,Akola
9/1/2021,25.9,23.6,29.3,307.3,,1004.6,,Akola
10/1/2021,25.1,20.7,30.6,108.7,,1009.6,,Akola
11/1/2021,24,18.9,30,27.5,,1011.7,,Akola
12/1/2021,21.2,15.8,27.8,7,,1015.3,,Akola
1/1/2022,19.7,14.1,26.3,12.6,,1014.4,,Akola
2/1/2022,23.3,15.9,31.1,0,,1011.9,,Akola
3/1/2022,29.6,21.4,37.6,0.7,,1009.2,,Akola
4/1/2022,34.8,26.8,43.8,0,,1004.9,,Akola
5/1/2022,36.5,29.8,43.3,0,,1000.5,,Akola
6/1/2022,32.6,26.9,38.3,318,,1000.9,,Akola
7/1/2022,27.1,24.2,29.9,412,,1001.1,,Akola
8/1/2022,28.2,24.4,32,127,,1001.7,,Akola
9/1/2022,28.4,24,32.8,203,,1004.5,,Akola
10/1/2022,27.4,21.8,33,87,,1009.7,,Akola
11/1/2022,24.2,15.8,32.6,0,,1013.4,,Akola
12/1/2022,24.7,17.3,32.2,6,,1012.8,,Akola
1/1/2023,23.3,15.3,31.2,0,,1014.1,,Akola
2/1/2023,24.9,14,35.9,0,,1012.9,,Akola
3/1/2023,27.4,19.3,35.5,14,,1010.5,,Akola
4/1/2023,30.7,22.5,38.8,59,,1007.6,,Akola
5/1/2023,33.7,26,41.3,4,,1005,,Akola
6/1/2023,33.9,27.9,39.9,29,,1001.7,,Akola
7/1/2023,28.2,24.5,31.8,522,,1001.3,,Akola
8/1/2023,27.7,23.5,32,48,,1005.1,,Akola
9/1/2023,27.9,23.7,32.2,160,,1004.1,,Akola
10/1/2023,28.2,20.7,35.7,0,,1011,,Akola
11/1/2023,25.3,18.1,32.5,105,,1013.5,,Akola
12/1/2023,23.1,16.3,29.9,11,,1014.5,,Akola
1/1/2024,23.1,15.6,30.6,0,,1014.2,,Akola
2/1/2024,26,18,34,9,,1013.3,,Akola
3/1/2024,29.5,20.6,38.5,1,,1010,,Akola
4/1/2024,32.7,24.9,40.5,25,,1006.3,,Akola
5/1/2024,35.4,27.7,43.1,1,,1001.8,,Akola
6/1/2024,31.7,25.6,37.7,147,,1000.7,,Akola
7/1/2024,27.6,24.1,31.1,438,,998.7,,Akola
8/1/2024,27.8,24.1,31.5,232,,1003.5,,Akola
9/1/2024,28.5,24.6,32.4,116,,1003.9,,Akola
10/1/2024,26.6,22.3,32,75,,1010.1,,Akola
11/1/2024,23.1,17.1,29.7,0,,1013.6,,Akola
12/1/2024,22.1,16.6,28.7,9,,1013.7,,Akola
1/1/2025,22.3,15.7,29.8,0.2,,1014,,Akola
2/1/2025,25.9,18.9,33.5,0,,1013.3,,Akola
3/1/2025,30.5,21,39.9,0,,1009.1,,Akola
4/1/2025,33.3,26.3,40.6,0.9,,1006.7,,Akola
5/1/2025,31.5,26.4,37.6,73.8,,1004.1,,Akola
6/1/2025,29.8,26,34.8,186.5,,1002.3,,Akola
7/1/2025,26.8,24.5,30,255.3,,1002.3,,Akola
8/1/2025,26.5,23.9,30.1,333.3,,1004.7,,Akola
9/1/2025,26,23.2,30,338.6,,1006,,Akola
10/1/2025,25.9,21.9,30.7,93.1,,1009.8,,Akola
11/1/2025,21.5,15.9,27.9,3.6,,1014.6,,Akola
12/1/2025,19.4,12.4,27.5,0,,1015.7,,Akola
1/1/2020,,,,,,,,Gulbarga
2/1/2020,,,,,,,,Gulbarga
3/1/2020,,,,,,,,Gulbarga
4/1/2020,,,,,,,,Gulbarga
5/1/2020,,,,,,,,Gulbarga
6/1/2020,,,,,,,,Gulbarga
7/1/2020,,,,,,,,Gulbarga
8/1/2020,,,,,,,,Gulbarga
9/1/2020,,,,,,,,Gulbarga
10/1/2020,,,,,,,,Gulbarga
11/1/2020,,,,,,,,Gulbarga
12/1/2020,,,,,,,,Gulbarga
1/1/2021,24.5,18.6,30.6,,,1012.5,,Gulbarga
2/1/2021,24.6,17.9,31.5,1.3,,1013.4,,Gulbarga
3/1/2021,29.2,21.9,36.3,0,,1010.7,,Gulbarga
4/1/2021,31.2,25.1,37.4,6.1,,1008.9,,Gulbarga
5/1/2021,30.4,25.3,36.5,36.2,,1006.4,,Gulbarga
6/1/2021,26.8,23.2,31.4,102.8,,1006.7,,Gulbarga
7/1/2021,25.7,22.9,29.7,294.8,,1005.2,,Gulbarga
8/1/2021,25.7,22.6,29.9,185.8,,1007,,Gulbarga
9/1/2021,24.7,22,28.6,265.3,,1006.7,,Gulbarga
10/1/2021,25.2,21,30.3,112.2,,1009.6,,Gulbarga
11/1/2021,24.5,20.4,29.6,58.2,,1011.1,,Gulbarga
12/1/2021,23.8,18.1,29.9,3,,1014.3,,Gulbarga
1/1/2022,23.1,16.9,30.1,5.5,,1013,,Gulbarga
2/1/2022,26,19.3,33.2,0.1,,1011.2,,Gulbarga
3/1/2022,30.4,23.4,37.6,1.7,,1008.7,,Gulbarga
4/1/2022,32.9,26.1,40.2,2.7,,1007,,Gulbarga
5/1/2022,31.6,25.5,39,,,1003.6,,Gulbarga
6/1/2022,29.2,24,36.2,80.6,,1004.6,,Gulbarga
7/1/2022,25.9,22,31.2,353.8,,1004.9,,Gulbarga
8/1/2022,25.9,22.2,31.1,211.4,,1005.1,,Gulbarga
9/1/2022,25.8,21.8,31.6,116,,1007.2,,Gulbarga
10/1/2022,25.2,20.2,31.4,108.8,,1010.5,,Gulbarga
11/1/2022,24.3,18.4,31.5,1.7,,1012.7,,Gulbarga
12/1/2022,24.4,18.3,32,3.3,,1012.5,,Gulbarga
1/1/2023,23.5,17.1,31.5,0.8,,1014,,Gulbarga
2/1/2023,26.5,18.7,35,0,,1013,,Gulbarga
3/1/2023,28.2,20.7,35.7,11.4,,1011.4,,Gulbarga
4/1/2023,30.4,24.1,37.3,38.9,,1009.2,,Gulbarga
5/1/2023,31.4,25.6,37.7,28.6,,1007.9,,Gulbarga
6/1/2023,30.9,25.9,36.7,29.7,,1005.7,,Gulbarga
7/1/2023,25.5,22.9,30.2,319.4,,1006,,Gulbarga
8/1/2023,26.6,22.6,31.9,32.7,,1008.3,,Gulbarga
9/1/2023,25.9,22.5,31,209.5,,1007.2,,Gulbarga
10/1/2023,26.5,21.2,33.8,11.4,,1011.8,,Gulbarga
11/1/2023,25.9,20.8,32.5,49.6,,1013.1,,Gulbarga
12/1/2023,23.3,17.9,30.5,2.1,,1014.1,,Gulbarga
1/1/2024,24.8,18.9,31.5,0,,1013.9,,Gulbarga
2/1/2024,27.5,20.9,34.6,0,,1013.5,,Gulbarga
3/1/2024,31.3,24.8,38,0.2,,1010.7,,Gulbarga
4/1/2024,33.5,26.9,40.6,43.2,,1007.4,,Gulbarga
5/1/2024,32.8,26.3,39.9,79,,1004.6,,Gulbarga
6/1/2024,27.4,23.9,34,369.1,,1005,,Gulbarga
7/1/2024,26.4,23.3,31.5,154.6,,1003.7,,Gulbarga
8/1/2024,26.7,23.1,32.2,,,,,Gulbarga
9/1/2024,25.8,22.2,31,261,,1007.1,,Gulbarga
10/1/2024,26.2,22.2,32.6,156.5,,1009.9,,Gulbarga
11/1/2024,24,18.5,30.7,10.9,,1012.7,,Gulbarga
12/1/2024,23.9,18.8,31.2,,,1012.6,,Gulbarga
1/1/2025,23.5,17,31.6,0,,1013.4,,Gulbarga
2/1/2025,27.2,20.1,35.3,0,,1012.7,,Gulbarga
3/1/2025,,,,,,,,Gulbarga
4/1/2025,32.1,25.1,39.7,27.1,,1007.3,,Gulbarga
5/1/2025,29.6,24.6,36.5,178.4,,1004.6,,Gulbarga
6/1/2025,27.4,23.5,33.1,82.4,,1004.6,,Gulbarga
7/1/2025,26.6,22.9,31.9,133.1,,1004.4,,Gulbarga
8/1/2025,25.2,22,30,284.9,,1006.5,,Gulbarga
9/1/2025,24.4,21.6,28.4,318.2,,1007.7,,Gulbarga
10/1/2025,24.9,21.2,29.5,93.9,,1010.1,,Gulbarga
11/1/2025,23.8,18.3,29.9,7.2,,1014.1,,Gulbarga
12/1/2025,22,15.6,29,1.3,,1014.8,,Gulbarga
1/1/2020,,,,,,,,Jamnagar
2/1/2020,,,,,,,,Jamnagar
3/1/2020,,,,,,,,Jamnagar
4/1/2020,,,,,,,,Jamnagar
5/1/2020,,,,,,,,Jamnagar
6/1/2020,,,,,,,,Jamnagar
7/1/2020,,,,,,,,Jamnagar
8/1/2020,,,,,,,,Jamnagar
9/1/2020,,,,,,,,Jamnagar
10/1/2020,,,,,,,,Jamnagar
11/1/2020,,,,,,,,Jamnagar
12/1/2020,,,,,,,,Jamnagar
1/1/2021,19.6,13.5,25.5,,,1014.3,,Jamnagar
2/1/2021,23.8,18.2,29.8,0,,1014,,Jamnagar
3/1/2021,27.5,22.5,34.1,0,,1011.1,,Jamnagar
4/1/2021,29.7,24.9,35.7,0,,1008.8,,Jamnagar
5/1/2021,30.5,27.3,35.6,10.1,,1004.6,,Jamnagar
6/1/2021,30.5,28.1,36.1,23.5,,1002.9,,Jamnagar
7/1/2021,29.3,27.7,33.4,132.6,,1001,,Jamnagar
8/1/2021,28.3,26.4,33.2,17.8,,1004.2,,Jamnagar
9/1/2021,27.7,26.2,30.7,513.1,,1003,,Jamnagar
10/1/2021,27.7,23.9,32.6,3.6,,1009.5,,Jamnagar
11/1/2021,25.4,20.3,30.9,6.4,,1011.8,,Jamnagar
12/1/2021,21.3,16.6,26.2,0.4,,1016,,Jamnagar
1/1/2022,19.3,14,24.5,7.7,,1015.1,,Jamnagar
2/1/2022,22.5,16.9,28.6,0,,1012.7,,Jamnagar
3/1/2022,27.5,21.7,35,0,,1010.5,,Jamnagar
4/1/2022,29.9,24.9,37.4,0.2,,1008,,Jamnagar
5/1/2022,30.9,27,36.5,,,1004,,Jamnagar
6/1/2022,30.8,27.7,35.4,30.1,,1002.5,,Jamnagar
7/1/2022,27.8,26.2,30.2,366,,1001.5,,Jamnagar
8/1/2022,27.4,25.7,29.7,250.1,,1001.9,,Jamnagar
9/1/2022,27.3,24.8,30.6,147.6,,1006.4,,Jamnagar
10/1/2022,28.4,23.6,33.7,0.7,,1010.6,,Jamnagar
11/1/2022,25.8,19.1,31.7,0,,1013.5,,Jamnagar
12/1/2022,23.1,17.8,28.3,0,,1013.9,,Jamnagar
1/1/2023,20,15.1,25.2,0,,1016.2,,Jamnagar
2/1/2023,23.3,16.8,30.7,0,,1014.6,,Jamnagar
3/1/2023,26.5,21,32.9,4.8,,1011.9,,Jamnagar
4/1/2023,28,23.5,34.2,7,,1009.6,,Jamnagar
5/1/2023,30.6,26.5,35.8,1.6,,1007.8,,Jamnagar
6/1/2023,30.1,27,34.1,137.3,,1002.7,,Jamnagar
7/1/2023,28.2,26.3,30.8,269.3,,1002.2,,Jamnagar
8/1/2023,28.2,25.7,31.7,11.2,,1005.2,,Jamnagar
9/1/2023,28.4,25.8,32,221.4,,1005.7,,Jamnagar
10/1/2023,28.3,23.6,33.5,0.3,,1011.8,,Jamnagar
11/1/2023,26.5,20.9,31.9,12.3,,1013.4,,Jamnagar
12/1/2023,22.7,17.4,27.9,0.3,,1014.9,,Jamnagar
1/1/2024,20.8,14.5,26.7,0,,1015.4,,Jamnagar
2/1/2024,23.6,17.6,29.5,0,,1014.9,,Jamnagar
3/1/2024,25.5,19.7,32.3,3,,1012.8,,Jamnagar
4/1/2024,29,24.2,35.6,0,,1008.9,,Jamnagar
5/1/2024,31.3,27.1,37.2,0.8,,1005.2,,Jamnagar
6/1/2024,31.5,28.3,35.7,98.5,,1001.9,,Jamnagar
7/1/2024,28.7,26.9,31.4,556.4,,998.6,,Jamnagar
8/1/2024,27.4,24.7,,854.3,,,,Jamnagar
9/1/2024,27.7,23.7,,,,1006.1,,Jamnagar
10/1/2024,28.4,24.9,33.3,57.3,,1009.6,,Jamnagar
11/1/2024,25.7,19.8,31.9,0,,1013.3,,Jamnagar
12/1/2024,20.3,15.2,25.6,,,1014.6,,Jamnagar
1/1/2025,20.2,14.8,26.3,0,,1014.8,,Jamnagar
2/1/2025,23.6,17.8,30.7,0,,1014.3,,Jamnagar
3/1/2025,,,,,,,,Jamnagar
4/1/2025,29.8,23.8,37.7,0,,1008,,Jamnagar
5/1/2025,30.5,26.6,36,49.1,,1003.9,,Jamnagar
6/1/2025,30.2,27.4,34.2,126.1,,1001.2,,Jamnagar
7/1/2025,28.7,26.2,32.1,151.9,,1000.8,,Jamnagar
8/1/2025,28,25.5,31.6,111.6,,1003.6,,Jamnagar
9/1/2025,27.7,25,31.4,124.5,,1005.9,,Jamnagar
10/1/2025,26.7,23,31.4,96.4,,1009,,Jamnagar
11/1/2025,23.3,17.7,29.2,20.7,,1014.2,,Jamnagar
12/1/2025,21.5,15.6,28.2,2.2,,1015.2,,Jamnagar
1/1/2020,17.8,11.7,23.9,0,,1015.1,14580,Ujjain
2/1/2020,20.9,13.7,28,0,,1014.3,17220,Ujjain
3/1/2020,24.2,16.9,31.5,17,,1010.1,16020,Ujjain
4/1/2020,30.2,22.7,37.7,0,,1006.7,17460,Ujjain
5/1/2020,33.3,26,40.7,7,,1002.5,20460,Ujjain
6/1/2020,28.4,23.3,33.5,125,,1000.8,8760,Ujjain
7/1/2020,27.5,23.4,31.5,192,,1000.5,10140,Ujjain
8/1/2020,25.3,22.7,28,602,,999.7,3240,Ujjain
9/1/2020,27.1,22.2,31.9,285,,1003.7,9780,Ujjain
10/1/2020,26.5,20.3,32.8,42,,1006.7,15540,Ujjain
11/1/2020,22.3,15.4,29.3,0,,1013.7,16380,Ujjain
12/1/2020,19.3,12.7,26,11,,1014.5,13500,Ujjain
1/1/2021,18.5,12.7,25.6,0,,1014.3,14220,Ujjain
2/1/2021,20.8,13.1,28.9,0,,1014.7,16380,Ujjain
3/1/2021,26.6,18.6,34.4,0.7,,1011.3,16620,Ujjain
4/1/2021,30.4,22.6,37.5,0,,1008.7,16440,Ujjain
5/1/2021,31.4,25.4,37.9,12.7,,1005,16320,Ujjain
6/1/2021,28.7,24.7,34,114.8,,1003.7,11280,Ujjain
7/1/2021,26.7,24.1,30.8,468.3,,1002.1,7080,Ujjain
8/1/2021,24.8,22.5,28,311.3,,1005,3840,Ujjain
9/1/2021,25.1,22.9,29,377.4,,1004.6,5940,Ujjain
10/1/2021,24.1,19.4,30.1,58.9,,1010.4,14880,Ujjain
11/1/2021,21.5,15.5,28.7,1,,1013.1,14700,Ujjain
12/1/2021,17.7,12.5,23.8,21.3,,1016.8,7200,Ujjain
1/1/2022,15.7,9.9,22.5,12.6,,1015.5,14040,Ujjain
2/1/2022,19.8,12.5,27.5,0,,1012.8,16980,Ujjain
3/1/2022,26.6,18.7,34.6,0.7,,1010.5,17220,Ujjain
4/1/2022,32.1,24.2,39.7,0.4,,1007.2,,Ujjain
5/1/2022,33,26,39.8,0,,1003,17580,Ujjain
6/1/2022,30.5,25.4,36.4,93.9,,1002.8,12960,Ujjain
7/1/2022,25.4,23.1,28.8,343,,1002.5,3480,Ujjain
8/1/2022,25.1,22.6,28.8,516.3,,1003.2,3660,Ujjain
9/1/2022,25.5,22.2,30.1,134.6,,1006.3,8760,Ujjain
10/1/2022,23.9,18.6,30.1,50.4,,1011.6,12960,Ujjain
11/1/2022,21.7,15.3,28.9,0,,1014.7,16680,Ujjain
12/1/2022,19.6,13.7,26.6,0.2,,1014.7,13260,Ujjain
1/1/2023,16.4,10.4,23.7,2.3,,1016.5,14040,Ujjain
2/1/2023,21,12.9,29.9,0,,1015,17640,Ujjain
3/1/2023,24.4,17.6,31.8,16.1,,1012.5,15720,Ujjain
4/1/2023,28.9,22,35.8,22.4,,1009.4,14880,Ujjain
5/1/2023,31.1,24.5,37.9,5.4,,1007.5,19080,Ujjain
6/1/2023,29.9,25.6,35.2,124.9,,1003.9,12300,Ujjain
7/1/2023,26.1,23.7,30.5,303,,1002.9,4980,Ujjain
8/1/2023,25.3,22.7,28.7,91.3,,1005.9,5760,Ujjain
9/1/2023,25.6,22.7,29.9,271.1,,1005.7,7680,Ujjain
10/1/2023,25.4,19.2,32.1,0.1,,1012.7,16380,Ujjain
11/1/2023,22.6,16.7,29.3,36.5,,1015.1,12960,Ujjain
12/1/2023,19.1,14,25.5,1.6,,1016.3,11880,Ujjain
1/1/2024,17.7,11.9,24.7,6.1,,1016.3,12180,Ujjain
2/1/2024,21.3,14.8,28.5,0.3,,1015.6,15240,Ujjain
3/1/2024,25.8,18.2,33.4,0,,1012.5,17460,Ujjain
4/1/2024,30.1,23.4,37.1,6.2,,1008.7,16380,Ujjain
5/1/2024,34.1,27.1,41.2,0,,1003.9,17520,Ujjain
6/1/2024,30.7,26.1,36.5,125,,1002.7,11700,Ujjain
7/1/2024,26.3,24,30,322.7,,1000.3,3180,Ujjain
8/1/2024,25.7,22.6,28.7,388,,1002.7,5700,Ujjain
9/1/2024,26.3,22.4,30.2,159,,1004.2,6780,Ujjain
10/1/2024,25.5,20.6,31.4,18.9,,1010.9,13680,Ujjain
11/1/2024,21.8,15.7,28.5,0,,1014.7,15780,Ujjain
12/1/2024,18,12.4,24.8,2,,1015.3,12600,Ujjain
1/1/2025,17.8,11.9,25.1,2.7,,1015.5,14640,Ujjain
2/1/2025,22.2,15,29.8,0,,1014.5,15660,Ujjain
3/1/2025,26.9,19,34.7,0,,1009.5,17880,Ujjain
4/1/2025,32.4,24.8,39.9,0.1,,1006.9,17880,Ujjain
5/1/2025,30.2,25,36.7,28.5,,1004.2,12900,Ujjain
6/1/2025,29,24.9,34.3,183,,1001.7,8820,Ujjain
7/1/2025,25.7,23.4,29.2,305.9,,1001.7,2520,Ujjain
8/1/2025,25.5,22.9,29.4,237.2,,1004.5,4620,Ujjain
9/1/2025,25.4,22.2,29.6,194.5,,1006.5,6900,Ujjain
10/1/2025,24.5,20,29.7,28.8,,1010.9,,Ujjain
11/1/2025,20.2,14.4,26.8,3.7,,1015.6,13560,Ujjain
12/1/2025,17.3,10.8,25,0,,1016.7,13200,Ujjain
1/1/2020,21.4,13.7,29.1,1,,1014.5,,Loni
2/1/2020,24.3,15.8,32.7,0,,1013.9,,Loni
3/1/2020,27.9,19.7,36.2,18,,1010.1,,Loni
4/1/2020,33.2,24.6,41.8,2,,1006.3,,Loni
5/1/2020,36.1,28.1,44,3,,1002.8,,Loni
6/1/2020,30.3,24.3,36.2,129,,1001.3,,Loni
7/1/2020,29.1,24.6,33.5,245,,1001.5,,Loni
8/1/2020,27.3,23.9,30.6,212,,1001.1,,Loni
9/1/2020,28.9,24.1,33.8,109,,1004.1,,Loni
10/1/2020,28.5,22.7,34.3,45,,1007.1,,Loni
11/1/2020,25.1,17,33.1,4,,1013.8,,Loni
12/1/2020,22.9,14.6,31.3,0,,1014.1,,Loni
1/1/2021,23.3,17.8,30.3,3,,1012.8,,Loni
2/1/2021,23.9,17,31.6,4.9,,1013.6,,Loni
3/1/2021,28.3,21.1,36.6,9.9,,1010.5,,Loni
4/1/2021,31.4,24,39.1,0.3,,1007.8,,Loni
5/1/2021,33.4,26.3,39,49.3,,1004.5,,Loni
6/1/2021,29.1,24,34,221.7,,1003.6,,Loni
7/1/2021,27.8,24,31,225,,1002.2,,Loni
8/1/2021,26.8,23,30.3,188.6,,1004.6,,Loni
9/1/2021,26.9,22.4,29.8,474.5,,1004.4,,Loni
10/1/2021,25.4,20.7,31.6,129.9,,1009.3,,Loni
11/1/2021,24.7,19.7,30.6,4.9,,1011.7,,Loni
12/1/2021,21.5,16,28.2,24.4,,1015.3,,Loni
1/1/2022,19.6,14.2,26.6,36.2,,1014.3,,Loni
2/1/2022,23,16.2,31.2,1.5,,1011.9,,Loni
3/1/2022,29.7,21.9,37.9,1.2,,1009,,Loni
4/1/2022,34.1,26.4,42,0,,1006,,Loni
5/1/2022,35.3,28.6,41.9,12.6,,1001.9,,Loni
6/1/2022,31.3,26.2,37,110.8,,1002.5,,Loni
7/1/2022,25.9,23.1,29.1,414.3,,1002.4,,Loni
8/1/2022,26.1,23.1,29.8,357.6,,1003.1,,Loni
9/1/2022,26,22.9,30.5,259.2,,1005.9,,Loni
10/1/2022,25.1,20.6,31.1,82.7,,1010.7,,Loni
11/1/2022,22.9,17.2,30.7,0,,1013.7,,Loni
12/1/2022,22.9,17.4,30.2,4.6,,1013.5,,Loni
1/1/2023,21.8,16.1,29.7,2.2,,1014.8,,Loni
2/1/2023,24.5,16.8,33.9,0,,1013.7,,Loni
3/1/2023,27.4,19.9,34.5,24.6,,1011.7,,Loni
4/1/2023,30.1,22.5,37.1,56.3,,1009.2,,Loni
5/1/2023,32.3,24.9,39.4,25,,1006.7,,Loni
6/1/2023,32.8,26.4,37.9,97.2,,1003.2,,Loni
7/1/2023,27.2,23.5,30.2,400.9,,1002.7,,Loni
8/1/2023,26.8,23,30.3,77.6,,1005.9,,Loni
9/1/2023,27.5,23.3,31,171.5,,1005,,Loni
10/1/2023,26.4,20.7,33.8,23.9,,1011.6,,Loni
11/1/2023,24.3,19.1,30.9,67.4,,1014,,Loni
12/1/2023,21.8,16.5,28.1,3.5,,1015.2,,Loni
1/1/2024,21.9,16.5,28.8,1,,1014.8,,Loni
2/1/2024,25,18.4,32.4,4.6,,1014.3,,Loni
3/1/2024,28.6,21.2,36.5,7.3,,1011.4,,Loni
4/1/2024,31.4,23.8,38.1,56.4,,1008.3,,Loni
5/1/2024,33.5,26.1,41,15.7,,1003.8,,Loni
6/1/2024,32,25,37,139.5,,1002.8,,Loni
7/1/2024,27.4,23.7,29.8,496.4,,1000.6,,Loni
8/1/2024,27.2,23.4,29.9,224.5,,1003.5,,Loni
9/1/2024,27.3,23.2,30.8,153.4,,1003.9,,Loni
10/1/2024,27.2,22.3,33.5,71.2,,1009.9,,Loni
11/1/2024,24,18.6,31.3,0,,1013.5,,Loni
12/1/2024,22.9,17.5,29.8,9,,1013.6,,Loni
1/1/2025,23,16.8,30.8,0.4,,1013.9,,Loni
2/1/2025,26.7,20,34.4,0,,1013.1,,Loni
3/1/2025,30.5,21,39.9,0,,1009.1,,Loni
4/1/2025,33.5,26.1,41.1,11.7,,1006.3,,Loni
5/1/2025,32,25.1,37.7,97.6,,1003.8,,Loni
6/1/2025,29.9,24.8,34.6,165,,1001.9,,Loni
7/1/2025,26.9,23.3,29.5,280.7,,1001.9,,Loni
8/1/2025,26.4,23,30.2,287.5,,1004.4,,Loni
9/1/2025,25.6,22.9,29.7,328.5,,1006,,Loni
10/1/2025,25.8,22.1,30.2,107.8,,1009.9,,Loni
11/1/2025,22.3,17.2,28.1,3.7,,1014.6,,Loni
12/1/2025,20.6,14.5,27.8,0,,1015.7,,Loni
1/1/2020,,,,,,,,Jhansi
2/1/2020,,,,,,,,Jhansi
3/1/2020,,,,,,,,Jhansi
4/1/2020,,,,,,,,Jhansi
5/1/2020,,,,,,,,Jhansi
6/1/2020,,,,,,,,Jhansi
7/1/2020,,,,,,,,Jhansi
8/1/2020,28.7,,,264.3,,,,Jhansi
9/1/2020,,,,,,,,Jhansi
10/1/2020,,,,,,,,Jhansi
11/1/2020,,,,,,,,Jhansi
12/1/2020,,,,,,,,Jhansi
1/1/2021,15.6,9.8,23.4,,,1016.1,,Jhansi
2/1/2021,19.9,12.8,29.2,2.3,,1015.1,16560,Jhansi
3/1/2021,26.4,18.5,35.5,4,,1011.1,,Jhansi
4/1/2021,31.1,22.8,40.3,0,,1008.1,,Jhansi
5/1/2021,31.4,24.5,39.7,47.5,,1004.2,,Jhansi
6/1/2021,33,27.4,39.9,48.2,,1000.5,,Jhansi
7/1/2021,31,27.3,36.8,244.3,,999.7,,Jhansi
8/1/2021,28.4,25.5,33.2,423.4,,1002.2,,Jhansi
9/1/2021,27.7,24.7,32.3,189.7,,1004.1,,Jhansi
10/1/2021,26.2,21.1,33.1,150,,1009.7,,Jhansi
11/1/2021,20.3,13.9,28.4,0,,1014.5,,Jhansi
12/1/2021,16.2,10.6,23.4,10.9,,1018.5,,Jhansi
1/1/2022,13.6,8.6,20.7,66.1,,1017,,Jhansi
2/1/2022,18.2,11.5,26.6,0.1,,1013.8,,Jhansi
3/1/2022,26.1,18.2,35.1,2,,1010.2,,Jhansi
4/1/2022,33.1,24.5,42.6,0,,1005.5,,Jhansi
5/1/2022,34.9,27.7,43.3,53.5,,1000.7,,Jhansi
6/1/2022,34.5,28.7,41.4,22.2,,1000.1,,Jhansi
7/1/2022,29.9,25.4,35.4,251.1,,1000.8,,Jhansi
8/1/2022,28,24.6,32.5,290.4,,1001.8,,Jhansi
9/1/2022,27.7,24.4,32.7,363.6,,1004.8,,Jhansi
10/1/2022,24.9,20,31.7,86.2,,1011.6,,Jhansi
11/1/2022,20.6,14.6,29,0.4,,1015.3,,Jhansi
12/1/2022,16.3,10.1,24.8,0,,1016.4,,Jhansi
1/1/2023,13.9,8.3,21.3,5.5,,1018.4,,Jhansi
2/1/2023,20.4,13.1,29.9,0,,1015.2,,Jhansi
3/1/2023,24.3,17.6,32.6,11.8,,1013,,Jhansi
4/1/2023,29,21.6,37.7,4.3,,1009,,Jhansi
5/1/2023,31.8,23.9,40.8,20.5,,1006.1,,Jhansi
6/1/2023,32.3,27,39.6,219.8,,1001.5,,Jhansi
7/1/2023,29.3,25.9,34.3,282.1,,1001.1,,Jhansi
8/1/2023,28.5,25.3,32.8,219.6,,1003.2,,Jhansi
9/1/2023,28.2,24.6,33,201,,1004.6,,Jhansi
10/1/2023,26.3,20.4,34,10.9,,1012.1,,Jhansi
11/1/2023,21.5,16,28.9,8.1,,1016.2,,Jhansi
12/1/2023,17.1,12.3,23.6,7.9,,1018.1,,Jhansi
1/1/2024,13.6,8.6,20.6,0.9,,1018.7,,Jhansi
2/1/2024,18,12.1,25.8,24.8,,1017.4,,Jhansi
3/1/2024,24.2,16.8,32.2,25.9,,1013.1,,Jhansi
4/1/2024,30.7,23.5,38.4,0.4,,1007.8,,Jhansi
5/1/2024,35.4,28.3,43.3,0.1,,1002.3,,Jhansi
6/1/2024,35.1,29.5,43.2,86,,999.9,,Jhansi
7/1/2024,30.2,26.4,35.4,296.3,,998.3,,Jhansi
8/1/2024,28.2,24.8,32.9,,,,,Jhansi
9/1/2024,27.6,,,,,1004,,Jhansi
10/1/2024,26.9,22,33.4,1.2,,1010.5,,Jhansi
11/1/2024,21.9,16.2,29.9,0,,1015.1,,Jhansi
12/1/2024,15.9,10.7,23.4,,,1016.9,,Jhansi
1/1/2025,15,9.7,22.5,6,,1017.1,,Jhansi
2/1/2025,20.2,13.8,28.1,0.5,,1015.2,,Jhansi
3/1/2025,,,,,,,,Jhansi
4/1/2025,32.1,23.9,40.3,0.8,,1006.4,,Jhansi
5/1/2025,33.7,27.4,40.7,22.4,,1002.4,,Jhansi
6/1/2025,32.3,26.9,38.6,307,,999.6,,Jhansi
7/1/2025,28.3,24.9,32.9,692.8,,999.1,,Jhansi
8/1/2025,28.5,25.3,32.5,218.8,,1002.6,,Jhansi
9/1/2025,28.3,25,32.6,143.5,,1004.8,,Jhansi
10/1/2025,25.2,20.9,30.3,40.9,,1010.6,,Jhansi
11/1/2025,19.6,13.9,26.6,3,,1015.5,,Jhansi
12/1/2025,16.1,10.6,23.5,0,,1017,,Jhansi
1/1/2020,,,,,,,,Pondicherry
2/1/2020,,,,,,,,Pondicherry
3/1/2020,,,,,,,,Pondicherry
4/1/2020,,,,,,,,Pondicherry
5/1/2020,,,,,,,,Pondicherry
6/1/2020,,,,,,,,Pondicherry
7/1/2020,,,,,,,,Pondicherry
8/1/2020,,,,,,,,Pondicherry
9/1/2020,,,,,,,,Pondicherry
10/1/2020,,,,,,,,Pondicherry
11/1/2020,,,,,,,,Pondicherry
12/1/2020,,,,,,,,Pondicherry
1/1/2021,24.9,22.3,28.8,,,1011.7,,Pondicherry
2/1/2021,24.7,20.5,29.9,17.2,,1012.8,,Pondicherry
3/1/2021,27.2,22.4,32.5,2.2,,1011,,Pondicherry
4/1/2021,29.6,25.8,34.4,12,,1009,,Pondicherry
5/1/2021,30.7,26.7,35.9,40.1,,1006.3,,Pondicherry
6/1/2021,30.6,26.7,36.1,49.1,,1006.2,,Pondicherry
7/1/2021,29.3,25.7,34.1,113.1,,1005.3,,Pondicherry
8/1/2021,29.1,25.6,34.2,158.2,,1006.5,,Pondicherry
9/1/2021,28.9,25.3,33.9,158.8,,1006.2,,Pondicherry
10/1/2021,27.2,24.3,31.7,301.4,,1007.9,,Pondicherry
11/1/2021,25.1,23,28.4,747.4,,1008.6,,Pondicherry
12/1/2021,25.1,21.6,30.1,82.7,,1013.2,,Pondicherry
1/1/2022,25.4,21.7,30.2,42.5,,1012.4,,Pondicherry
2/1/2022,25.9,21.4,31.2,3.7,,1011.6,,Pondicherry
3/1/2022,27.5,23,33.1,68.3,,1009.3,,Pondicherry
4/1/2022,29.4,25.5,34.1,29.2,,1008.3,,Pondicherry
5/1/2022,30.3,26.5,35.5,,,1004.4,,Pondicherry
6/1/2022,30.1,26.3,35.4,77.1,,1004.9,,Pondicherry
7/1/2022,29.1,25.5,34.3,142.1,,1005.1,,Pondicherry
8/1/2022,28.7,25.2,33.7,165.9,,1005.1,,Pondicherry
9/1/2022,28.7,25.2,33.6,128.2,,1006.7,,Pondicherry
10/1/2022,27,23.7,31.7,277.9,,1009,,Pondicherry
11/1/2022,25.3,22.4,29.6,349.7,,1011,,Pondicherry
12/1/2022,25.1,22.3,29.5,184.3,,1010.8,,Pondicherry
1/1/2023,24.6,20.4,30.4,5.1,,1013.6,,Pondicherry
2/1/2023,25.1,20.3,31.4,48.6,,1012.9,,Pondicherry
3/1/2023,27.4,23.2,33,50.6,,1011.5,,Pondicherry
4/1/2023,29.2,25,34.7,22,,1009.2,,Pondicherry
5/1/2023,30.3,26.6,35.5,104.1,,1007.5,,Pondicherry
6/1/2023,30.7,26.9,36.6,115.4,,1005.5,,Pondicherry
7/1/2023,29.7,25.8,34.8,106.8,,1006.1,,Pondicherry
8/1/2023,30.1,26.3,35.6,163.5,,1007.4,,Pondicherry
9/1/2023,28.8,25.2,34.4,201.4,,1006.8,,Pondicherry
10/1/2023,28.1,24.5,33.2,104.6,,1010.7,,Pondicherry
11/1/2023,26,23.4,29.8,380.9,,1011.8,,Pondicherry
12/1/2023,25.6,23,29.3,76,,1012.3,,Pondicherry
1/1/2024,25.3,21.9,29.7,51.1,,1013.9,,Pondicherry
2/1/2024,26.6,22.6,31.3,4.4,,1014.1,,Pondicherry
3/1/2024,27.9,23.5,32.8,1.2,,1012.1,,Pondicherry
4/1/2024,30.1,26,34.8,3.6,,1008.6,,Pondicherry
5/1/2024,30.6,27.2,35.3,110.7,,1005.2,,Pondicherry
6/1/2024,30.1,26.7,35.5,82.7,,1005.4,,Pondicherry
7/1/2024,29.8,26.2,34.5,74.8,,1004.8,,Pondicherry
8/1/2024,29.5,25.8,34.6,,,,,Pondicherry
9/1/2024,30,25.9,35.4,82.1,,1006.2,,Pondicherry
10/1/2024,27.7,24.5,32.3,314.6,,1008.6,,Pondicherry
11/1/2024,26,23.3,29.7,325.2,,1010,,Pondicherry
12/1/2024,25.8,23,29.6,,,1010.5,,Pondicherry
1/1/2025,24.8,21.5,28.8,35,,1012.5,,Pondicherry
2/1/2025,25.8,21.3,31.1,3.4,,1012.9,,Pondicherry
3/1/2025,,,,,,,,Pondicherry
4/1/2025,29.7,26.1,34.2,11,,1008.2,,Pondicherry
5/1/2025,29.9,26,34.9,114.1,,1005,,Pondicherry
6/1/2025,30.3,26.4,36,54.8,,1005.2,,Pondicherry
7/1/2025,30.4,26.5,35.8,94.2,,1004.8,,Pondicherry
8/1/2025,28.3,24.8,32.8,253.2,,1006.4,,Pondicherry
9/1/2025,28.3,24.9,32.6,148.1,,1006.8,,Pondicherry
10/1/2025,26.6,23.9,30.1,276,,1008.5,,Pondicherry
11/1/2025,25.8,23,29,266,,1011.6,,Pondicherry
12/1/2025,24,20.6,27.9,88.1,,1012.7,,Pondicherry
1/1/2020,,,,,,,,Nellore
2/1/2020,,,,,,,,Nellore
3/1/2020,,,,,,,,Nellore
4/1/2020,,,,,,,,Nellore
5/1/2020,,,,,,,,Nellore
6/1/2020,,,,,,,,Nellore
7/1/2020,,,,,,,,Nellore
8/1/2020,,,,,,,,Nellore
9/1/2020,,,,,,,,Nellore
10/1/2020,,,,,,,,Nellore
11/1/2020,,,,,,,,Nellore
12/1/2020,,,,,,,,Nellore
1/1/2021,24.9,20.9,29.7,,,1012.4,,Nellore
2/1/2021,24.4,19,30.5,44.1,,1013.2,,Nellore
3/1/2021,27.5,21.5,34.7,0,,1010.7,,Nellore
4/1/2021,30.4,25.8,36.8,2.7,,1008.6,,Nellore
5/1/2021,31.9,27.7,37.9,18.6,,1005.5,,Nellore
6/1/2021,32.2,27.9,37.6,37.9,,1005,,Nellore
7/1/2021,30.6,26.6,35.8,151.7,,1004,,Nellore
8/1/2021,30.8,27,35.6,64.8,,1005.5,,Nellore
9/1/2021,30.4,26.8,35.3,92,,1005.2,,Nellore
10/1/2021,28.9,25.2,33.4,130.7,,1007.7,,Nellore
11/1/2021,26.2,24.2,29,697.5,,1009.4,,Nellore
12/1/2021,24.7,20.6,29.1,74.3,,1013.8,,Nellore
1/1/2022,24.8,21.1,29.1,93.1,,1012.9,,Nellore
2/1/2022,25.3,20,30.6,4.5,,1011.9,,Nellore
3/1/2022,28.4,22.6,35.2,2.7,,1009.1,,Nellore
4/1/2022,30.5,25.7,37.2,1.3,,1007.8,,Nellore
5/1/2022,31.2,27,37,,,1003.2,,Nellore
6/1/2022,31.7,27.5,37.6,101.5,,1003.7,,Nellore
7/1/2022,29.5,25.9,34.3,211.1,,1003.9,,Nellore
8/1/2022,30,26.1,35.2,124.9,,1004.1,,Nellore
9/1/2022,29.6,25.7,34.6,176.4,,1006,,Nellore
10/1/2022,27.9,24.4,32.7,131.8,,1009,,Nellore
11/1/2022,25.6,22.5,29.7,410,,1011.7,,Nellore
12/1/2022,25.1,21.9,29.3,291,,1011.8,,Nellore
1/1/2023,23.9,18.9,29.5,7,,1014.2,,Nellore
2/1/2023,25.7,19.9,32.3,0,,1013,,Nellore
3/1/2023,27.6,22.3,33.7,57,,1011.5,,Nellore
4/1/2023,30.4,25,37.3,20.4,,1008.7,,Nellore
5/1/2023,32.3,27.5,39.3,51.4,,1006.6,,Nellore
6/1/2023,33.5,28.9,39.7,76.7,,1004,,Nellore
7/1/2023,30.6,27.1,34.8,107.1,,1004.6,,Nellore
8/1/2023,31.8,27.6,37.4,47.9,,1006.4,,Nellore
9/1/2023,31,26.8,36.5,98.6,,1005.6,,Nellore
10/1/2023,29.9,25.2,35.7,9.5,,1010.5,,Nellore
11/1/2023,26.9,24.1,31,253.3,,1012.5,,Nellore
12/1/2023,24.9,21.6,29,497.1,,1013,,Nellore
1/1/2024,25.3,20.8,30.3,4.9,,1014.3,,Nellore
2/1/2024,26.9,21.5,33,3.5,,1014.2,,Nellore
3/1/2024,28.7,23.5,35.5,0.9,,1011.7,,Nellore
4/1/2024,31.2,25.5,38.9,0,,1007.9,,Nellore
5/1/2024,32.8,28.6,39.4,80.2,,1004.4,,Nellore
6/1/2024,31.7,27.1,37.6,135.9,,1004.1,,Nellore
7/1/2024,30.5,26.7,35.5,219.3,,1003.2,,Nellore
8/1/2024,30.7,26.6,36.5,,,,,Nellore
9/1/2024,30.4,26.4,36.2,66.6,,1005.5,,Nellore
10/1/2024,29.1,25.4,34.1,390.8,,1008.6,,Nellore
11/1/2024,26.5,23.4,30.7,272.1,,1011.1,,Nellore
12/1/2024,25.7,23.1,29.5,,,1011.6,,Nellore
1/1/2025,24.3,20,29.6,6.6,,1013.3,,Nellore
2/1/2025,25.8,20.6,32.7,0.4,,1013.1,,Nellore
3/1/2025,,,,,,,,Nellore
4/1/2025,30.8,26,37.3,3.4,,1007.9,,Nellore
5/1/2025,31.2,27,37.3,92.1,,1004.3,,Nellore
6/1/2025,32,27.5,37.5,50,,1003.8,,Nellore
7/1/2025,31.4,27.1,36.8,104.6,,1003.6,,Nellore
8/1/2025,30,26,35.2,117.5,,1005.3,,Nellore
9/1/2025,29.6,26,34.8,123.6,,1005.8,,Nellore
10/1/2025,27,23.9,31.1,494.3,,1008.5,,Nellore
11/1/2025,25.9,22.8,29.7,132.8,,1012.4,,Nellore
12/1/2025,23.1,19.5,27.6,117.7,,1013.6,,Nellore
1/1/2020,11.2,6.2,16.4,69,,1018,,Jammu
2/1/2020,15,8.4,21.5,16,,1016.9,,Jammu
3/1/2020,18.5,12.7,24.2,144,,1013.2,,Jammu
4/1/2020,24.4,17.6,31,52,,1010,,Jammu
5/1/2020,28.6,20.6,36.3,15,,1004.2,,Jammu
6/1/2020,29.8,23.4,36.5,85,,999.9,,Jammu
7/1/2020,30.7,25.5,36.3,139,,998.6,,Jammu
8/1/2020,29.2,25.2,33.6,547,,999.1,,Jammu
9/1/2020,30,25.2,34.9,25,,1003,,Jammu
10/1/2020,24.5,16.7,32.6,0,,1008.1,,Jammu
11/1/2020,16.6,10.3,24.5,22,,1016.7,,Jammu
12/1/2020,11.4,6.2,18.1,24,,1017.2,,Jammu
1/1/2021,11.7,6.8,17.8,62,,1016.3,,Jammu
2/1/2021,15.8,9.7,22.9,25.2,,1015.4,,Jammu
3/1/2021,20.3,13.2,27.7,62.4,,1011.9,,Jammu
4/1/2021,23.4,15.5,31,54.8,,1010,,Jammu
5/1/2021,29,21.2,35.8,10.5,,1004.5,,Jammu
6/1/2021,32.1,25.8,37.7,15,,1000,,Jammu
7/1/2021,30.1,26.3,33.9,599.6,,999.2,,Jammu
8/1/2021,28.7,25.1,32.6,105.7,,1001.7,,Jammu
9/1/2021,27.4,24.2,31.1,83.1,,1005.9,,Jammu
10/1/2021,23,17.9,28.7,102.5,,1009.5,,Jammu
11/1/2021,16.4,10.9,23.3,0,,1014.3,,Jammu
12/1/2021,11.7,6.2,18.3,6.6,,1018.9,,Jammu
1/1/2022,10.8,6.6,15.7,187.6,,1016.6,,Jammu
2/1/2022,12.7,6.7,19.3,118,,1014.1,,Jammu
3/1/2022,21.1,13.4,29,12.2,,1010.4,,Jammu
4/1/2022,28.4,20,36.7,0.6,,1005.7,,Jammu
5/1/2022,31,23.7,38,18.4,,1000.5,,Jammu
6/1/2022,31.7,24.8,38.4,105.6,,998.8,,Jammu
7/1/2022,28.6,25.2,32.5,364.9,,1001.5,,Jammu
8/1/2022,28.3,24.8,32.4,169.6,,1002.1,,Jammu
9/1/2022,27,23,31.3,74.3,,1005.1,,Jammu
10/1/2022,23,17.2,29.3,12.8,,1011.6,,Jammu
11/1/2022,16.5,11.4,22.8,85.8,,1015.4,,Jammu
12/1/2022,12.7,7.9,18.9,10.1,,1016.4,,Jammu
1/1/2023,10.4,5.5,16.1,48.5,,1018.8,,Jammu
2/1/2023,14.9,8.6,22.1,16.5,,1015.2,,Jammu
3/1/2023,19.1,13,25.6,71.1,,1013.7,,Jammu
4/1/2023,23,15.8,30.3,39,,1009.9,,Jammu
5/1/2023,26.9,19.8,33.8,64.1,,1006.7,,Jammu
6/1/2023,30.1,24.2,35.8,115.8,,1001.3,,Jammu
7/1/2023,28.4,24.8,32.4,389.8,,1001.5,,Jammu
8/1/2023,28.6,24.6,33.1,202.4,,1001.2,,Jammu
9/1/2023,27.8,23.3,32.8,45.9,,1005.1,,Jammu
10/1/2023,22.3,16.8,28.8,52.8,,1012.4,,Jammu
11/1/2023,17.7,12.5,24.1,18.5,,1016.8,,Jammu
12/1/2023,12.8,7.8,19.7,2.5,,1018.3,,Jammu
1/1/2024,10,6,15.8,18.1,,1018.9,,Jammu
2/1/2024,13.4,6.6,19.9,117.7,,1017.7,,Jammu
3/1/2024,18.4,12,24.9,140.8,,1014,,Jammu
4/1/2024,22.8,16,30.1,112.4,,1009.2,,Jammu
5/1/2024,29.8,21.2,37.5,1.7,,1003,,Jammu
6/1/2024,33.7,26.1,40.7,7.1,,999.2,,Jammu
7/1/2024,30.1,25.8,34.8,194,,997.9,,Jammu
8/1/2024,28.4,24.3,33.5,452,,1001.5,,Jammu
9/1/2024,28,23.2,33.3,83,,1003.4,,Jammu
10/1/2024,24.6,18.8,30.9,0.3,,1010.1,,Jammu
11/1/2024,18.5,13,25.2,5.8,,1015,,Jammu
12/1/2024,11.7,5.6,19.9,2,,1017.4,,Jammu
1/1/2025,11.4,5.7,18.1,36.5,,1017.1,,Jammu
2/1/2025,13.7,7.6,20.7,180.6,,1015.9,,Jammu
3/1/2025,20.4,13.2,27.8,11,,1011.7,,Jammu
4/1/2025,25.6,18.3,33.3,23,,1006.9,,Jammu
5/1/2025,28.9,22.5,35,31.2,,1002.9,,Jammu
6/1/2025,31.1,25.6,36.4,57.2,,999.4,,Jammu
7/1/2025,28.8,25.4,32.8,350.6,,999,,Jammu
8/1/2025,27.5,24.5,31.1,570,,1002.7,,Jammu
9/1/2025,27.3,23.4,31.6,156.6,,1005.3,,Jammu
10/1/2025,22.4,16.3,29,47.5,,1011.5,,Jammu
11/1/2025,15.8,9.1,23.5,5.2,,1015.8,,Jammu
12/1/2025,12.9,7.6,19.5,2.6,,1017.2,,Jammu
1/1/2020,22.5,14.6,30.3,0,,1012.2,,Belgaum
2/1/2020,23.9,15.8,32,0,,1011.7,,Belgaum
3/1/2020,26,18.1,34,19,,1009.5,,Belgaum
4/1/2020,28.3,20.6,36,33,,1007.9,,Belgaum
5/1/2020,29.3,22.5,36.1,46,,1005.5,,Belgaum
6/1/2020,25.2,21.3,29,178,,1004.6,,Belgaum
7/1/2020,24,20.8,27.3,192,,1004.4,,Belgaum
8/1/2020,23.3,20.6,26.1,406,,1005.1,,Belgaum
9/1/2020,24.4,20.6,28.2,308,,1005.8,,Belgaum
10/1/2020,24.4,19.8,29,165,,1007.2,,Belgaum
11/1/2020,23.2,17,29.4,0,,1010.9,,Belgaum
12/1/2020,22.6,15.4,29.9,0,,1010.8,,Belgaum
1/1/2021,22,17.1,27.8,1,,1012.6,,Belgaum
2/1/2021,22,16.7,28.3,0.8,,1013.5,,Belgaum
3/1/2021,25.8,19.8,32.8,0.1,,1011.5,,Belgaum
4/1/2021,26.4,20.6,33.8,11,,1010.8,,Belgaum
5/1/2021,24.6,21.6,29.6,184.7,,1008.6,,Belgaum
6/1/2021,22.3,20.5,25.4,357.4,,1009.3,,Belgaum
7/1/2021,21.9,20.5,24.3,503.9,,1008.1,,Belgaum
8/1/2021,21.9,20.1,25.1,108.2,,1009.6,,Belgaum
9/1/2021,21.9,20.1,25.1,168.6,,1008.9,,Belgaum
10/1/2021,22.9,19.3,27.7,179.3,,1010.5,,Belgaum
11/1/2021,22,19,26.6,107.5,,1011.3,,Belgaum
12/1/2021,20.7,16.3,26.3,10.7,,1014.7,,Belgaum
1/1/2022,20,14.4,26.6,0.4,,1013.7,,Belgaum
2/1/2022,22.9,16.8,30.1,0,,1012,,Belgaum
3/1/2022,25.8,19.8,33.4,2,,1010.7,,Belgaum
4/1/2022,26.5,21.4,33.9,24,,1010,,Belgaum
5/1/2022,24.8,20.9,30.4,99,,1007.9,,Belgaum
6/1/2022,22.8,20.6,26.8,151.4,,1008,,Belgaum
7/1/2022,21.6,19.9,24.3,329.1,,1008,,Belgaum
8/1/2022,21.7,19.9,24.8,276.7,,1008,,Belgaum
9/1/2022,21.8,19.3,25.9,179,,1009.6,,Belgaum
10/1/2022,21.6,18.4,26.3,148.9,,1011.9,,Belgaum
11/1/2022,22.1,17.5,27.4,5.4,,1013.1,,Belgaum
12/1/2022,22.1,17.4,27.9,22.8,,1012.9,,Belgaum
1/1/2023,21.5,15.8,28.4,2.3,,1014.1,,Belgaum
2/1/2023,24.1,17.8,31.1,0,,1013.6,,Belgaum
3/1/2023,24.8,18.2,32.3,0,,1012.4,,Belgaum
4/1/2023,26.5,20.4,34.3,11.6,,1010.6,,Belgaum
5/1/2023,26,20.8,33,60.7,,1010.7,,Belgaum
6/1/2023,24.4,21.4,29.1,48.3,,1009.2,,Belgaum
7/1/2023,21.8,20.4,24.2,383.3,,1009.1,,Belgaum
8/1/2023,22.4,19.9,26.1,53,,1011.1,,Belgaum
9/1/2023,22.5,20.3,26.2,131.5,,1009.8,,Belgaum
10/1/2023,23.8,19.6,29.2,81.6,,1012.8,,Belgaum
11/1/2023,23.4,19.4,28.5,33.3,,1013.5,,Belgaum
12/1/2023,22.2,17.6,27.8,0.2,,1014,,Belgaum
1/1/2024,22.2,17,28.7,8,,1014.4,,Belgaum
2/1/2024,24.4,18.2,31.9,0,,1014.4,,Belgaum
3/1/2024,26.9,20.9,34.7,0.6,,1012.6,,Belgaum
4/1/2024,28.7,23,36.5,12.3,,1009.7,,Belgaum
5/1/2024,26.8,21.9,34.1,47.6,,1008.1,,Belgaum
6/1/2024,23.2,21.3,26.8,262,,1008.1,,Belgaum
7/1/2024,21.7,20.6,24.1,432,,1007.1,,Belgaum
8/1/2024,24.3,22,26.8,207,,1006.3,,Belgaum
9/1/2024,24.3,20.4,28.3,116,,1006.9,,Belgaum
10/1/2024,22.7,19.7,27.5,141.7,,1011.4,,Belgaum
11/1/2024,22.2,17.9,27.6,38,,1013.1,,Belgaum
12/1/2024,22.2,17.9,28,16,,1013,,Belgaum
1/1/2025,22.6,17.3,28.9,0,,1013.4,,Belgaum
2/1/2025,24.7,18.6,32.2,0,,1013.4,,Belgaum
3/1/2025,27.5,19,36.1,40,,1008.4,,Belgaum
4/1/2025,26.1,20.9,33.8,23.3,,1010.2,,Belgaum
5/1/2025,24.1,20.7,29.5,326.3,,1007.8,,Belgaum
6/1/2025,22.4,20.4,26.3,186.1,,1008.1,,Belgaum
7/1/2025,21.6,20.2,24.3,215.3,,1008.3,,Belgaum
8/1/2025,21.6,20,24.6,267.1,,1009.6,,Belgaum
9/1/2025,21.6,19.7,25.2,181.4,,1010.3,,Belgaum
10/1/2025,22.5,19.7,26.8,136.5,,1011,,Belgaum
11/1/2025,21.8,17.3,27.5,7.7,,1014.4,,Belgaum
12/1/2025,21.1,15.8,27.4,0.9,,1014.5,,Belgaum
1/1/2020,27.7,22.3,33.1,0,,1011.5,17220,Mangalore
2/1/2020,28.3,22.7,33.8,0,,1011.5,16020,Mangalore
3/1/2020,28.9,24,33.7,23,,1010.1,15720,Mangalore
4/1/2020,30.2,25.7,34.7,4,,1009.3,15600,Mangalore
5/1/2020,30.1,25.9,34.3,89,,1007.2,13620,Mangalore
6/1/2020,26.7,23.6,29.7,803,,1006.7,4560,Mangalore
7/1/2020,26.3,23.6,29,1184,,1006.2,4920,Mangalore
8/1/2020,26.1,23.7,28.6,875,,1007.2,3120,Mangalore
9/1/2020,26.2,23.5,28.9,1064,,1007.3,5820,Mangalore
10/1/2020,26.6,23.4,29.8,349,,1008.1,9480,Mangalore
11/1/2020,28.4,23.4,33.4,19,,1009.8,14820,Mangalore
12/1/2020,28.2,22.9,33.5,32,,1009.9,16680,Mangalore
1/1/2021,27.9,22.8,33,69,,1009.5,14940,Mangalore
2/1/2021,27.9,22.2,33.6,3,,1010.5,15240,Mangalore
3/1/2021,29.3,24.5,34.2,17,,1009.5,13980,Mangalore
4/1/2021,29,24.8,33.2,134,,1009.2,13620,Mangalore
5/1/2021,27.9,24.3,31.5,367,,1006.9,9900,Mangalore
6/1/2021,26.4,23.4,29.4,767,,1008.1,6780,Mangalore
7/1/2021,25.9,23.4,28.3,1097,,1007.3,4680,Mangalore
8/1/2021,26.1,23.4,28.8,488,,1008.3,5940,Mangalore
9/1/2021,26.4,23.7,29.2,302,,1009.4,9180,Mangalore
10/1/2021,27,23.8,30.2,479,,1008.2,10440,Mangalore
11/1/2021,27.1,23.4,30.9,242,,1008.2,8760,Mangalore
12/1/2021,27.2,22.4,32.1,20,,1011.5,16320,Mangalore
1/1/2022,26.8,21.3,32.3,0,,1011.1,17820,Mangalore
2/1/2022,27.4,22.1,32.7,0,,1009.8,15660,Mangalore
3/1/2022,28.8,23.9,33.7,47,,1008.5,15660,Mangalore
4/1/2022,29.3,25.2,33.5,27,,1007.8,11220,Mangalore
5/1/2022,27.8,24.5,31.1,342,,1006.5,8100,Mangalore
6/1/2022,26.8,23.5,30,719,,1006.9,7800,Mangalore
7/1/2022,25.6,23.1,28,1569,,1007,3900,Mangalore
8/1/2022,25.8,23.4,28.2,833,,1007,5820,Mangalore
9/1/2022,26.3,23.4,29.3,361,,1008.5,10200,Mangalore
10/1/2022,26.9,23.3,30.5,87,,1009.5,12420,Mangalore
11/1/2022,27.7,23.3,32.1,53,,1010.1,11820,Mangalore
12/1/2022,27.4,22.3,32.6,7,,1010.6,14160,Mangalore
1/1/2023,27.1,21.6,32.7,0,,1011.6,16860,Mangalore
2/1/2023,28.3,22.6,33.9,0,,1010.8,15180,Mangalore
3/1/2023,28.6,22.7,34.6,0,,1010.1,16500,Mangalore
4/1/2023,29.7,25,34.2,0,,1008.6,16740,Mangalore
5/1/2023,30.1,25.6,34.5,37,,1008.6,16980,Mangalore
6/1/2023,27.9,24.6,31.3,546,,1008,7740,Mangalore
7/1/2023,25.6,23.3,27.9,1689,,1008.6,3300,Mangalore
8/1/2023,26.9,24,29.9,264,,1009.8,12300,Mangalore
9/1/2023,26.3,23.6,29.6,552,,1008.7,,Mangalore
10/1/2023,27.7,24.3,31.2,149,,1010.9,10680,Mangalore
11/1/2023,28.1,24.1,32.1,144,,1010.4,10380,Mangalore
12/1/2023,28.4,23.5,33.2,74,,1010.4,14880,Mangalore
1/1/2024,27.3,22.7,31.9,142,,1011.8,14280,Mangalore
2/1/2024,28.4,23.1,33.7,0,,1012,17040,Mangalore
3/1/2024,29.3,24.9,33.6,0,,1011,15360,Mangalore
4/1/2024,29.7,26.4,34.6,59,,1007.8,15300,Mangalore
5/1/2024,29.3,25.7,33,253,,1006.3,,Mangalore
6/1/2024,26.6,24,29.8,1000,,1007.1,,Mangalore
7/1/2024,25.8,23.7,28,1619,,1007,13020,Mangalore
8/1/2024,26.7,24.5,28.6,601,,1007.8,,Mangalore
9/1/2024,26.7,23.9,29.7,475,,1008.5,6900,Mangalore
10/1/2024,27.3,24.2,30.5,165,,1009,9900,Mangalore
11/1/2024,28.4,23.8,33,53,,1009.3,14460,Mangalore
12/1/2024,27.7,23.4,31.9,171,,1009.8,13320,Mangalore
1/1/2025,27.7,22.1,32.2,36,,1010.2,17100,Mangalore
2/1/2025,28.6,23.1,34.1,0,,1010.8,15240,Mangalore
3/1/2025,29.6,25.2,34,41,,1009.4,14700,Mangalore
4/1/2025,29.3,24.8,33.8,63,,1008.3,13860,Mangalore
5/1/2025,28.1,24.7,31.5,953,,1006.4,10860,Mangalore
6/1/2025,26.6,23.8,29.3,1257,,1007.4,4920,Mangalore
7/1/2025,25.3,23.1,27.6,1512,,1007.7,,Mangalore
8/1/2025,25.6,23.3,27.9,759,,1008.4,3660,Mangalore
9/1/2025,26.4,23.5,29.2,399,,1008.9,,Mangalore
10/1/2025,27.1,23.6,30.7,341,,1008.7,10560,Mangalore
11/1/2025,27.2,22.8,31.6,53,,1011.3,14040,Mangalore
12/1/2025,26.9,21.5,32.3,15,,1011,15900,Mangalore
1/1/2020,,,,,,,,Tirunelveli
2/1/2020,,,,,,,,Tirunelveli
3/1/2020,,,,,,,,Tirunelveli
4/1/2020,,,,,,,,Tirunelveli
5/1/2020,,,,,,,,Tirunelveli
6/1/2020,,,,,,,,Tirunelveli
7/1/2020,,,,,,,,Tirunelveli
8/1/2020,,,,,,,,Tirunelveli
9/1/2020,,,,,,,,Tirunelveli
10/1/2020,,,,,,,,Tirunelveli
11/1/2020,,,,,,,,Tirunelveli
12/1/2020,,,,,,,,Tirunelveli
1/1/2021,25,22,29.6,129.4,,1010.8,,Tirunelveli
2/1/2021,26.7,21.6,33.7,15.3,,1011.8,,Tirunelveli
3/1/2021,28.6,23.3,35.9,48,,1010.5,,Tirunelveli
4/1/2021,30.5,25.2,37.8,48.7,,1008.9,,Tirunelveli
5/1/2021,28.9,25,34.7,132,,1007.4,,Tirunelveli
6/1/2021,29.9,25.2,36.1,31,,1007.7,,Tirunelveli
7/1/2021,29.5,25.4,35,30,,1007,,Tirunelveli
8/1/2021,29.4,25.2,35,40.1,,1007.8,,Tirunelveli
9/1/2021,29.6,25.1,35.8,33.4,,1007.3,,Tirunelveli
10/1/2021,27.5,23.8,33.1,291,,1008.3,,Tirunelveli
11/1/2021,25.6,22.6,29.8,351.7,,1008.6,,Tirunelveli
12/1/2021,25.4,21.7,30.7,95.6,,1012.4,,Tirunelveli
1/1/2022,26.8,22.3,32.4,40.3,,1011.6,,Tirunelveli
2/1/2022,27.4,22.6,34.1,40,,1010.7,,Tirunelveli
3/1/2022,29.8,23.7,37.8,12.9,,1008.7,,Tirunelveli
4/1/2022,28.7,24.3,35.3,135.2,,1008.4,,Tirunelveli
5/1/2022,30.5,26.2,37,,,1005.8,,Tirunelveli
6/1/2022,30,25.7,36.5,54.2,,1006.3,,Tirunelveli
7/1/2022,28.7,25.1,34.2,62,,1006.6,,Tirunelveli
8/1/2022,28.6,25,34.3,120.9,,1006.6,,Tirunelveli
9/1/2022,29.2,24.6,35.6,47,,1007.8,,Tirunelveli
10/1/2022,27.6,23.8,33.8,202.9,,1009.2,,Tirunelveli
11/1/2022,25.7,22.1,31.4,267.3,,1010.7,,Tirunelveli
12/1/2022,25.7,22,31.3,140.2,,1010.4,,Tirunelveli
1/1/2023,25.9,21.1,32.5,61.1,,1012.6,,Tirunelveli
2/1/2023,26.2,20.8,33.5,46.8,,1012,,Tirunelveli
3/1/2023,28.9,23.7,36.4,47.9,,1010.8,,Tirunelveli
4/1/2023,30.2,25,37.6,70.4,,1008.9,,Tirunelveli
5/1/2023,30.8,26.2,38,55.1,,1008.3,,Tirunelveli
6/1/2023,31.3,26.7,37.6,28.2,,1007.1,,Tirunelveli
7/1/2023,29.7,25.7,35.3,56.6,,1008.1,,Tirunelveli
8/1/2023,31.2,25.8,38.6,62.3,,1008.3,,Tirunelveli
9/1/2023,29.2,25,35.1,85.2,,1008.5,,Tirunelveli
10/1/2023,27.5,23.6,33,231.1,,1011.2,,Tirunelveli
11/1/2023,25.7,23,30.3,391.8,,1011.5,,Tirunelveli
12/1/2023,25.7,22.9,29.6,491.4,,1011.6,,Tirunelveli
1/1/2024,25.6,22.3,30.4,118.6,,1013.1,,Tirunelveli
2/1/2024,28,23.1,34.6,6,,1013,,Tirunelveli
3/1/2024,29.1,23.3,36.7,16.8,,1011.5,,Tirunelveli
4/1/2024,30.9,25.4,38.3,64.3,,1008.3,,Tirunelveli
5/1/2024,29.9,26.1,35.8,163.2,,1006.1,,Tirunelveli
6/1/2024,29.4,25.5,34.7,60.1,,1007.2,,Tirunelveli
7/1/2024,29.7,25.6,35.1,27.2,,1006.9,,Tirunelveli
8/1/2024,27.4,24.9,31.3,,,,,Tirunelveli
9/1/2024,27.9,25,31.8,36.2,,1008.4,,Tirunelveli
10/1/2024,28,24.3,34.1,117.8,,1009.1,,Tirunelveli
11/1/2024,25.9,23,30.3,268.9,,1010,,Tirunelveli
12/1/2024,27.7,24.3,,,,,,Tirunelveli
1/1/2025,25.2,21.8,29.7,120.9,,1011.7,,Tirunelveli
2/1/2025,26.7,21.9,33.7,76.2,,1012.2,,Tirunelveli
3/1/2025,29,25,,,,,,Tirunelveli
4/1/2025,30.2,25.3,37.3,78.1,,1008.3,,Tirunelveli
5/1/2025,30.7,26.3,37.2,58.2,,1006.3,,Tirunelveli
6/1/2025,29.8,25.4,35.5,51.6,,1007.3,,Tirunelveli
7/1/2025,29.1,25.5,34.2,87.6,,1007.1,,Tirunelveli
8/1/2025,29.6,25.3,35.6,40.3,,1007.7,,Tirunelveli
9/1/2025,30.1,25.8,36.6,41.1,,1008,,Tirunelveli
10/1/2025,27.6,23.9,33.3,276.5,,1008.8,,Tirunelveli
11/1/2025,25.8,22.5,30.6,421,,1011.5,,Tirunelveli
12/1/2025,24.5,21,29.1,86.7,,1012.1,,Tirunelveli
1/1/2020,,,,,,,,Malegaon
2/1/2020,,,,,,,,Malegaon
3/1/2020,,,,,,,,Malegaon
4/1/2020,,,,,,,,Malegaon
5/1/2020,,,,,,,,Malegaon
6/1/2020,,,,,,,,Malegaon
7/1/2020,,,,,,,,Malegaon
8/1/2020,,,,,,,,Malegaon
9/1/2020,,,,,,,,Malegaon
10/1/2020,,,,,,,,Malegaon
11/1/2020,,,,,,,,Malegaon
12/1/2020,,,,,,,,Malegaon
1/1/2021,22.4,16.8,29.4,,,1012.9,,Malegaon
2/1/2021,23.4,16.4,30.8,1.3,,1014,,Malegaon
3/1/2021,28.3,20.9,35.9,0.4,,1011.1,,Malegaon
4/1/2021,31.4,24.2,38.5,0,,1009,,Malegaon
5/1/2021,30.7,24.9,37.5,14.2,,1005.9,,Malegaon
6/1/2021,28.1,24.4,33.7,70.5,,1005.3,,Malegaon
7/1/2021,26.9,23.9,31.8,220,,1003.7,,Malegaon
8/1/2021,25.8,22.7,30.1,150.5,,1006,,Malegaon
9/1/2021,25.2,22.6,29.2,316.8,,1005.2,,Malegaon
10/1/2021,24.5,19.8,29.9,76.6,,1009.8,,Malegaon
11/1/2021,24.2,18.4,30.4,19.2,,1011.3,,Malegaon
12/1/2021,20.4,15.3,26.4,70.2,,1014.8,,Malegaon
1/1/2022,19.3,13.2,26.4,3,,1014,,Malegaon
2/1/2022,23,15,31.2,0,,1011.7,,Malegaon
3/1/2022,29.1,20.5,36.7,0.7,,1009.8,,Malegaon
4/1/2022,33.1,25.2,40.8,0,,1007.6,,Malegaon
5/1/2022,32.3,25.4,40.4,,,1004.5,,Malegaon
6/1/2022,28.8,24.3,35.3,146.1,,1004.4,,Malegaon
7/1/2022,25.4,23.2,28.9,432,,1003.9,,Malegaon
8/1/2022,25.5,22.8,29.5,116.3,,1004.3,,Malegaon
9/1/2022,24.9,22.1,29.3,247,,1007.2,,Malegaon
10/1/2022,24.1,19.7,29.5,75.5,,1011.4,,Malegaon
11/1/2022,23,16.8,29.7,0,,1013.9,,Malegaon
12/1/2022,22.4,16.7,29.3,27.3,,1013.5,,Malegaon
1/1/2023,20.5,14.1,28.1,1.1,,1015,,Malegaon
2/1/2023,23.4,15.8,31.9,0,,1014.2,,Malegaon
3/1/2023,25.6,18.7,33.1,7.6,,1012.3,,Malegaon
4/1/2023,29.4,22.6,36.8,21.5,,1009.6,,Malegaon
5/1/2023,31.4,24.6,38.7,0.5,,1008.3,,Malegaon
6/1/2023,29.8,24.9,36.2,75.5,,1005.4,,Malegaon
7/1/2023,26,23.9,29.9,236.1,,1004.5,,Malegaon
8/1/2023,26,22.9,30.3,20.5,,1007.5,,Malegaon
9/1/2023,25.9,22.8,30.4,193,,1006.8,,Malegaon
10/1/2023,27,20.9,33.2,0.6,,1012.5,,Malegaon
11/1/2023,25,19.6,31.3,50.6,,1014,,Malegaon
12/1/2023,21.9,16.4,28.5,3.1,,1015,,Malegaon
1/1/2024,21.5,15.2,28.8,6.4,,1015,,Malegaon
2/1/2024,24.1,17,31.8,0,,1014.8,,Malegaon
3/1/2024,27.9,20.3,36.1,0,,1012.2,,Malegaon
4/1/2024,32.4,25.2,39.6,0,,1008.5,,Malegaon
5/1/2024,33.1,26.3,40.6,11.1,,1005.4,,Malegaon
6/1/2024,28.7,25,34.7,193.2,,1004.3,,Malegaon
7/1/2024,26.3,24.2,29.9,396.4,,1002,,Malegaon
8/1/2024,,,,,,,,Malegaon
9/1/2024,23.9,,,,,1007.6,,Malegaon
10/1/2024,25.3,21.3,30.5,123,,1010.5,,Malegaon
11/1/2024,23.1,17.4,29.8,0,,1013.7,,Malegaon
12/1/2024,21.2,15.7,28,,,1013.8,,Malegaon
1/1/2025,21.1,15.1,28.4,0.1,,1014.2,,Malegaon
2/1/2025,24,17.2,32,0,,1013.9,,Malegaon
3/1/2025,,,,,,,,Malegaon
4/1/2025,32.2,24.9,39.8,0.1,,1007.7,,Malegaon
5/1/2025,29.2,24.6,35.8,82.8,,1005.3,,Malegaon
6/1/2025,27.7,24.2,32.9,207.4,,1003.6,,Malegaon
7/1/2025,26,23.5,29.8,129.9,,1003.7,,Malegaon
8/1/2025,25.5,22.8,29.7,236.8,,1005.9,,Malegaon
9/1/2025,24.8,22,29,349.9,,1007.3,,Malegaon
10/1/2025,24.5,20.5,29.6,116.8,,1010.4,,Malegaon
11/1/2025,21.4,15.8,28,7.5,,1014.8,,Malegaon
12/1/2025,19.1,12.7,26.9,0,,1015.8,,Malegaon
1/1/2020,15.3,9.8,21.2,,,1016,,Gaya
2/1/2020,17.6,10.9,24.4,,,1016.3,,Gaya
3/1/2020,23.1,17.2,29.3,,,1012.2,,Gaya
4/1/2020,28.6,20.9,33.8,,,1007.9,,Gaya
5/1/2020,29.6,,,,,,,Gaya
6/1/2020,29.9,25.8,32.4,,,1000.2,,Gaya
7/1/2020,29.2,26.2,33.1,,,1001.2,,Gaya
8/1/2020,29.6,25.8,32.9,,,999,,Gaya
9/1/2020,29.2,25.1,32.8,,,1003.9,,Gaya
10/1/2020,27.3,,,,,1007.5,,Gaya
11/1/2020,20.4,13.7,28,,,1015.3,,Gaya
12/1/2020,16.2,10.4,22.6,,,1015.6,,Gaya
1/1/2021,15,9.4,21.6,,,1015,,Gaya
2/1/2021,18.9,11.1,27.4,5.5,,1014.2,,Gaya
3/1/2021,25.2,17,33.7,2,,1010.1,,Gaya
4/1/2021,30.3,21.2,38.9,0.1,,1007.2,,Gaya
5/1/2021,29.5,24.4,34.6,113,,1004.2,,Gaya
6/1/2021,29.2,25.7,33.2,290.2,,1000.5,,Gaya
7/1/2021,29.5,26.6,33.4,163,,999.9,,Gaya
8/1/2021,29,26.2,32.8,251.6,,1002.4,,Gaya
9/1/2021,28.5,25.7,32.1,185.1,,1004.4,,Gaya
10/1/2021,26.4,22.5,31.1,107,,1008.6,,Gaya
11/1/2021,20.3,14.4,27.7,0,,1013.3,,Gaya
12/1/2021,16.7,10.6,23.9,27.1,,1016.9,,Gaya
1/1/2022,15.2,10.6,20.5,19.7,,1015.9,,Gaya
2/1/2022,17.6,10.9,24.9,19.1,,1013.2,,Gaya
3/1/2022,25.3,17.2,33.6,0,,1009,,Gaya
4/1/2022,32.1,23.4,40.8,0.2,,1004.5,,Gaya
5/1/2022,32.4,25.9,38.6,,,1000.9,,Gaya
6/1/2022,33.5,27.7,39.2,89,,999.6,,Gaya
7/1/2022,31.1,26.6,35.9,93.4,,1000.8,,Gaya
8/1/2022,29.3,25.4,33.3,325.8,,1001.2,,Gaya
9/1/2022,28.5,25,33,156.1,,1004.8,,Gaya
10/1/2022,26,21.3,31.6,68.9,,1010.7,,Gaya
11/1/2022,20.2,13.5,28.4,0,,1013.9,,Gaya
12/1/2022,16.5,9.9,25,0,,1014.6,,Gaya
1/1/2023,15.2,9.3,22.4,0,,1016.9,,Gaya
2/1/2023,19.8,11.8,28.2,0,,1013.8,,Gaya
3/1/2023,24.3,16.8,32,22.5,,1012,,Gaya
4/1/2023,29.6,21.2,37.5,13.2,,1007.7,,Gaya
5/1/2023,32.1,24.5,38.8,9.7,,1005.1,,Gaya
6/1/2023,34.3,28.4,39.9,54.6,,999.7,,Gaya
7/1/2023,30.6,26.8,35,157.8,,1001,,Gaya
8/1/2023,29.1,26.4,32.1,215.3,,1001.7,,Gaya
9/1/2023,28.9,25.6,33,162.3,,1003.7,,Gaya
10/1/2023,26,21.4,31.4,99.2,,1010.9,,Gaya
11/1/2023,21.7,15.9,28.9,0.8,,1015.2,,Gaya
12/1/2023,17.3,12.1,23.9,24.5,,1016.9,,Gaya
1/1/2024,13.9,8.8,20.1,2.7,,1017.8,,Gaya
2/1/2024,18.3,12.3,25.2,22,,1016.4,,Gaya
3/1/2024,23.4,16.3,31.1,24.7,,1012.4,,Gaya
4/1/2024,31.8,23.5,39.3,6,,1006.2,,Gaya
5/1/2024,32.7,26.6,39.3,6.2,,1002.8,,Gaya
6/1/2024,35,29.3,41.1,133,,999.2,,Gaya
7/1/2024,30.3,27.1,34.5,251,,998.2,,Gaya
8/1/2024,31.2,27.4,34.4,,,,,Gaya
9/1/2024,30.9,27.4,34.1,,,1003.2,,Gaya
10/1/2024,26.4,22.8,31.6,31.5,,1009.7,,Gaya
11/1/2024,21.7,16.6,29.1,0.7,,1014.1,,Gaya
12/1/2024,17.2,11.5,25.2,,,1015.6,,Gaya
1/1/2025,15.3,10.3,22.4,0.5,,1015.9,,Gaya
2/1/2025,19.8,12.8,28.1,0,,1014.4,,Gaya
3/1/2025,24.5,17,32.9,,,,,Gaya
4/1/2025,30,23,37.8,19.1,,1006.8,,Gaya
5/1/2025,31.4,25.8,37.9,109.1,,1003,,Gaya
6/1/2025,30.9,26.8,36.1,255.8,,1000,,Gaya
7/1/2025,29.1,25.8,32.7,294.7,,998.6,,Gaya
8/1/2025,28.6,26,32.1,179.4,,1003,,Gaya
9/1/2025,28.6,25.9,32.5,179.8,,1004.8,,Gaya
10/1/2025,25.7,22.5,30,167.6,,1010.3,,Gaya
11/1/2025,19,13.6,26.9,5.1,,1014.8,,Gaya
12/1/2025,14.2,9.1,21.3,0,,1016.9,,Gaya
1/1/2020,,,,,,,,Jalgaon
2/1/2020,,,,,,,,Jalgaon
3/1/2020,,,,,,,,Jalgaon
4/1/2020,,,,,,,,Jalgaon
5/1/2020,,,,,,,,Jalgaon
6/1/2020,,,,,,,,Jalgaon
7/1/2020,,,,,,,,Jalgaon
8/1/2020,,,,,,,,Jalgaon
9/1/2020,,,,,,,,Jalgaon
10/1/2020,,,,,,,,Jalgaon
11/1/2020,,,,,,,,Jalgaon
12/1/2020,,,,,,,,Jalgaon
1/1/2021,24.2,17.2,31.2,,,1012.5,,Jalgaon
2/1/2021,25,15.9,33.1,0.3,,1013.4,,Jalgaon
3/1/2021,29.7,20,38.1,0,,1010.3,,Jalgaon
4/1/2021,33,25.3,40.6,0,,1007.9,,Jalgaon
5/1/2021,33.4,27.5,40,2,,1004.7,,Jalgaon
6/1/2021,30.8,26.7,36.4,43.3,,1003.9,,Jalgaon
7/1/2021,28.8,25.5,33.3,168.1,,1002.3,,Jalgaon
8/1/2021,27.5,24.4,31.4,156.5,,1005,,Jalgaon
9/1/2021,26.6,24,30.8,370.8,,1004.3,,Jalgaon
10/1/2021,25.6,21.1,32,69.5,,1009.4,,Jalgaon
11/1/2021,25,19.3,31.6,11.9,,1011.3,,Jalgaon
12/1/2021,21.6,15.8,28.2,31.2,,1015.1,,Jalgaon
1/1/2022,20.6,14.3,27.6,2.3,,1014.2,,Jalgaon
2/1/2022,23.9,14.8,32.4,0,,1011.7,,Jalgaon
3/1/2022,30.1,21.2,38.4,2,,1009.1,,Jalgaon
4/1/2022,34.6,26.4,42.9,0,,1006.2,,Jalgaon
5/1/2022,35,27.8,42.2,,,1002.7,,Jalgaon
6/1/2022,31.5,26.4,38,118.5,,1002.9,,Jalgaon
7/1/2022,26.5,24.2,30.2,545.1,,1002.7,,Jalgaon
8/1/2022,26.7,24,31,229.7,,1003.3,,Jalgaon
9/1/2022,26.5,23.7,31.4,240.4,,1006.1,,Jalgaon
10/1/2022,25.5,20.8,32.3,92.4,,1010.5,,Jalgaon
11/1/2022,23.5,16.5,31.5,0,,1013.5,,Jalgaon
12/1/2022,23.4,17.6,30.7,17.1,,1012.9,,Jalgaon
1/1/2023,21.2,14.3,28.9,3,,1014.7,,Jalgaon
2/1/2023,23.5,14,34.1,0,,1013.9,,Jalgaon
3/1/2023,26.9,19.9,34.8,20.1,,1011.7,,Jalgaon
4/1/2023,30.9,24.1,38.7,18.3,,1008.8,,Jalgaon
5/1/2023,33.6,26.7,40.8,2,,1006.9,,Jalgaon
6/1/2023,32.3,27.5,38.4,104.6,,1003.9,,Jalgaon
7/1/2023,27.2,24.8,31.1,412.6,,1003.2,,Jalgaon
8/1/2023,27,23.8,31.1,81.5,,1006.3,,Jalgaon
9/1/2023,27.1,24.1,31.5,232.7,,1005.5,,Jalgaon
10/1/2023,26.8,20.9,34.1,0,,1011.6,,Jalgaon
11/1/2023,25.1,19.5,31.9,57.7,,1013.5,,Jalgaon
12/1/2023,22.2,17.3,29,0.5,,1014.7,,Jalgaon
1/1/2024,22.4,16.3,29.7,0.5,,1014.5,,Jalgaon
2/1/2024,25.4,18.3,33.1,0,,1014.1,,Jalgaon
3/1/2024,28.8,21.2,37,0.1,,1011.2,,Jalgaon
4/1/2024,33.5,26.3,41.1,8.1,,1007.5,,Jalgaon
5/1/2024,35.4,28.8,42.6,0.6,,1003.7,,Jalgaon
6/1/2024,31.1,26.9,37.2,192.6,,1002.8,,Jalgaon
7/1/2024,27.2,25,30.8,572.2,,1000.7,,Jalgaon
8/1/2024,25.6,22.6,28.4,,,,,Jalgaon
9/1/2024,25.3,22,28.9,200.3,,,,Jalgaon
10/1/2024,26.9,22.7,32.9,91.3,,1009.6,,Jalgaon
11/1/2024,23.3,17.4,30.8,0,,1013.3,,Jalgaon
12/1/2024,21.6,16.5,28.7,,,1013.5,,Jalgaon
1/1/2025,21,15.3,29,0.2,,1013.8,,Jalgaon
2/1/2025,23.9,17.2,32.3,0,,1013.4,,Jalgaon
3/1/2025,,,,,,,,Jalgaon
4/1/2025,33.3,25.6,41.3,0.2,,1006.6,,Jalgaon
5/1/2025,30.9,26.3,36.9,33.9,,1004.1,,Jalgaon
6/1/2025,29.6,25.9,34.7,224.2,,1002.2,,Jalgaon
7/1/2025,27.1,24.6,31,165,,1002.3,,Jalgaon
8/1/2025,26.8,24.2,30.7,215.1,,1004.6,,Jalgaon
9/1/2025,26.2,23.7,30.1,318.3,,1006.1,,Jalgaon
10/1/2025,26,21.9,31.2,86.5,,1009.6,,Jalgaon
11/1/2025,22.7,17,29.5,12.4,,1014.4,,Jalgaon
12/1/2025,20.3,13.8,28.7,0,,1015.5,,Jalgaon
1/1/2020,,,,,,,,Udaipur
2/1/2020,,,,,,,,Udaipur
3/1/2020,,,,,,,,Udaipur
4/1/2020,,,,,,,,Udaipur
5/1/2020,,,,,,,,Udaipur
6/1/2020,,,,,,,,Udaipur
7/1/2020,,,,,,,,Udaipur
8/1/2020,,,,,,,,Udaipur
9/1/2020,,,,,,,,Udaipur
10/1/2020,,,,,,,,Udaipur
11/1/2020,,,,,,,,Udaipur
12/1/2020,,,,,,,,Udaipur
1/1/2021,16.2,10.3,23.7,,,1014.9,,Udaipur
2/1/2021,20.3,12.9,28.2,50,,1014.9,,Udaipur
3/1/2021,26.5,18.9,34,0,,1011.4,,Udaipur
4/1/2021,30.1,22.6,37.1,0,,1009.1,,Udaipur
5/1/2021,30.3,24.5,36.2,120.6,,1005.1,,Udaipur
6/1/2021,29.4,24.7,34.5,102.4,,1003.4,,Udaipur
7/1/2021,28.8,25.1,33,141.3,,1001.6,,Udaipur
8/1/2021,26.9,23.5,30.7,55,,1004.5,,Udaipur
9/1/2021,26.4,23.5,30,263.9,,1004.7,,Udaipur
10/1/2021,24.7,19.4,30.3,21.5,,1010.7,,Udaipur
11/1/2021,19.7,14.1,26.9,52.8,,1014,,Udaipur
12/1/2021,15.9,10.8,22.5,16.6,,1017.7,,Udaipur
1/1/2022,14.4,8.4,21.5,7.7,,1015.9,,Udaipur
2/1/2022,19.1,11.9,27,0,,1013,,Udaipur
3/1/2022,27,19.7,34.9,8.2,,1010.8,,Udaipur
4/1/2022,32.4,24.9,39.9,0.3,,1007.2,,Udaipur
5/1/2022,33.4,26.5,39.9,0.8,,1002.8,,Udaipur
6/1/2022,31.8,25.9,38,48.6,,1002.4,,Udaipur
7/1/2022,27,24,31,313.8,,1002.2,,Udaipur
8/1/2022,26.4,23.2,30.1,350,,1002.9,,Udaipur
9/1/2022,26.6,22.7,31.5,39.4,,1006.4,,Udaipur
10/1/2022,24.7,18.9,30.8,31.9,,1012,,Udaipur
11/1/2022,21.6,15.2,28.9,0,,1015.1,,Udaipur
12/1/2022,18.4,12.2,26.1,0,,1015.4,,Udaipur
1/1/2023,15.5,9.3,23.1,45.1,,1017.2,,Udaipur
2/1/2023,20.4,13.3,29,0,,1015.3,,Udaipur
3/1/2023,23.4,16.5,30.4,27,,1013,,Udaipur
4/1/2023,27.5,20.5,34.4,34.5,,1009.7,,Udaipur
5/1/2023,30.5,23.6,36.9,47.3,,1007.6,,Udaipur
6/1/2023,29.1,24.4,34.6,198.9,,1003.7,,Udaipur
7/1/2023,28.4,24.8,32,258.1,,1002.7,,Udaipur
8/1/2023,26.4,23.2,30.4,20.7,,1005.2,,Udaipur
9/1/2023,27.5,23.3,31.5,268.8,,1005.8,,Udaipur
10/1/2023,25.1,18.8,31.9,0,,1013,,Udaipur
11/1/2023,21.3,15.5,28,57.7,,1015.7,,Udaipur
12/1/2023,16.7,11.6,23.2,31,,1017.2,,Udaipur
1/1/2024,15.8,9.7,23.2,2.1,,1017,,Udaipur
2/1/2024,19.6,13.1,27.1,0.7,,1016.3,,Udaipur
3/1/2024,24.1,16.7,31.6,4,,1013.1,,Udaipur
4/1/2024,29.6,22.8,36.4,0,,1008.8,,Udaipur
5/1/2024,34.2,27.6,41.1,0.9,,1004.1,,Udaipur
6/1/2024,32.2,26.8,37.6,50.8,,1002.3,,Udaipur
7/1/2024,27.8,24.7,31.6,102.9,,999.8,,Udaipur
8/1/2024,26.2,23.7,,230.3,,,,Udaipur
9/1/2024,26.8,22.9,30.6,136.3,,,,Udaipur
10/1/2024,26.2,20.9,32.2,120.3,,1011.3,,Udaipur
11/1/2024,21.5,15.7,28.5,0,,1015.1,,Udaipur
12/1/2024,15.8,10.4,23.1,,,1016,,Udaipur
1/1/2025,16.2,10.3,23.8,2.9,,1015.9,,Udaipur
2/1/2025,20.2,14,27.8,0,,1014.8,,Udaipur
3/1/2025,,,,,,,,Udaipur
4/1/2025,32.1,24.6,39.3,0,,1007,,Udaipur
5/1/2025,30.4,25.1,37,65.3,,1003.9,,Udaipur
6/1/2025,29.7,25.4,35.6,92.6,,1001.3,,Udaipur
7/1/2025,27.1,24,30.8,278.3,,1001.1,,Udaipur
8/1/2025,25.2,22.6,28.7,246.5,,1004.4,,Udaipur
9/1/2025,25.8,22.5,29.8,152.3,,1006.4,,Udaipur
10/1/2025,23.1,19,27.8,171.1,,1011.7,,Udaipur
11/1/2025,19,14.1,25.1,3.4,,1016.2,,Udaipur
12/1/2025,18.1,12.7,25,1.2,,1017.1,,Udaipur
1/1/2020,19.4,14.4,24.3,43,,1016.2,9060,Maheshtala
2/1/2020,22,16.6,27.4,3,,1016,10740,Maheshtala
3/1/2020,27.3,22,32.5,39,,1011.9,12300,Maheshtala
4/1/2020,29.8,25.2,34.5,50,,1009,8580,Maheshtala
5/1/2020,30.2,26.1,34.2,384,,1005,11160,Maheshtala
6/1/2020,30.4,27,33.8,382,,1001.8,7020,Maheshtala
7/1/2020,30.5,27.3,33.6,348,,1001.8,6240,Maheshtala
8/1/2020,29.7,27,32.5,390,,999.4,5340,Maheshtala
9/1/2020,30.1,26.9,33.4,189,,1004.1,6420,Maheshtala
10/1/2020,29.3,25.5,33.1,107,,1006.7,7200,Maheshtala
11/1/2020,25.4,20.1,30.6,24,,1014.1,9540,Maheshtala
12/1/2020,20.7,15.2,26.1,0,,1015.1,9360,Maheshtala
1/1/2021,20.8,15.5,26.1,0,,1014.2,7380,Maheshtala
2/1/2021,23.2,17.3,29.2,1,,1013.5,10320,Maheshtala
3/1/2021,29.7,24,35.3,0,,1009.7,10860,Maheshtala
4/1/2021,31.2,26.2,36.3,45,,1008,12540,Maheshtala
5/1/2021,30.3,26.1,34.6,391,,1004.7,13140,Maheshtala
6/1/2021,29.8,26.7,32.9,402,,1001.2,6180,Maheshtala
7/1/2021,30,27.2,32.7,525,,1000.1,4860,Maheshtala
8/1/2021,29.9,27.1,32.7,229,,1002.8,4080,Maheshtala
9/1/2021,29,26.2,31.9,614,,1004.5,6000,Maheshtala
10/1/2021,29,25.4,32.8,144,,1008.4,8820,Maheshtala
11/1/2021,24.7,20,29.5,2,,1012.6,10680,Maheshtala
12/1/2021,20.9,16.3,25.3,98,,1016.2,6600,Maheshtala
1/1/2022,19.4,14.7,24.2,13,,1015.1,8400,Maheshtala
2/1/2022,22,16.9,27.1,31,,1013,10200,Maheshtala
3/1/2022,28.6,23.2,34,0,,1009,13200,Maheshtala
4/1/2022,31.3,27.4,35.2,0,,1006.1,11580,Maheshtala
5/1/2022,30.4,26.3,34.5,242,,1002.7,9780,Maheshtala
6/1/2022,30.6,27.5,33.7,116,,1001.5,5160,Maheshtala
7/1/2022,30.2,27.2,33.2,275,,1001.3,8220,Maheshtala
8/1/2022,29.9,26.9,32.9,291,,1001.1,6060,Maheshtala
9/1/2022,30,27.1,32.9,224,,1005,7560,Maheshtala
10/1/2022,28.5,24.7,32.3,105,,1009.9,10440,Maheshtala
11/1/2022,24.8,19.4,30.2,0,,1013,12960,Maheshtala
12/1/2022,21.9,16.5,27.3,0,,1013.9,9300,Maheshtala
1/1/2023,20.7,15.7,25.7,0,,1015.9,7260,Maheshtala
2/1/2023,24.6,19.5,29.7,0,,1013.2,10680,Maheshtala
3/1/2023,27.7,23.2,32.2,29,,1011.8,10080,Maheshtala
4/1/2023,31.7,26.7,36.6,50,,1007.7,12960,Maheshtala
5/1/2023,31.2,26.8,35.6,82,,1006,12300,Maheshtala
6/1/2023,31.8,28.5,35,160,,1000.9,6240,Maheshtala
7/1/2023,30.4,28,32.9,180,,1001.5,6900,Maheshtala
8/1/2023,29.7,27.2,32.1,329,,1002,3780,Maheshtala
9/1/2023,29.3,27,31.7,455,,1003.7,5580,Maheshtala
10/1/2023,28.6,25.5,31.7,181,,1010.4,9180,Maheshtala
11/1/2023,25.6,21.6,29.6,0,,1014.6,9300,Maheshtala
12/1/2023,21.5,17.3,25.6,32,,1016.1,8460,Maheshtala
1/1/2024,19,14.9,23.1,2,,1017.2,5880,Maheshtala
2/1/2024,23.7,19.6,27.8,13,,1015.8,7860,Maheshtala
3/1/2024,27.3,23.1,31.5,28,,1012,10200,Maheshtala
4/1/2024,33,28,38.1,1,,1006.2,12660,Maheshtala
5/1/2024,31,27.3,34.7,501,,1003.5,9480,Maheshtala
6/1/2024,31.8,28.7,34.9,143,,1000.6,8100,Maheshtala
7/1/2024,29.8,27.4,32.1,328,,998.4,5580,Maheshtala
8/1/2024,29.1,27,31.1,467,,1002.7,4020,Maheshtala
9/1/2024,29.9,27.5,32.2,316,,1002.9,7500,Maheshtala
10/1/2024,28.9,26.3,31.4,286,,1009,6540,Maheshtala
11/1/2024,25.1,21.1,29,0,,1013.2,9480,Maheshtala
12/1/2024,21.1,16.6,25.6,6,,1014.9,9000,Maheshtala
1/1/2025,20.1,15.5,24.7,0,,1014.9,6900,Maheshtala
2/1/2025,24.6,20.5,28.8,48,,1013.3,8460,Maheshtala
3/1/2025,28.5,24,32.9,5,,1010.2,12540,Maheshtala
4/1/2025,30.2,26.2,34.3,48,,1007.4,11280,Maheshtala
5/1/2025,30.6,26.7,34.4,178,,1003.3,10500,Maheshtala
6/1/2025,29.8,27,32.6,241,,999.8,5520,Maheshtala
7/1/2025,28.6,26.3,30.8,669,,998.3,3240,Maheshtala
8/1/2025,29,26.7,31.3,284,,1003.2,6000,Maheshtala
9/1/2025,29.8,27.1,32.5,465,,1004.5,7740,Maheshtala
10/1/2025,28.6,25.3,31.9,289,,1009.7,9180,Maheshtala
11/1/2025,24,19.4,28.7,0,,1013.6,11520,Maheshtala
12/1/2025,19.7,15.3,24.1,0,,1015.7,5460,Maheshtala
1/1/2020,,,,,,,,Tiruppur
2/1/2020,,,,,,,,Tiruppur
3/1/2020,,,,,,,,Tiruppur
4/1/2020,,,,,,,,Tiruppur
5/1/2020,,,,,,,,Tiruppur
6/1/2020,,,,,,,,Tiruppur
7/1/2020,,,,,,,,Tiruppur
8/1/2020,,,,,,,,Tiruppur
9/1/2020,,,,,,,,Tiruppur
10/1/2020,,,,,,,,Tiruppur
11/1/2020,,,,,,,,Tiruppur
12/1/2020,,,,,,,,Tiruppur
1/1/2021,19.4,15.6,24.2,,,1014.1,,Tiruppur
2/1/2021,19.8,14.8,25.8,28.6,,1015.2,,Tiruppur
3/1/2021,21.5,16.1,27.8,23.6,,1014.5,,Tiruppur
4/1/2021,21.8,18,26.6,100.2,,1014.2,,Tiruppur
5/1/2021,21.3,18.9,24.6,451,,1012.8,,Tiruppur
6/1/2021,20.3,18.3,23.2,436.7,,1013.9,,Tiruppur
7/1/2021,20,18.5,22.3,845,,1013.2,,Tiruppur
8/1/2021,20,18.2,22.6,599.1,,1013.8,,Tiruppur
9/1/2021,20.1,18.1,23.1,404.4,,1013.3,,Tiruppur
10/1/2021,20.5,18.4,23.9,489.5,,1013.1,,Tiruppur
11/1/2021,20,17.8,23.1,367.8,,1012.9,,Tiruppur
12/1/2021,19.3,14.8,24.6,111,,1016,,Tiruppur
1/1/2022,19.4,14.5,24.9,53.4,,1015.3,,Tiruppur
2/1/2022,20.1,14.6,26.3,8.1,,1014.3,,Tiruppur
3/1/2022,21.7,17,27.7,63.9,,1013.4,,Tiruppur
4/1/2022,22,18,27.1,138.9,,1013.1,,Tiruppur
5/1/2022,21.1,18.9,24.1,,,1011.8,,Tiruppur
6/1/2022,20.4,18.4,23.4,274.5,,1012.4,,Tiruppur
7/1/2022,19.8,18.1,21.9,741.7,,1012.6,,Tiruppur
8/1/2022,19.8,18.1,22.2,1101.9,,1012.1,,Tiruppur
9/1/2022,20,17.5,23.4,381.3,,1013.5,,Tiruppur
10/1/2022,19.9,17,23.8,351.3,,1014.1,,Tiruppur
11/1/2022,19.5,16.2,23.8,226,,1014.7,,Tiruppur
12/1/2022,19.2,15.5,23.9,91.6,,1014.2,,Tiruppur
1/1/2023,18.6,13,24.7,38,,1015.8,,Tiruppur
2/1/2023,19.7,14.1,26.1,5.3,,1015.6,,Tiruppur
3/1/2023,21,16.3,26.9,92.9,,1015.1,,Tiruppur
4/1/2023,22,17.8,27,179.4,,1013.7,,Tiruppur
5/1/2023,21.7,18.9,25.8,186.4,,1014.3,,Tiruppur
6/1/2023,20.9,18.8,23.9,192.7,,1013.8,,Tiruppur
7/1/2023,20,18.6,22.3,687.8,,1014.6,,Tiruppur
8/1/2023,20.4,17.4,24.3,129.8,,1015,,Tiruppur
9/1/2023,20.2,18.5,22.8,381.7,,1014.2,,Tiruppur
10/1/2023,20.6,17.7,24.9,321.8,,1015.7,,Tiruppur
11/1/2023,20.6,17.6,25.3,175.8,,1015.3,,Tiruppur
12/1/2023,20.3,17,24.8,116.2,,1015.3,,Tiruppur
1/1/2024,19.7,15.3,24.9,93.4,,1016.4,,Tiruppur
2/1/2024,21,15.8,27.3,7.6,,1016.8,,Tiruppur
3/1/2024,22.8,17.1,29.6,14.7,,1015.7,,Tiruppur
4/1/2024,24.1,18.8,30,84.6,,1013.3,,Tiruppur
5/1/2024,22.4,19.4,26.1,336.2,,1011.9,,Tiruppur
6/1/2024,21.1,19.3,23.5,581.1,,1013.1,,Tiruppur
7/1/2024,20.4,18.9,22.4,705.4,,1013.1,,Tiruppur
8/1/2024,,,,,,,,Tiruppur
9/1/2024,,,,,,,,Tiruppur
10/1/2024,20.6,18.1,24.2,428.6,,1014,,Tiruppur
11/1/2024,20.3,17.1,24.6,143.7,,1014.1,,Tiruppur
12/1/2024,20.1,16.5,24.7,,,1014.5,,Tiruppur
1/1/2025,19.6,15.3,25,35.9,,1014.7,,Tiruppur
2/1/2025,20.1,14.8,26.6,2.2,,1015.7,,Tiruppur
3/1/2025,,,,,,,,Tiruppur
4/1/2025,22,18.4,27.1,121.4,,1013.7,,Tiruppur
5/1/2025,21.2,18.7,24.5,704.5,,1012.5,,Tiruppur
6/1/2025,20.3,18.7,22.5,571.5,,1013.6,,Tiruppur
7/1/2025,19.7,18.6,21.5,808.3,,1013.7,,Tiruppur
8/1/2025,19.9,18.3,22.6,480.5,,1013.9,,Tiruppur
9/1/2025,20,18.3,22.9,233.2,,1014.1,,Tiruppur
10/1/2025,20.4,18,24,223.7,,1013.7,,Tiruppur
11/1/2025,20,16.8,24.5,102.4,,1015.7,,Tiruppur
12/1/2025,19.2,14.8,24.6,55.2,,1015.2,,Tiruppur
1/1/2020,,,,,,,,Davanagere
2/1/2020,,,,,,,,Davanagere
3/1/2020,,,,,,,,Davanagere
4/1/2020,,,,,,,,Davanagere
5/1/2020,,,,,,,,Davanagere
6/1/2020,,,,,,,,Davanagere
7/1/2020,,,,,,,,Davanagere
8/1/2020,,,,,,,,Davanagere
9/1/2020,,,,,,,,Davanagere
10/1/2020,,,,,,,,Davanagere
11/1/2020,,,,,,,,Davanagere
12/1/2020,,,,,,,,Davanagere
1/1/2021,24.5,18.6,31,,,1012,,Davanagere
2/1/2021,24.1,17.5,31.1,11.9,,1013,,Davanagere
3/1/2021,27.5,20.2,34.9,0.7,,1011.1,,Davanagere
4/1/2021,28.5,22.8,35.5,25.7,,1010.3,,Davanagere
5/1/2021,26.6,23,32,141,,1008.3,,Davanagere
6/1/2021,24.4,21.9,28.5,159.3,,1009.2,,Davanagere
7/1/2021,23.8,21.8,27,329.6,,1008.1,,Davanagere
8/1/2021,23.9,21.5,27.8,102.9,,1009.3,,Davanagere
9/1/2021,24,21.4,27.9,96.9,,1008.8,,Davanagere
10/1/2021,24.1,20.8,28.8,303.5,,1010,,Davanagere
11/1/2021,23.2,20.4,27.5,246.4,,1010.7,,Davanagere
12/1/2021,22.3,17.6,27.9,19.7,,1014.3,,Davanagere
1/1/2022,22.8,17,29.2,1.5,,1013.1,,Davanagere
2/1/2022,24.8,17.9,31.9,0,,1011.5,,Davanagere
3/1/2022,27.9,21.1,34.9,2,,1009.9,,Davanagere
4/1/2022,28.6,23.1,35.8,33.7,,1009.2,,Davanagere
5/1/2022,26.2,22.7,31.4,,,1007.3,,Davanagere
6/1/2022,24.9,22.1,29.8,136.7,,1007.8,,Davanagere
7/1/2022,23.6,21.4,27.1,192.5,,1007.9,,Davanagere
8/1/2022,23.6,21.3,27.6,251.2,,1007.9,,Davanagere
9/1/2022,23.8,21,28.2,178.2,,1009.4,,Davanagere
10/1/2022,23,19.4,27.9,146.6,,1011.4,,Davanagere
11/1/2022,23.5,18.6,29.1,33.8,,1012.6,,Davanagere
12/1/2022,23.3,18.3,29.2,36.5,,1012.4,,Davanagere
1/1/2023,23.4,16.9,30.5,0.5,,1013.8,,Davanagere
2/1/2023,26,18.7,33.5,0,,1012.9,,Davanagere
3/1/2023,27.5,20.2,35,2.6,,1011.7,,Davanagere
4/1/2023,29.1,22.1,37.1,16.2,,1009.7,,Davanagere
5/1/2023,28.7,23.3,36.2,87.4,,1009.9,,Davanagere
6/1/2023,27.1,23.4,33.2,61.8,,1008.7,,Davanagere
7/1/2023,23.7,21.8,27.1,270.2,,1009.2,,Davanagere
8/1/2023,24.8,21.6,29.6,51.6,,1010.6,,Davanagere
9/1/2023,24.8,22.1,29.8,169.1,,1009.4,,Davanagere
10/1/2023,26.6,21.4,32.7,45.5,,1012.1,,Davanagere
11/1/2023,25.4,20.9,31,108.9,,1012.9,,Davanagere
12/1/2023,24.8,19.3,31,20.8,,1013.3,,Davanagere
1/1/2024,24.9,18.9,31.4,5.3,,1013.7,,Davanagere
2/1/2024,27.3,19.9,34.9,0,,1013.5,,Davanagere
3/1/2024,29.7,22.4,37.4,0,,1011.6,,Davanagere
4/1/2024,31,24.2,38.9,3.8,,1008.8,,Davanagere
5/1/2024,28.8,24.1,35.5,91.6,,1007.3,,Davanagere
6/1/2024,25.2,22.7,29.9,202.9,,1007.9,,Davanagere
7/1/2024,24,22.1,27.1,217.6,,1007.3,,Davanagere
8/1/2024,24.5,21.1,29,,,,,Davanagere
9/1/2024,25.5,20.8,29.2,66.4,,1009.4,,Davanagere
10/1/2024,24,20.8,28.8,275.7,,1010.8,,Davanagere
11/1/2024,24,19.1,29.5,32.3,,1012.2,,Davanagere
12/1/2024,23.9,19.3,29.6,,,1012.3,,Davanagere
1/1/2025,24,17.6,30.8,0.3,,1012.9,,Davanagere
2/1/2025,26.1,18.8,33.6,0,,1012.9,,Davanagere
3/1/2025,,,,,,,,Davanagere
4/1/2025,27.1,22.3,33.8,31,,1009.8,,Davanagere
5/1/2025,25.8,22.2,30.9,154.5,,1007.6,,Davanagere
6/1/2025,24.8,22.1,29.4,157.6,,1008,,Davanagere
7/1/2025,24,21.9,27.7,177.2,,1008.2,,Davanagere
8/1/2025,23.6,21.4,27.5,235.9,,1009.3,,Davanagere
9/1/2025,23.6,21.2,27.8,137.9,,1009.7,,Davanagere
10/1/2025,24,20.7,28.8,160.3,,1010.5,,Davanagere
11/1/2025,24.4,19,30.3,26.9,,1013.5,,Davanagere
12/1/2025,22.8,16.8,29.4,11.5,,1013.8,,Davanagere
1/1/2020,29.3,24.1,34.5,0,,1011.7,,Kozhikode
2/1/2020,29.8,24.5,35.2,0,,1011.5,,Kozhikode
3/1/2020,31.3,26.5,36.2,1,,1010.3,,Kozhikode
4/1/2020,31.7,27.1,36.4,82,,1009.7,,Kozhikode
5/1/2020,31.1,27,35.2,171,,1007.5,,Kozhikode
6/1/2020,27.8,24.3,31.3,736,,1007.8,,Kozhikode
7/1/2020,27.5,24.5,30.5,633,,1007.2,,Kozhikode
8/1/2020,27.6,24.7,30.4,484,,1008.2,,Kozhikode
9/1/2020,27.5,24.4,30.5,759,,1008.3,,Kozhikode
10/1/2020,28.3,24.5,32.2,192,,1008.6,,Kozhikode
11/1/2020,29.5,25.1,33.9,124,,1009.9,,Kozhikode
12/1/2020,29,24.5,33.5,38,,1010,,Kozhikode
1/1/2021,28.6,24.1,33,97,,1009.7,,Kozhikode
2/1/2021,29,24.1,34,15,,1010.7,,Kozhikode
3/1/2021,30.2,25.9,34.5,43,,1009.5,,Kozhikode
4/1/2021,30.1,26.3,33.8,47,,1009.3,,Kozhikode
5/1/2021,28.9,25.1,32.7,757,,1007.6,,Kozhikode
6/1/2021,27.9,24.2,31.6,508,,1008.7,,Kozhikode
7/1/2021,27.3,24.4,30.1,638,,1008,,Kozhikode
8/1/2021,27.4,24.3,30.5,367,,1009.1,,Kozhikode
9/1/2021,28,24.8,31.2,342,,1008.5,,Kozhikode
10/1/2021,28.2,24.8,31.6,782,,1008.6,,Kozhikode
11/1/2021,28.2,24.7,31.6,401,,1008.4,,Kozhikode
12/1/2021,29.1,24.2,34,34,,1011.5,,Kozhikode
1/1/2022,29.2,23.8,34.6,10,,1011.1,,Kozhikode
2/1/2022,29.7,24.7,34.6,5,,1010,,Kozhikode
3/1/2022,30.8,26.2,35.5,14,,1008.8,,Kozhikode
4/1/2022,31,26.8,35.3,47,,1008.2,,Kozhikode
5/1/2022,28.9,25.4,32.3,523,,1007,,Kozhikode
6/1/2022,28.9,25.1,32.6,459,,1007.6,,Kozhikode
7/1/2022,26.8,24.1,29.4,646,,1007.7,,Kozhikode
8/1/2022,26.9,24.1,29.8,471,,1007.7,,Kozhikode
9/1/2022,28.3,24.8,31.9,329,,1009.1,,Kozhikode
10/1/2022,28.8,24.7,33,133,,1009.8,,Kozhikode
11/1/2022,29,24.7,33.4,105,,1010.5,,Kozhikode
12/1/2022,28.4,23.8,33,172,,1009.9,,Kozhikode
1/1/2023,28.5,23.1,33.9,4,,1011.7,,Kozhikode
2/1/2023,29.5,24.4,34.5,0,,1011.2,,Kozhikode
3/1/2023,30.7,25.6,35.7,0,,1010.4,,Kozhikode
4/1/2023,31.6,27.1,36.1,11,,1008.9,,Kozhikode
5/1/2023,31.7,27.3,36.2,79,,1009.1,,Kozhikode
6/1/2023,29.2,25.3,33.1,411,,1008.8,,Kozhikode
7/1/2023,27.3,24.3,30.4,751,,1009.5,,Kozhikode
8/1/2023,29.1,25.3,33,36,,1010.1,,Kozhikode
9/1/2023,28.3,24.8,31.7,699,,1009.4,,Kozhikode
10/1/2023,29.4,25.3,33.4,147,,1011.2,,Kozhikode
11/1/2023,29.6,25.4,33.9,240,,1010.6,,Kozhikode
12/1/2023,29.9,25.3,34.5,41,,1010.5,,Kozhikode
1/1/2024,29.5,24.8,34.1,171,,1011.9,,Kozhikode
2/1/2024,30.5,25.5,35.4,0,,1012.1,,Kozhikode
3/1/2024,31.7,27.2,36.3,0,,1011,,Kozhikode
4/1/2024,33.2,28.8,37.5,0,,1007.9,,Kozhikode
5/1/2024,30.9,27.1,34.8,551,,1006.5,,Kozhikode
6/1/2024,28.9,25.5,32.3,458,,1007.8,,Kozhikode
7/1/2024,27.3,24.3,30.4,1022,,1008,,Kozhikode
8/1/2024,28.5,25.3,31.7,278,,1008.5,,Kozhikode
9/1/2024,29.4,25.3,33.5,275,,1008.9,,Kozhikode
10/1/2024,29.2,25.4,33,305,,1009.3,,Kozhikode
11/1/2024,30.4,25.9,34.8,97,,1009.4,,Kozhikode
12/1/2024,29.2,24.9,33.6,228,,1009.9,,Kozhikode
1/1/2025,29.2,24.3,34.1,0,,1010.1,,Kozhikode
2/1/2025,30.3,25.3,35.2,0,,1011,,Kozhikode
3/1/2025,31.3,26.8,35.8,98,,1009.6,,Kozhikode
4/1/2025,31.4,27.1,35.7,112,,1008.5,,Kozhikode
5/1/2025,29.9,25.9,33.8,840,,1007.1,,Kozhikode
6/1/2025,28.3,24.8,31.7,741,,1008.4,,Kozhikode
7/1/2025,26.9,23.9,29.9,748,,1008.6,,Kozhikode
8/1/2025,27.4,24.4,30.5,417,,1009,,Kozhikode
9/1/2025,28.9,25.2,32.6,243,,1009.3,,Kozhikode
10/1/2025,28.9,25.2,32.6,298,,1009,,Kozhikode
11/1/2025,29.2,25,33.4,96,,1011.3,,Kozhikode
12/1/2025,28.2,23.3,33.2,17,,1011,,Kozhikode
1/1/2020,21.4,13.7,29.1,1,,1014.5,,Akola
2/1/2020,24.3,15.8,32.7,0,,1013.9,,Akola
3/1/2020,27.9,19.7,36.2,18,,1010.1,,Akola
4/1/2020,33.2,24.6,41.8,2,,1006.3,,Akola
5/1/2020,36.1,28.1,44,3,,1002.8,,Akola
6/1/2020,30.3,24.3,36.2,129,,1001.3,,Akola
7/1/2020,29.1,24.6,33.5,245,,1001.5,,Akola
8/1/2020,27.3,23.9,30.6,212,,1001.1,,Akola
9/1/2020,28.9,24.1,33.8,109,,1004.1,,Akola
10/1/2020,28.5,22.7,34.3,45,,1007.1,,Akola
11/1/2020,25.1,17,33.1,4,,1013.8,,Akola
12/1/2020,22.9,14.6,31.3,0,,1014.1,,Akola
1/1/2021,22.8,17.3,29.4,3,,1012.9,,Akola
2/1/2021,23.6,16.3,31.2,5.4,,1013.7,,Akola
3/1/2021,28.7,20.8,36.5,2.2,,1010.6,,Akola
4/1/2021,32.2,24.7,39.4,0.4,,1008,,Akola
5/1/2021,33.3,28.1,38.9,5.3,,1004.7,,Akola
6/1/2021,29.5,26.1,33.9,95.9,,1004,,Akola
7/1/2021,27.7,25,31.2,225.7,,1002.5,,Akola
8/1/2021,26.7,24.3,29.8,213.2,,1005,,Akola
9/1/2021,25.9,23.6,29.3,307.3,,1004.6,,Akola
10/1/2021,25.1,20.7,30.6,108.7,,1009.6,,Akola
11/1/2021,24,18.9,30,27.5,,1011.7,,Akola
12/1/2021,21.2,15.8,27.8,7,,1015.3,,Akola
1/1/2022,19.7,14.1,26.3,12.6,,1014.4,,Akola
2/1/2022,23.3,15.9,31.1,0,,1011.9,,Akola
3/1/2022,29.6,21.4,37.6,0.7,,1009.2,,Akola
4/1/2022,34.8,26.8,43.8,0,,1004.9,,Akola
5/1/2022,36.5,29.8,43.3,0,,1000.5,,Akola
6/1/2022,32.6,26.9,38.3,318,,1000.9,,Akola
7/1/2022,27.1,24.2,29.9,412,,1001.1,,Akola
8/1/2022,28.2,24.4,32,127,,1001.7,,Akola
9/1/2022,28.4,24,32.8,203,,1004.5,,Akola
10/1/2022,27.4,21.8,33,87,,1009.7,,Akola
11/1/2022,24.2,15.8,32.6,0,,1013.4,,Akola
12/1/2022,24.7,17.3,32.2,6,,1012.8,,Akola
1/1/2023,23.3,15.3,31.2,0,,1014.1,,Akola
2/1/2023,24.9,14,35.9,0,,1012.9,,Akola
3/1/2023,27.4,19.3,35.5,14,,1010.5,,Akola
4/1/2023,30.7,22.5,38.8,59,,1007.6,,Akola
5/1/2023,33.7,26,41.3,4,,1005,,Akola
6/1/2023,33.9,27.9,39.9,29,,1001.7,,Akola
7/1/2023,28.2,24.5,31.8,522,,1001.3,,Akola
8/1/2023,27.7,23.5,32,48,,1005.1,,Akola
9/1/2023,27.9,23.7,32.2,160,,1004.1,,Akola
10/1/2023,28.2,20.7,35.7,0,,1011,,Akola
11/1/2023,25.3,18.1,32.5,105,,1013.5,,Akola
12/1/2023,23.1,16.3,29.9,11,,1014.5,,Akola
1/1/2024,23.1,15.6,30.6,0,,1014.2,,Akola
2/1/2024,26,18,34,9,,1013.3,,Akola
3/1/2024,29.5,20.6,38.5,1,,1010,,Akola
4/1/2024,32.7,24.9,40.5,25,,1006.3,,Akola
5/1/2024,35.4,27.7,43.1,1,,1001.8,,Akola
6/1/2024,31.7,25.6,37.7,147,,1000.7,,Akola
7/1/2024,27.6,24.1,31.1,438,,998.7,,Akola
8/1/2024,27.8,24.1,31.5,232,,1003.5,,Akola
9/1/2024,28.5,24.6,32.4,116,,1003.9,,Akola
10/1/2024,26.6,22.3,32,75,,1010.1,,Akola
11/1/2024,23.1,17.1,29.7,0,,1013.6,,Akola
12/1/2024,22.1,16.6,28.7,9,,1013.7,,Akola
1/1/2025,22.3,15.7,29.8,0.2,,1014,,Akola
2/1/2025,25.9,18.9,33.5,0,,1013.3,,Akola
3/1/2025,30.5,21,39.9,0,,1009.1,,Akola
4/1/2025,33.3,26.3,40.6,0.9,,1006.7,,Akola
5/1/2025,31.5,26.4,37.6,73.8,,1004.1,,Akola
6/1/2025,29.8,26,34.8,186.5,,1002.3,,Akola
7/1/2025,26.8,24.5,30,255.3,,1002.3,,Akola
8/1/2025,26.5,23.9,30.1,333.3,,1004.7,,Akola
9/1/2025,26,23.2,30,338.6,,1006,,Akola
10/1/2025,25.9,21.9,30.7,93.1,,1009.8,,Akola
11/1/2025,21.5,15.9,27.9,3.6,,1014.6,,Akola
12/1/2025,19.4,12.4,27.5,0,,1015.7,,Akola
1/1/2020,,,,,,,,Shimla
2/1/2020,,,,,,,,Shimla
3/1/2020,,,,,,,,Shimla
4/1/2020,,,,,,,,Shimla
5/1/2020,,,,,,,,Shimla
6/1/2020,,,,,,,,Shimla
7/1/2020,,,,,,,,Shimla
8/1/2020,,,,,,,,Shimla
9/1/2020,,,,,,,,Shimla
10/1/2020,,,,,,,,Shimla
11/1/2020,,,,,,,,Shimla
12/1/2020,,,,,,,,Shimla
1/1/2021,7.8,3,14.8,,,1015.7,,Shimla
2/1/2021,10.1,4.7,16.8,36.6,,1016.9,,Shimla
3/1/2021,14.5,8.8,21.7,31.3,,1014.6,,Shimla
4/1/2021,16.6,10.5,23.6,97.3,,1012.9,,Shimla
5/1/2021,19.2,13.8,24.9,44.5,,1009,,Shimla
6/1/2021,21.4,17,26.2,70.1,,1005.5,,Shimla
7/1/2021,22,19.1,25.6,359.1,,1004.5,,Shimla
8/1/2021,20.9,18,24.4,164.5,,1006.6,,Shimla
9/1/2021,19.9,16.9,23.7,118.1,,1010.3,,Shimla
10/1/2021,16.4,11.7,22.3,132.5,,1012.8,,Shimla
11/1/2021,11.4,6.8,17.8,7.1,,1015.8,,Shimla
12/1/2021,7,2.7,13.2,18.4,,1019,,Shimla
1/1/2022,5.7,1.4,11,187.1,,1016.2,,Shimla
2/1/2022,7,1.7,13.8,109.4,,1014.9,,Shimla
3/1/2022,15.7,9.9,22.6,12.8,,1013.1,,Shimla
4/1/2022,20.8,14.4,27.7,3.5,,1010.2,,Shimla
5/1/2022,21.7,15.6,27.9,20.1,,1006.4,,Shimla
6/1/2022,23.5,18.2,28.9,89.3,,1005.2,,Shimla
7/1/2022,21.5,19,24.7,274.2,,1006.1,,Shimla
8/1/2022,21,18.1,24.7,154,,1006.4,,Shimla
9/1/2022,19.3,15.6,23.9,166.4,,1010.7,,Shimla
10/1/2022,16.1,11.2,22.3,53,,1016.6,,Shimla
11/1/2022,12.5,7.6,19.7,20.3,,1018.1,,Shimla
12/1/2022,9.7,4.7,16.8,1.2,,1017.4,,Shimla
1/1/2023,7.6,2.3,14.2,133.3,,1018.7,,Shimla
2/1/2023,11.4,5.9,18.7,36.6,,1017.2,,Shimla
3/1/2023,12.8,7.2,19.4,93.6,,1016.8,,Shimla
4/1/2023,16,10,22.7,86,,1014.6,,Shimla
5/1/2023,18.6,13.2,24.9,70.9,,1012.4,,Shimla
6/1/2023,21.4,16.6,26.3,112.4,,1008.1,,Shimla
7/1/2023,21.3,18.4,24.9,424.9,,1008,,Shimla
8/1/2023,21.3,18,25.4,274.6,,1008.1,,Shimla
9/1/2023,20.5,16.2,25.8,80.2,,1011.5,,Shimla
10/1/2023,16.3,11.2,23.3,23.4,,1016.9,,Shimla
11/1/2023,12.7,7.8,19.8,13,,1019.5,,Shimla
12/1/2023,9.4,4.5,16.5,3.1,,1019.2,,Shimla
1/1/2024,8,3,15.2,14.6,,1018.4,,Shimla
2/1/2024,8,2.5,14.5,82.7,,1018.3,,Shimla
3/1/2024,12.5,6.9,19,102.7,,1016.2,,Shimla
4/1/2024,17.4,11,24,45.8,,1013.2,,Shimla
5/1/2024,23.3,16.4,29.3,9.7,,1009.7,,Shimla
6/1/2024,25.3,20.1,30.3,67.7,,1006.2,,Shimla
7/1/2024,22.6,19.5,26.2,141.8,,1004.3,,Shimla
8/1/2024,,,,,,,,Shimla
9/1/2024,,,,,,,,Shimla
10/1/2024,17.7,12.4,24.1,3.8,,1014.9,,Shimla
11/1/2024,13.2,8.2,20.4,0,,1018.1,,Shimla
12/1/2024,,,,,,,,Shimla
1/1/2025,9.1,3.2,16.7,13.8,,1017.5,,Shimla
2/1/2025,9.5,3.6,16.6,113.8,,1017.3,,Shimla
3/1/2025,,,,,,,,Shimla
4/1/2025,18.7,11.3,26.2,23.9,,1011.1,,Shimla
5/1/2025,20.2,14,26.5,91,,1007.5,,Shimla
6/1/2025,22.1,17.4,27.2,119.1,,1004.7,,Shimla
7/1/2025,21.7,18.8,25.5,206.1,,1005,,Shimla
8/1/2025,20.8,18,24.8,321.1,,1007.4,,Shimla
9/1/2025,19.8,16.3,24.3,150.9,,1009.4,,Shimla
10/1/2025,15.9,10.6,22.6,61.5,,1015.1,,Shimla
11/1/2025,11.6,6.1,19.4,2.4,,1017.8,,Shimla
12/1/2025,10.9,6.4,18.3,0,,1017.9,,Shimla
